signal,horizon_s,population,purge_s,rows,anchors,bootstrap_block_s,bootstrap_blocks,demean_blocks,mid_ticks_mean,raw_signed_markout_mean_ticks,raw_signed_markout_median_ticks,raw_signed_markout_mean_bps,raw_hit_rate,raw_moved_rows,raw_unconditional_mean_ticks,demeaned_signed_markout_mean_ticks,demeaned_signed_markout_median_ticks,demeaned_signed_markout_mean_bps,demeaned_hit_rate,demeaned_moved_rows,demeaned_unconditional_mean_ticks
obi_l1,1,oof_scored_purged,61.0,2136488,213651,1800.0,120,120,673768.5365995503,7.882311999880177,0.0,0.11406241386940079,0.7421380818868937,600267,0.4062632226345292,7.850830891417997,0.06833333333333333,0.11358217739732039,0.5443882671000259,2136488,-2.5541768597050717e-17
obi_l1,1,full_corpus,61.0,2570299,257034,1800.0,143,143,668552.3034357092,6.9607691556507625,0.0,0.10115290892846031,0.7507939444153413,643307,0.3308375795967706,6.928228899925302,0.0415,0.10065552983460223,0.5377313418808105,2553580,-6.510799915738162e-17
obi_l1,2,oof_scored_purged,62.0,2136328,106818,1800.0,120,120,673768.1412561648,10.839327809212817,0.0,0.15743930101202325,0.6994565393649896,863356,0.81394078999105,10.776672318288838,0.20966666666666667,0.15648312356917385,0.558124501481046,2136328,3.0993000273866734e-16
obi_l1,2,full_corpus,62.0,2570219,128515,1800.0,143,143,668551.8518781862,9.735372160893682,0.0,0.1421317055626001,0.7109128669172188,938461,0.6616936144351901,9.670472126561442,0.15805555555555556,0.14113950188193758,0.5529443210870357,2570219,1.9533007707851213e-16
obi_l1,5,oof_scored_purged,65.0,2135848,42720,1800.0,120,120,673766.9583914679,15.126435963607896,0.0,0.2210642923946761,0.6478385513212227,1251568,2.0353964795247603,14.971134975991216,0.8222222222222222,0.21869326748023415,0.5669481161580787,2135848,-5.791202344039381e-17
obi_l1,5,full_corpus,65.0,2569979,51404,1800.0,143,143,668550.498954077,14.013604002211691,0.0,0.20612270859349047,0.6630131187350639,1398458,1.6524557204553034,13.851751291458829,0.7254444444444444,0.20364748953905548,0.5681544479546331,2569979,1.6137469761755067e-16
obi_l1,10,oof_scored_purged,70.0,2135048,21352,1800.0,120,120,673765.0010957599,18.053827127071617,0.0,0.26499692845066974,0.6120659721652442,1523491,4.0575865273286595,17.742631990836063,1.8666666666666667,0.2602454418624549,0.561431874131167,2135048,6.815732118606632e-17
obi_l1,10,full_corpus,70.0,2569579,25699,1800.0,143,143,668548.2549575241,17.24833250894407,0.0,0.2551213308428855,0.6281100828363211,1746939,3.2930279629464594,16.926064790123224,1.9584444444444444,0.25019112206037125,0.5688850196861043,2569579,5.436625462471548e-16
obi_l1,30,oof_scored_purged,90.0,2131848,7108,1800.0,120,120,673757.235746404,21.97395639839238,0.0,0.32455766811317704,0.5691579703227859,1860552,12.479759344943917,21.06836138052082,6.83897250198031,0.31071236175029543,0.5476609964687914,2131848,1.6109272302221251e-15
obi_l1,30,full_corpus,90.0,2567979,8563,1800.0,143,143,668539.2743760755,21.76310281353547,0.0,0.32417981861569845,0.5808501799992661,2207509,9.852075503732701,20.808917601201127,8.446833333333334,0.30957938563063164,0.5580614171689099,2567979,-7.026683194517905e-16
obi_l1,60,oof_scored_purged,120.0,2127048,3547,1800.0,120,120,673745.7859688639,20.197075712442786,7.0,0.30009704124230485,0.5451029144912415,2002099,24.465655217935844,18.527044040584435,11.021527777777777,0.2745228694853641,0.5337336063878201,2127048,3.530145186115826e-15
obi_l1,60,full_corpus,120.0,2565579,4279,1800.0,143,143,668525.8017658002,20.436509068713143,8.0,0.30621583464890023,0.5513715056583977,2401740,19.686128160543877,18.656168260760644,11.806138888888889,0.27890454532065495,0.5392774886292724,2565579,4.083826288110455e-16
obi_l1,120,oof_scored_purged,180.0,2117470,1767,1800.0,120,120,673722.7158760219,20.13351357988543,12.0,0.2996724000494267,0.5254437130339277,2080455,48.30353605954276,17.249423515585242,11.947555555555555,0.2553447773646454,0.51849565755359,2117470,-3.8484949151040804e-16
obi_l1,120,full_corpus,180.0,2560801,2137,1800.0,143,143,668499.0629861515,19.500041393298424,11.0,0.2921486336402637,0.527932283346019,2510697,39.291251448277315,16.24712545669572,11.111833333333337,0.24212684533954018,0.5203754606468836,2560801,3.409538319072865e-15
obi_l1,300,oof_scored_purged,360.0,2090470,700,3600.0,60,119,673671.0912883227,17.547318306409565,15.0,0.26061550300163994,0.5127958927355877,2086060,117.74743215640503,12.26488572192078,3.626138888888889,0.17863223682433876,0.5054552325553584,2090470,-6.7940076934306864e-15
obi_l1,300,full_corpus,360.0,2548201,854,3600.0,72,143,668437.8471388246,15.774571943108098,16.0,0.2358355649012818,0.5142822877140554,2543150,96.8794223846549,9.346762392411293,3.3811944444444464,0.1366785191621306,0.5052176025360636,2548201,-7.309647666063066e-16
obi_l1,600,oof_scored_purged,660.0,2045470,344,7200.0,30,119,673585.8496088919,13.219816716940361,7.0,0.1996880476713437,0.506430305945229,2041738,210.98616723784752,5.6643584172734505,3.381055555555548,0.08120426877724304,0.5023202491358955,2045470,-6.032855096215095e-15
obi_l1,600,full_corpus,660.0,2527201,426,7200.0,36,143,668339.5262127944,11.227852078247832,10.0,0.17151964050249474,0.5081437600833497,2523343,185.0934349899355,2.704025617291448,0.8458611111111125,0.03803766500099765,0.5004762185516705,2527201,1.105558174378071e-15
obi_l5,1,oof_scored_purged,61.0,2136488,213651,1800.0,120,120,673768.5365995503,7.962828014947895,0.0,0.11519559605532462,0.7402922366213701,600267,0.4062632226345292,7.931170984202924,0.07005555555555555,0.11471294824607102,0.5462511373805985,2136488,-2.5541768597050717e-17
obi_l5,1,full_corpus,61.0,2570299,257034,1800.0,143,143,668552.3034357092,7.032544657255829,0.0,0.10216789289182171,0.7490358413634548,643307,0.3308375795967706,7.000097806724277,0.042388888888888886,0.10167218495274986,0.5393897978524268,2553580,-6.510799915738162e-17
obi_l5,2,oof_scored_purged,62.0,2136328,106818,1800.0,120,120,673768.1412561648,10.93828288539962,0.0,0.15883291990490872,0.6978685501693391,863356,0.81394078999105,10.875333860077541,0.20966666666666667,0.1578727677936759,0.5598424024775221,2136328,3.0993000273866734e-16
obi_l5,2,full_corpus,62.0,2570219,128515,1800.0,143,143,668551.8518781862,9.830376322017695,0.0,0.14348429362884454,0.7094274562288684,938461,0.6616936144351901,9.76570907420899,0.15955555555555556,0.14249609278712677,0.5545099464286896,2570219,1.9533007707851213e-16
obi_l5,5,oof_scored_purged,65.0,2135848,42720,1800.0,120,120,673766.9583914679,15.16227887003195,0.0,0.22156660714399787,0.6472552829730386,1251568,2.0353964795247603,15.005775449472331,0.8222222222222222,0.2191785499396781,0.5689505994808619,2135848,-5.791202344039381e-17
obi_l5,5,full_corpus,65.0,2569979,51404,1800.0,143,143,668550.498954077,14.070486957286422,0.0,0.20695971572922647,0.6624489258883713,1398458,1.6524557204553034,13.908927511443997,0.7596666666666667,0.20449015632815204,0.5699688596677249,2569979,1.6137469761755067e-16
obi_l5,10,oof_scored_purged,70.0,2135048,21352,1800.0,120,120,673765.0010957599,18.02014732221477,0.0,0.264448307727843,0.6119530735659088,1523491,4.0575865273286595,17.705958461711152,1.8666666666666667,0.25965410611215173,0.5633831183186514,2135048,6.815732118606632e-17
obi_l5,10,full_corpus,70.0,2569579,25699,1800.0,143,143,668548.2549575241,17.261175857990743,0.0,0.25529906000203195,0.6280471155546931,1746939,3.2930279629464594,16.938847553221414,1.9584444444444444,0.25037059546714885,0.5706031999794519,2569579,5.436625462471548e-16
obi_l5,30,oof_scored_purged,90.0,2131848,7108,1800.0,120,120,673757.235746404,22.208243974242066,0.0,0.3277357305263495,0.56982067687439,1860552,12.479759344943917,21.292823529704485,7.060666666666667,0.31375040740476007,0.5493501412858703,2131848,1.6109272302221251e-15
obi_l5,30,full_corpus,90.0,2567979,8563,1800.0,143,143,668539.2743760755,22.13137743727655,1.0,0.3295074831108146,0.5819034033383329,2207509,9.852075503732701,21.175303712204677,8.446833333333334,0.314886372107694,0.559991339493041,2567979,-7.026683194517905e-16
obi_l5,60,oof_scored_purged,120.0,2127048,3547,1800.0,120,120,673745.7859688639,21.001827650339813,8.0,0.31177049449777505,0.5460344368585169,2002099,24.465655217935844,19.285745658376438,11.37813888888889,0.28553390686640906,0.5354839194978205,2127048,3.530145186115826e-15
obi_l5,60,full_corpus,120.0,2565579,4279,1800.0,143,143,668525.8017658002,21.323792601981854,9.0,0.31931985837418175,0.5526114400393048,2401740,19.686128160543877,19.513774584154454,12.5525,0.29158998418161325,0.5412193504857967,2565579,4.083826288110455e-16
obi_l5,120,oof_scored_purged,180.0,2117470,1767,1800.0,120,120,673722.7158760219,20.961493197070087,12.0,0.31183142880572307,0.5252259722031959,2080455,48.30353605954276,17.93965150193194,12.339444444444439,0.26551101007317857,0.5188470202647499,2117470,-3.8484949151040804e-16
obi_l5,120,full_corpus,180.0,2560801,2137,1800.0,143,143,668499.0629861515,20.40796668698583,12.0,0.30570033114293865,0.5281222704292872,2510697,39.291251448277315,17.058624234305267,11.813666666666666,0.25429897683235964,0.5212310523152717,2560801,3.409538319072865e-15
obi_l5,300,oof_scored_purged,360.0,2090470,700,3600.0,60,119,673671.0912883227,17.835858443316575,15.0,0.26444004141159055,0.5125073104321065,2086060,117.74743215640503,12.039510986685185,3.2076944444444564,0.17516170693140143,0.5047888752290155,2090470,-6.7940076934306864e-15
obi_l5,300,full_corpus,360.0,2548201,854,3600.0,72,143,668437.8471388246,16.308362056211422,15.0,0.2436273823090721,0.5141399445569471,2543150,96.8794223846549,9.464482185067416,3.1353611111111377,0.1385410364815569,0.5047615945523921,2548201,-7.309647666063066e-16
obi_l5,600,oof_scored_purged,660.0,2045470,344,7200.0,30,119,673585.8496088919,14.12352051117836,8.0,0.21297250975600135,0.5068475974880224,2041738,210.98616723784752,4.963831411379366,4.861777777777775,0.07146597397355305,0.5038020601622121,2045470,-6.032855096215095e-15
obi_l5,600,full_corpus,660.0,2527201,426,7200.0,36,143,668339.5262127944,12.193659704946302,10.0,0.1858598801615947,0.5083724249933521,2523343,185.0934349899355,2.237433581782567,2.320916666666676,0.031649440632770844,0.5014290513496947,2527201,1.105558174378071e-15
obi_l10,1,oof_scored_purged,61.0,2136488,213651,1800.0,120,120,673768.5365995503,8.014817541685233,0.0,0.11593290624872633,0.7384530550571662,600267,0.4062632226345292,7.981507282403635,0.07005555555555555,0.11542681686878947,0.5460227251451916,2136488,-2.5541768597050717e-17
obi_l10,1,full_corpus,61.0,2570299,257034,1800.0,143,143,668552.3034357092,7.072461803082054,0.0,0.10272985843484353,0.7470103698545174,643307,0.3308375795967706,7.038920009770389,0.042388888888888886,0.10221912917981059,0.5397406777935291,2553580,-6.510799915738162e-17
obi_l10,2,oof_scored_purged,62.0,2136328,106818,1800.0,120,120,673768.1412561648,11.03461102414985,0.0,0.16021848569569716,0.6967647181463962,863356,0.81394078999105,10.968373140058919,0.20966666666666667,0.15921169098172547,0.5596163135997843,2136328,3.0993000273866734e-16
obi_l10,2,full_corpus,62.0,2570219,128515,1800.0,143,143,668551.8518781862,9.90371851581519,0.0,0.1445313015317717,0.7080965538258915,938461,0.6616936144351901,9.836867319665023,0.15955555555555556,0.14351310919268795,0.5548511624884883,2570219,1.9533007707851213e-16
obi_l10,5,oof_scored_purged,65.0,2135848,42720,1800.0,120,120,673766.9583914679,15.324921295897461,0.0,0.22391756546043512,0.6467527133963157,1251568,2.0353964795247603,15.16006148795229,0.8222222222222222,0.2214108836123648,0.5690554758578326,2135848,-5.791202344039381e-17
obi_l10,5,full_corpus,65.0,2569979,51404,1800.0,143,143,668550.498954077,14.189606024018095,0.0,0.20866636292849572,0.6616244463544847,1398458,1.6524557204553034,14.022419891449555,0.7596666666666667,0.2061192565211327,0.5704151668165381,2569979,1.6137469761755067e-16
obi_l10,10,oof_scored_purged,70.0,2135048,21352,1800.0,120,120,673765.0010957599,18.213272020113834,0.0,0.26726773079969984,0.6114883514244587,1523491,4.0575865273286595,17.882200435547226,1.8666666666666667,0.2622343786989016,0.563884746385093,2135048,6.815732118606632e-17
obi_l10,10,full_corpus,70.0,2569579,25699,1800.0,143,143,668548.2549575241,17.40828808921617,0.0,0.25743836285192273,0.6271941951035497,1746939,3.2930279629464594,17.074300055902622,1.9584444444444444,0.25234880010791333,0.5711484254813727,2569579,5.436625462471548e-16
obi_l10,30,oof_scored_purged,90.0,2131848,7108,1800.0,120,120,673757.235746404,22.58728131649161,0.0,0.33330215901242244,0.570186159806337,1860552,12.479759344943917,21.61603909039873,7.449611111111111,0.31853220931981335,0.550651828835827,2131848,1.6109272302221251e-15
obi_l10,30,full_corpus,90.0,2567979,8563,1800.0,143,143,668539.2743760755,22.51652583607576,1.0,0.3352357641840472,0.5824959264039241,2207509,9.852075503732701,21.5215204372942,8.61588888888889,0.32007527687482423,0.5614119118575347,2567979,-7.026683194517905e-16
obi_l10,60,oof_scored_purged,120.0,2127048,3547,1800.0,120,120,673745.7859688639,21.640900440422595,8.0,0.32098670202491436,0.5464190332246307,2002099,24.465655217935844,19.791255136091774,11.532972222222213,0.2928661954303597,0.536427010579921,2127048,3.530145186115826e-15
obi_l10,60,full_corpus,120.0,2565579,4279,1800.0,143,143,668525.8017658002,22.06111018214602,10.0,0.33019322419126823,0.5535328553465404,2401740,19.686128160543877,20.149117147348438,12.793000000000006,0.3010354956941993,0.5426420312919618,2565579,4.083826288110455e-16
obi_l10,120,oof_scored_purged,180.0,2117470,1767,1800.0,120,120,673722.7158760219,21.432814396425922,12.0,0.31860970396769056,0.5258599681319711,2080455,48.30353605954276,18.07633755708716,12.790333245890167,0.2675530428312414,0.5195761923427487,2117470,-3.8484949151040804e-16
obi_l10,120,full_corpus,180.0,2560801,2137,1800.0,143,143,668499.0629861515,21.025685322678335,12.0,0.3148393175101003,0.5289873688461809,2510697,39.291251448277315,17.410961488524272,12.37063888888889,0.25968547952091897,0.5224447350653174,2560801,3.409538319072865e-15
obi_l10,300,oof_scored_purged,360.0,2090470,700,3600.0,60,119,673671.0912883227,18.528582328375915,15.0,0.2751434303825792,0.5126698177425386,2086060,117.74743215640503,11.763961358405345,3.725805555555553,0.1720000757901552,0.5053064621831455,2090470,-6.7940076934306864e-15
obi_l10,300,full_corpus,360.0,2548201,854,3600.0,72,143,668437.8471388246,16.923018631575765,16.0,0.25318025468532257,0.5142732438118082,2543150,96.8794223846549,9.209190298202914,3.715583333333342,0.13561162317937997,0.5053910582406961,2548201,-7.309647666063066e-16
obi_l10,600,oof_scored_purged,660.0,2045470,344,7200.0,30,119,673585.8496088919,15.911342380968676,10.0,0.2398223828180751,0.5079353962163607,2041738,210.98616723784752,4.505413119659132,6.532083333333333,0.06579662836640393,0.5045495656255041,2045470,-6.032855096215095e-15
obi_l10,600,full_corpus,660.0,2527201,426,7200.0,36,143,668339.5262127944,14.269114328460617,12.0,0.2173155119563085,0.5099473198847719,2523343,185.0934349899355,2.173774479126784,3.900388888888884,0.03203284396978227,0.5025409534105123,2527201,1.105558174378071e-15
direction_p2_logistic,1,oof_scored_purged,61.0,2136488,213651,1800.0,120,120,673768.5365995503,8.078979849173036,0.0,0.11689221171370821,0.7459680442203219,600267,0.4062632226345292,8.040780586350078,0.07138888888888889,0.116310024085761,0.5506770924994664,2136488,-2.5541768597050717e-17
direction_p2_logistic,2,oof_scored_purged,62.0,2136328,106818,1800.0,120,120,673768.1412561648,11.108030461614508,0.0,0.16133010124392305,0.7021425692298426,863356,0.81394078999105,11.031951828851732,0.21555555555555556,0.16017014777487615,0.5640987713497179,2136328,3.0993000273866734e-16
direction_p2_logistic,5,oof_scored_purged,65.0,2135848,42720,1800.0,120,120,673766.9583914679,15.725408128293774,0.0,0.229749293365058,0.6497193919946819,1251568,2.0353964795247603,15.537035655556593,0.8361111111111111,0.22687591588510125,0.5723398856098374,2135848,-5.791202344039381e-17
direction_p2_logistic,10,oof_scored_purged,70.0,2135048,21352,1800.0,120,120,673765.0010957599,18.696084116141652,0.0,0.2744012445666476,0.613258627717525,1523491,4.0575865273286595,18.320473518784176,1.9584444444444444,0.26867114938283776,0.566568995170132,2135048,6.815732118606632e-17
direction_p2_logistic,30,oof_scored_purged,90.0,2131848,7108,1800.0,120,120,673757.235746404,23.10817187716948,0.0,0.3412759558832899,0.5695954748913226,1860552,12.479759344943917,22.020433100029322,6.939333333333333,0.3246600149939648,0.5505430030658847,2131848,1.6109272302221251e-15
direction_p2_logistic,60,oof_scored_purged,120.0,2127048,3547,1800.0,120,120,673745.7859688639,22.052985640192418,7.0,0.32772796960116635,0.5452442661426833,2002099,24.465655217935844,19.993756568249665,11.348777777777778,0.2962683628965281,0.5353969444977265,2127048,3.530145186115826e-15
direction_p2_logistic,120,oof_scored_purged,180.0,2117470,1767,1800.0,120,120,673722.7158760219,22.433850066352772,12.0,0.33408271329697264,0.5255499397968233,2080455,48.30353605954276,18.649762427297215,12.547555555555554,0.27621816710278996,0.5187502066144974,2117470,-3.8484949151040804e-16
direction_p2_logistic,300,oof_scored_purged,360.0,2090470,700,3600.0,60,119,673671.0912883227,20.038646093940596,17.0,0.298262899424005,0.5145230722031006,2086060,117.74743215640503,12.145473787694893,6.080055555555532,0.1772797761837912,0.5068333915339612,2090470,-6.7940076934306864e-15
direction_p2_logistic,600,oof_scored_purged,660.0,2045470,344,7200.0,30,119,673585.8496088919,17.35322908671357,9.0,0.26325658541987584,0.5075058602034149,2041738,210.98616723784752,3.9763413246348747,5.586578947368423,0.05778050268364732,0.5039409035576176,2045470,-6.032855096215095e-15
direction_p2_lightgbm,1,oof_scored_purged,61.0,2136488,213651,1800.0,120,120,673768.5365995503,8.130209718004501,0.0,0.11748840579971993,0.740660406119277,600267,0.4062632226345292,8.12740548155026,0.08499137435307648,0.11743284626302629,0.5591915330205459,2136488,-2.5541768597050717e-17
direction_p2_lightgbm,2,oof_scored_purged,62.0,2136328,106818,1800.0,120,120,673768.1412561648,11.056459729030374,0.0,0.16031982692294483,0.6947933413331233,863356,0.81394078999105,11.051451462058248,0.2644444444444444,0.1602170500613014,0.5709095232567284,2136328,3.0993000273866734e-16
direction_p2_lightgbm,5,oof_scored_purged,65.0,2135848,42720,1800.0,120,120,673766.9583914679,15.1670317831606,0.0,0.221146985659521,0.6405612799304552,1251568,2.0353964795247603,15.155904480327976,0.8361111111111111,0.2209093115452423,0.5753209029856057,2135848,-5.791202344039381e-17
direction_p2_lightgbm,10,oof_scored_purged,70.0,2135048,21352,1800.0,120,120,673765.0010957599,17.73506871976649,0.0,0.2597666060811368,0.6044184048346856,1523491,4.0575865273286595,17.71406691391348,1.8666666666666667,0.2593072658842698,0.5665956924621836,2135048,6.815732118606632e-17
direction_p2_lightgbm,30,oof_scored_purged,90.0,2131848,7108,1800.0,120,120,673757.235746404,21.128130148115627,0.0,0.31125838488984914,0.562147685203101,1860552,12.479759344943917,21.153061510913787,6.483333333333333,0.3111319481785441,0.5504857757213459,2131848,1.6109272302221251e-15
direction_p2_lightgbm,60,oof_scored_purged,120.0,2127048,3547,1800.0,120,120,673745.7859688639,18.80983785979442,4.0,0.2790821372847109,0.539175135695088,2002099,24.465655217935844,18.96799025008114,10.6365,0.28047849711044553,0.5337768588202993,2127048,3.530145186115826e-15
direction_p2_lightgbm,120,oof_scored_purged,180.0,2117470,1767,1800.0,120,120,673722.7158760219,17.487974563984377,8.0,0.25986167635016744,0.5195022242730557,2080455,48.30353605954276,17.95398481885591,12.073583333333332,0.26500547275057174,0.5181938823218275,2117470,-3.8484949151040804e-16
direction_p2_lightgbm,300,oof_scored_purged,360.0,2090470,700,3600.0,60,119,673671.0912883227,11.873717154515491,11.0,0.17568562235156732,0.5087845028426795,2086060,117.74743215640503,13.283141706365146,7.006916666666669,0.19373297752437912,0.5072830511798783,2090470,-6.7940076934306864e-15
direction_p2_lightgbm,600,oof_scored_purged,660.0,2045470,344,7200.0,30,119,673585.8496088919,-5.004597231932025,1.0,-0.07077156310561068,0.5014614999573892,2041738,210.98616723784752,-0.11391064746836871,3.476388888888888,-0.002866504351400614,0.5024610480720813,2045470,-6.032855096215095e-15
sweep_dir_p4a,1,oof_scored_purged,61.0,2136488,213651,1800.0,120,120,673768.5365995503,8.575836840646893,0.0,0.12398458106078983,0.7510274594472126,600267,0.4062632226345292,8.54936547962823,0.07833333333333334,0.12357819008468128,0.5518097925193121,2136488,-2.5541768597050717e-17
sweep_dir_p4a,2,oof_scored_purged,62.0,2136328,106818,1800.0,120,120,673768.1412561648,11.730205988967986,0.0,0.17020117059612494,0.7048204911994589,863356,0.81394078999105,11.67741227899743,0.2303888888888889,0.1693903313757951,0.5647934212349415,2136328,3.0993000273866734e-16
sweep_dir_p4a,5,oof_scored_purged,65.0,2135848,42720,1800.0,120,120,673766.9583914679,16.15548274034482,0.0,0.2358003367943103,0.6508763407182031,1251568,2.0353964795247603,16.02400047412854,0.8416666666666667,0.23377991646966004,0.5730623152958451,2135848,-5.791202344039381e-17
sweep_dir_p4a,10,oof_scored_purged,70.0,2135048,21352,1800.0,120,120,673765.0010957599,18.728981737178742,0.0,0.27460044522576005,0.6136774027545946,1523491,4.0575865273286595,18.464158918156603,1.9584444444444444,0.2705304912202076,0.5668181698959461,2135048,6.815732118606632e-17
sweep_dir_p4a,30,oof_scored_purged,90.0,2131848,7108,1800.0,120,120,673757.235746404,21.814604512141578,0.0,0.3215884563239335,0.5687785130434408,1860552,12.479759344943917,21.05178792627537,7.394805555555555,0.30983530734965764,0.5503591250408096,2131848,1.6109272302221251e-15
sweep_dir_p4a,60,oof_scored_purged,120.0,2127048,3547,1800.0,120,120,673745.7859688639,20.461578206039544,7.0,0.30305747342190276,0.5447412940119345,2002099,24.465655217935844,18.998928882605853,11.348777777777778,0.2805099264290107,0.5346799884158703,2127048,3.530145186115826e-15
sweep_dir_p4a,120,oof_scored_purged,180.0,2117470,1767,1800.0,120,120,673722.7158760219,20.19987792034834,13.0,0.29999193191560125,0.5268145670057752,2080455,48.30353605954276,17.51442817981397,13.107305555555556,0.2584968134187191,0.5206973416388426,2117470,-3.8484949151040804e-16
sweep_dir_p4a,300,oof_scored_purged,360.0,2090470,700,3600.0,60,119,673671.0912883227,19.938735547508454,18.0,0.29602696907026743,0.5149674506006539,2086060,117.74743215640503,13.790200971196416,6.714694444444447,0.2010272938086086,0.5070668318607777,2090470,-6.7940076934306864e-15
sweep_dir_p4a,600,oof_scored_purged,660.0,2045470,344,7200.0,30,119,673585.8496088919,15.812077175416897,12.0,0.23722747880705988,0.509509545299152,2041738,210.98616723784752,5.576117356370688,2.607277777777881,0.07915931892043962,0.5013933228060055,2045470,-6.032855096215095e-15
