problem,feature,mean_gain,folds,gain_share
catastrophic_25_conservative,log_max_qty,30518.50586,10,0.0816566495
catastrophic_25_conservative,log_initial_qty,28331.79836,10,0.07580579924
catastrophic_25_conservative,own_concentration_l10,21017.20319,10,0.05623454839
catastrophic_25_conservative,signed_microprice_offset_ticks,12522.55189,10,0.03350588772
catastrophic_25_conservative,unexplained_removal_share,12391.61082,10,0.03315553605
catastrophic_25_conservative,own_dispersion_ticks_l10,12234.45057,10,0.03273503121
catastrophic_25_conservative,opp_concentration_l5,11656.5031,10,0.03118864967
catastrophic_25_conservative,log_cum_trade_at_quote,9921.499805,10,0.02654639895
catastrophic_25_conservative,trade_count_5000ms,9888.948648,10,0.02645930366
catastrophic_25_conservative,consumption_ratio,9645.529759,10,0.02580800143
catastrophic_25_conservative,log_cum_remove,8721.717318,10,0.02333620844
catastrophic_25_conservative,addition_ratio,8339.648628,10,0.02231392874
catastrophic_25_conservative,opp_concentration_l10,8241.879444,10,0.02205233323
catastrophic_25_conservative,signed_obi_l1,8170.810041,10,0.02186217683
catastrophic_25_conservative,opp_dispersion_ticks_l10,8068.083775,10,0.02158731794
catastrophic_25_conservative,log_opp_depth_l1,8001.606854,10,0.02140944938
catastrophic_25_conservative,own_concentration_l5,7975.972554,10,0.02134086112
catastrophic_25_conservative,replenishment_ratio,7699.185705,10,0.02060027812
catastrophic_25_conservative,log_own_depth_l1,7674.304037,10,0.02053370364
catastrophic_25_conservative,signed_trade_imbalance_5000ms,7227.865377,10,0.01933919283
catastrophic_25_conservative,log_prints_at_quote,7111.401807,10,0.01902757781
catastrophic_25_conservative,log_opp_depth_l5,6932.840073,10,0.01854981022
catastrophic_25_conservative,log_cum_replenish,6923.121824,10,0.01852380765
catastrophic_25_conservative,log_opp_depth_l10,6666.034163,10,0.01783593265
catastrophic_25_conservative,relative_remaining_qty,6281.246928,10,0.01680637909
catastrophic_25_conservative,log_cum_add,6078.439359,10,0.01626373829
catastrophic_25_conservative,backward_mid_abs_change_ticks_5000ms,5850.843377,10,0.01565477252
catastrophic_25_conservative,log_own_depth_l10,5837.752095,10,0.01561974491
catastrophic_25_conservative,removal_ratio,5315.487135,10,0.01422234994
catastrophic_25_conservative,log_replenish_events,5258.025677,10,0.01406860355
catastrophic_25_conservative,log_remove_events,4857.449333,10,0.01299680396
catastrophic_25_conservative,signed_log_volume_5000ms,4822.232881,10,0.01290257727
catastrophic_25_conservative,log_add_events,4539.442113,10,0.01214592992
catastrophic_25_conservative,time_since_bbo_change_ms,4083.693122,10,0.01092650798
catastrophic_25_conservative,log_own_depth_l5,3147.215913,10,0.008420828592
catastrophic_25_conservative,drawdown_from_max,2971.208253,10,0.007949894797
catastrophic_25_conservative,relative_to_max_qty,2932.208954,10,0.007845546565
catastrophic_25_conservative,signed_obi_l10,2778.23379,10,0.007433563879
catastrophic_25_conservative,signed_depth_flow_pressure_l10_5000ms,2406.253596,10,0.006438277397
catastrophic_25_conservative,signed_net_depth_flow_l5_5000ms,2387.081153,10,0.00638697877
catastrophic_25_conservative,log_level_age_ms,2369.63571,10,0.006340300979
catastrophic_25_conservative,signed_obi_l5,2307.610891,10,0.006174344659
catastrophic_25_conservative,signed_trade_imbalance_1000ms,2285.478388,10,0.006115125968
catastrophic_25_conservative,signed_net_depth_flow_l1_5000ms,2222.316286,10,0.005946126683
catastrophic_25_conservative,signed_weighted_obi_l10,1823.145568,10,0.004878088046
catastrophic_25_conservative,log_prints_through,1560.036084,10,0.0041741008
catastrophic_25_conservative,signed_weighted_obi_l5,1538.078973,10,0.004115351394
catastrophic_25_conservative,bbo_change_count_5000ms,1287.815035,10,0.003445734251
catastrophic_25_conservative,log_time_since_print_ms,1227.931588,10,0.003285507481
catastrophic_25_conservative,log_current_qty,1226.741168,10,0.00328232234
catastrophic_25_conservative,trade_count_1000ms,1166.997239,10,0.003122468871
catastrophic_25_conservative,log_cum_trade_through,1032.789999,10,0.002763378106
catastrophic_25_conservative,signed_trade_imbalance_500ms,1030.128958,10,0.00275625811
catastrophic_25_conservative,log_time_since_qty_change_ms,889.7790932,10,0.002380731871
catastrophic_25_conservative,log_time_since_remove_ms,808.0222648,10,0.002161979724
catastrophic_25_conservative,signed_depth_flow_pressure_l10_100ms,798.1774023,10,0.002135638379
catastrophic_25_conservative,signed_log_volume_1000ms,762.2887974,10,0.002039613257
catastrophic_25_conservative,time_since_mid_change_ms,758.805795,10,0.002030293984
catastrophic_25_conservative,log_time_since_add_ms,741.0124092,10,0.001982685222
catastrophic_25_conservative,time_since_trade_ms,737.0657072,10,0.001972125254
catastrophic_25_conservative,signed_depth_flow_pressure_l10_1000ms,705.0482772,10,0.001886458017
catastrophic_25_conservative,signed_log_volume_500ms,692.3672692,10,0.001852528157
catastrophic_25_conservative,signed_net_depth_flow_l5_1000ms,688.9334749,10,0.001843340547
catastrophic_25_conservative,signed_depth_flow_pressure_l10_250ms,673.0043693,10,0.001800719935
catastrophic_25_conservative,log_time_since_replenish_ms,668.0439187,10,0.001787447537
catastrophic_25_conservative,signed_depth_flow_pressure_l10_500ms,644.8558406,10,0.0017254045
catastrophic_25_conservative,signed_log_volume_250ms,629.8958831,10,0.001685376983
catastrophic_25_conservative,trade_count_100ms,582.0543285,10,0.001557370027
catastrophic_25_conservative,signed_trade_imbalance_250ms,529.9666461,10,0.001418001945
catastrophic_25_conservative,signed_net_depth_flow_l1_250ms,518.9749966,10,0.001388592207
catastrophic_25_conservative,signed_net_depth_flow_l1_500ms,503.1464509,10,0.001346240657
catastrophic_25_conservative,signed_net_depth_flow_l5_250ms,484.6842823,10,0.001296842471
catastrophic_25_conservative,signed_net_depth_flow_l1_100ms,477.0846363,10,0.001276508526
catastrophic_25_conservative,signed_net_depth_flow_l5_500ms,474.3964004,10,0.001269315764
catastrophic_25_conservative,signed_net_depth_flow_l1_1000ms,473.8756023,10,0.001267922294
catastrophic_25_conservative,signed_net_depth_flow_l5_100ms,472.7915584,10,0.001265021779
catastrophic_25_conservative,time_since_depth_ms,446.2431642,10,0.001193987734
catastrophic_25_conservative,signed_log_volume_100ms,379.9336774,10,0.00101656717
catastrophic_25_conservative,trade_count_500ms,376.8775898,10,0.001008390168
catastrophic_25_conservative,backward_mid_abs_change_ticks_1000ms,346.8114498,10,0.0009279438884
catastrophic_25_conservative,trade_count_250ms,246.7834489,10,0.0006603045929
catastrophic_25_conservative,signed_trade_imbalance_100ms,217.3988837,10,0.0005816819646
catastrophic_25_conservative,backward_mid_abs_change_ticks_250ms,143.6432408,10,0.0003843381397
catastrophic_25_conservative,backward_mid_abs_change_ticks_500ms,118.5542071,10,0.0003172088233
catastrophic_25_conservative,bbo_change_count_1000ms,78.79550653,10,0.0002108287047
catastrophic_25_conservative,backward_mid_abs_change_ticks_100ms,76.59146972,10,0.0002049314873
catastrophic_25_conservative,bbo_change_count_500ms,51.89092925,10,0.0001388416406
catastrophic_25_conservative,depth_event_count_250ms,15.96199994,10,4.27086254e-05
catastrophic_25_conservative,depth_event_count_5000ms,7.170741987,10,1.918635099e-05
catastrophic_25_conservative,bbo_change_count_250ms,6.619942069,10,1.771260663e-05
catastrophic_25_conservative,depth_event_count_1000ms,3.955683994,10,1.058400116e-05
catastrophic_25_conservative,depth_event_count_100ms,1.732486963,10,4.635517917e-06
catastrophic_25_conservative,bbo_change_count_100ms,0,10,0
catastrophic_25_conservative,depth_event_count_500ms,0,10,0
catastrophic_25_conservative,has_replenished,0,10,0
catastrophic_25_conservative,spread_ticks,0,10,0
catastrophic_25_midpoint,log_initial_qty,37899.91368,10,0.09536130083
catastrophic_25_midpoint,log_max_qty,26231.09123,10,0.06600096778
catastrophic_25_midpoint,trade_count_5000ms,18645.7152,10,0.04691513737
catastrophic_25_midpoint,own_concentration_l10,14558.16487,10,0.03663030874
catastrophic_25_midpoint,unexplained_removal_share,14075.23107,10,0.03541518209
catastrophic_25_midpoint,log_cum_trade_at_quote,12721.95198,10,0.03201014915
catastrophic_25_midpoint,consumption_ratio,11859.04329,10,0.02983895435
catastrophic_25_midpoint,opp_concentration_l5,11710.71879,10,0.0294657499
catastrophic_25_midpoint,own_dispersion_ticks_l10,10484.26821,10,0.0263798346
catastrophic_25_midpoint,log_prints_at_quote,10428.22297,10,0.02623881723
catastrophic_25_midpoint,addition_ratio,9882.153153,10,0.02486483182
catastrophic_25_midpoint,signed_trade_imbalance_5000ms,9847.070458,10,0.02477655902
catastrophic_25_midpoint,opp_concentration_l10,9719.360696,10,0.02445522401
catastrophic_25_midpoint,own_concentration_l5,9459.467825,10,0.02380129845
catastrophic_25_midpoint,log_opp_depth_l1,8939.750223,10,0.02249361878
catastrophic_25_midpoint,opp_dispersion_ticks_l10,8727.883296,10,0.02196053299
catastrophic_25_midpoint,log_own_depth_l10,8067.151801,10,0.02029804332
catastrophic_25_midpoint,replenishment_ratio,8036.282756,10,0.02022037263
catastrophic_25_midpoint,log_cum_remove,7997.498138,10,0.0201227853
catastrophic_25_midpoint,log_cum_replenish,7766.89201,10,0.01954254914
catastrophic_25_midpoint,log_cum_add,7651.785311,10,0.01925292514
catastrophic_25_midpoint,log_opp_depth_l5,7626.723529,10,0.01918986631
catastrophic_25_midpoint,relative_remaining_qty,7461.40595,10,0.01877390496
catastrophic_25_midpoint,log_opp_depth_l10,7338.190229,10,0.01846387756
catastrophic_25_midpoint,backward_mid_abs_change_ticks_5000ms,7203.908418,10,0.0181260064
catastrophic_25_midpoint,removal_ratio,6251.703169,10,0.0157301294
catastrophic_25_midpoint,log_add_events,5939.063209,10,0.01494348504
catastrophic_25_midpoint,log_replenish_events,5925.095498,10,0.0149083404
catastrophic_25_midpoint,log_own_depth_l1,5742.571978,10,0.01444908657
catastrophic_25_midpoint,signed_log_volume_5000ms,5290.056253,10,0.0133104959
catastrophic_25_midpoint,time_since_bbo_change_ms,5118.640689,10,0.01287919119
catastrophic_25_midpoint,log_remove_events,5062.288669,10,0.0127374019
catastrophic_25_midpoint,log_own_depth_l5,3855.114125,10,0.009699987733
catastrophic_25_midpoint,drawdown_from_max,3576.992081,10,0.009000195112
catastrophic_25_midpoint,relative_to_max_qty,3514.257868,10,0.00884234736
catastrophic_25_midpoint,signed_obi_l10,3190.66528,10,0.008028144712
catastrophic_25_midpoint,signed_trade_imbalance_1000ms,2953.791743,10,0.007432138905
catastrophic_25_midpoint,log_level_age_ms,2903.810419,10,0.007306379144
catastrophic_25_midpoint,signed_net_depth_flow_l5_5000ms,2812.373195,10,0.00707631074
catastrophic_25_midpoint,signed_net_depth_flow_l1_5000ms,2757.718384,10,0.006938791856
catastrophic_25_midpoint,signed_depth_flow_pressure_l10_5000ms,2491.686836,10,0.006269420556
catastrophic_25_midpoint,log_prints_through,2296.071323,10,0.005777225511
catastrophic_25_midpoint,signed_obi_l5,2237.47184,10,0.005629781297
catastrophic_25_midpoint,signed_obi_l1,2224.015487,10,0.005595923296
catastrophic_25_midpoint,signed_trade_imbalance_500ms,1562.79629,10,0.003932206505
catastrophic_25_midpoint,signed_microprice_offset_ticks,1541.731859,10,0.003879205552
catastrophic_25_midpoint,log_cum_trade_through,1294.230934,10,0.003256459803
catastrophic_25_midpoint,signed_weighted_obi_l5,1212.946709,10,0.003051937716
catastrophic_25_midpoint,signed_weighted_obi_l10,1205.653266,10,0.003033586428
catastrophic_25_midpoint,log_time_since_print_ms,1203.200074,10,0.003027413866
catastrophic_25_midpoint,trade_count_1000ms,1135.583278,10,0.002857280877
catastrophic_25_midpoint,log_current_qty,993.6627253,10,0.002500189601
catastrophic_25_midpoint,time_since_mid_change_ms,947.67688,10,0.002384483004
catastrophic_25_midpoint,bbo_change_count_5000ms,935.5195174,10,0.002353893438
catastrophic_25_midpoint,signed_log_volume_1000ms,885.2073628,10,0.002227301263
catastrophic_25_midpoint,trade_count_100ms,856.1487571,10,0.002154185887
catastrophic_25_midpoint,signed_log_volume_500ms,804.7809366,10,0.002024937514
catastrophic_25_midpoint,time_since_trade_ms,795.8875475,10,0.002002560546
catastrophic_25_midpoint,signed_net_depth_flow_l5_1000ms,747.4677291,10,0.001880729744
catastrophic_25_midpoint,log_time_since_remove_ms,732.9477573,10,0.001844195535
catastrophic_25_midpoint,signed_depth_flow_pressure_l10_1000ms,731.2250372,10,0.001839860938
catastrophic_25_midpoint,signed_depth_flow_pressure_l10_100ms,708.1092566,10,0.001781698512
catastrophic_25_midpoint,log_time_since_replenish_ms,694.4315643,10,0.001747283592
catastrophic_25_midpoint,log_time_since_qty_change_ms,687.7410466,10,0.001730449346
catastrophic_25_midpoint,signed_depth_flow_pressure_l10_250ms,630.4203349,10,0.001586222695
catastrophic_25_midpoint,signed_net_depth_flow_l1_1000ms,627.7029705,10,0.001579385439
catastrophic_25_midpoint,signed_depth_flow_pressure_l10_500ms,619.1570022,10,0.001557882628
catastrophic_25_midpoint,log_time_since_add_ms,594.3094027,10,0.001495362713
catastrophic_25_midpoint,signed_net_depth_flow_l1_250ms,578.0966312,10,0.00145456919
catastrophic_25_midpoint,signed_log_volume_250ms,568.9595076,10,0.001431578953
catastrophic_25_midpoint,signed_net_depth_flow_l1_500ms,558.5328346,10,0.001405344036
catastrophic_25_midpoint,signed_log_volume_100ms,526.8560637,10,0.001325641003
catastrophic_25_midpoint,signed_net_depth_flow_l5_500ms,520.7273821,10,0.001310220412
catastrophic_25_midpoint,signed_net_depth_flow_l5_250ms,520.2771815,10,0.001309087647
catastrophic_25_midpoint,time_since_depth_ms,508.2292792,10,0.001278773498
catastrophic_25_midpoint,signed_trade_imbalance_250ms,489.441642,10,0.001231501265
catastrophic_25_midpoint,signed_net_depth_flow_l1_100ms,486.2473982,10,0.001223464117
catastrophic_25_midpoint,trade_count_500ms,405.4135837,10,0.001020075324
catastrophic_25_midpoint,signed_net_depth_flow_l5_100ms,396.5883437,10,0.0009978698281
catastrophic_25_midpoint,trade_count_250ms,339.012339,10,0.000853000825
catastrophic_25_midpoint,backward_mid_abs_change_ticks_1000ms,265.1798254,10,0.0006672282507
catastrophic_25_midpoint,signed_trade_imbalance_100ms,184.479414,10,0.0004641751177
catastrophic_25_midpoint,backward_mid_abs_change_ticks_500ms,121.7545924,10,0.0003063509963
catastrophic_25_midpoint,backward_mid_abs_change_ticks_250ms,106.9057591,10,0.0002689893265
catastrophic_25_midpoint,backward_mid_abs_change_ticks_100ms,79.42278726,10,0.000199838458
catastrophic_25_midpoint,bbo_change_count_1000ms,75.48960893,10,0.0001899420502
catastrophic_25_midpoint,depth_event_count_5000ms,25.67109089,10,6.45919313e-05
catastrophic_25_midpoint,bbo_change_count_500ms,21.1488811,10,5.321344079e-05
catastrophic_25_midpoint,depth_event_count_250ms,8.641895008,10,2.174417484e-05
catastrophic_25_midpoint,depth_event_count_1000ms,6.797894907,10,1.710442157e-05
catastrophic_25_midpoint,depth_event_count_500ms,5.131863117,10,1.291246061e-05
catastrophic_25_midpoint,bbo_change_count_250ms,2.539600992,10,6.389979044e-06
catastrophic_25_midpoint,depth_event_count_100ms,1.631729984,10,4.105652989e-06
catastrophic_25_midpoint,bbo_change_count_100ms,0,10,0
catastrophic_25_midpoint,has_replenished,0,10,0
catastrophic_25_midpoint,spread_ticks,0,10,0
catastrophic_25_optimistic,trade_count_5000ms,68215.32029,10,0.1680822111
catastrophic_25_optimistic,log_own_depth_l10,59508.86553,10,0.1466295497
catastrophic_25_optimistic,trade_count_1000ms,15638.56314,10,0.03853334207
catastrophic_25_optimistic,trade_count_100ms,14217.85596,10,0.03503272661
catastrophic_25_optimistic,trade_count_500ms,10111.73997,10,0.02491527717
catastrophic_25_optimistic,backward_mid_abs_change_ticks_5000ms,9532.257511,10,0.02348743527
catastrophic_25_optimistic,log_own_depth_l1,9517.410684,10,0.02345085276
catastrophic_25_optimistic,log_own_depth_l5,7933.960863,10,0.01954924024
catastrophic_25_optimistic,log_prints_at_quote,6305.509075,10,0.01553674311
catastrophic_25_optimistic,signed_trade_imbalance_5000ms,6133.064547,10,0.01511184065
catastrophic_25_optimistic,unexplained_removal_share,5817.605207,10,0.0143345504
catastrophic_25_optimistic,opp_concentration_l5,5506.370041,10,0.01356766849
catastrophic_25_optimistic,replenishment_ratio,5242.978725,10,0.01291867359
catastrophic_25_optimistic,own_concentration_l10,5236.562294,10,0.01290286354
catastrophic_25_optimistic,log_cum_trade_at_quote,5153.759848,10,0.01269883872
catastrophic_25_optimistic,consumption_ratio,5029.532361,10,0.01239274281
catastrophic_25_optimistic,own_dispersion_ticks_l10,4861.177996,10,0.01197791849
catastrophic_25_optimistic,log_initial_qty,4852.366677,10,0.01195620744
catastrophic_25_optimistic,log_max_qty,4664.010574,10,0.01149209894
catastrophic_25_optimistic,trade_count_250ms,4599.648909,10,0.01133351211
catastrophic_25_optimistic,log_opp_depth_l1,4561.026878,10,0.01123834762
catastrophic_25_optimistic,own_concentration_l5,4544.740326,10,0.01119821764
catastrophic_25_optimistic,opp_dispersion_ticks_l10,4288.159608,10,0.01056600402
catastrophic_25_optimistic,opp_concentration_l10,4253.750268,10,0.01048121958
catastrophic_25_optimistic,log_prints_through,4006.71023,10,0.009872514149
catastrophic_25_optimistic,relative_remaining_qty,3889.529231,10,0.009583780747
catastrophic_25_optimistic,log_cum_remove,3743.451536,10,0.009223846032
catastrophic_25_optimistic,log_cum_add,3645.127668,10,0.008981576508
catastrophic_25_optimistic,signed_log_volume_5000ms,3569.235024,10,0.008794577409
catastrophic_25_optimistic,signed_net_depth_flow_l5_5000ms,3558.780989,10,0.00876881872
catastrophic_25_optimistic,signed_net_depth_flow_l1_5000ms,3456.01129,10,0.008515594689
catastrophic_25_optimistic,time_since_bbo_change_ms,3318.668737,10,0.008177183321
catastrophic_25_optimistic,log_opp_depth_l10,3294.373092,10,0.008117318972
catastrophic_25_optimistic,log_cum_replenish,3237.068486,10,0.007976120707
catastrophic_25_optimistic,addition_ratio,3095.354364,10,0.007626937811
catastrophic_25_optimistic,drawdown_from_max,3087.456941,10,0.0076074786
catastrophic_25_optimistic,log_opp_depth_l5,3077.822714,10,0.007583739913
catastrophic_25_optimistic,removal_ratio,3053.482468,10,0.007523765667
catastrophic_25_optimistic,signed_trade_imbalance_1000ms,3033.823897,10,0.007475327046
catastrophic_25_optimistic,signed_depth_flow_pressure_l10_5000ms,2971.295014,10,0.007321256188
catastrophic_25_optimistic,log_time_since_print_ms,2890.722177,10,0.007122725117
catastrophic_25_optimistic,signed_obi_l10,2861.945652,10,0.007051819903
catastrophic_25_optimistic,relative_to_max_qty,2813.809577,10,0.006933212852
catastrophic_25_optimistic,time_since_trade_ms,2775.963693,10,0.006839960782
catastrophic_25_optimistic,log_level_age_ms,2697.782881,10,0.006647323649
catastrophic_25_optimistic,log_remove_events,2562.462258,10,0.006313894304
catastrophic_25_optimistic,bbo_change_count_5000ms,2459.073552,10,0.006059145045
catastrophic_25_optimistic,signed_net_depth_flow_l5_1000ms,2440.263847,10,0.006012798025
catastrophic_25_optimistic,time_since_depth_ms,2310.174616,10,0.005692258805
catastrophic_25_optimistic,signed_depth_flow_pressure_l10_1000ms,2229.714065,10,0.005494004406
catastrophic_25_optimistic,signed_depth_flow_pressure_l10_250ms,2225.689933,10,0.005484088964
catastrophic_25_optimistic,signed_net_depth_flow_l1_1000ms,2123.258424,10,0.005231698233
catastrophic_25_optimistic,log_time_since_qty_change_ms,2120.528288,10,0.005224971193
catastrophic_25_optimistic,log_replenish_events,2054.974633,10,0.005063447311
catastrophic_25_optimistic,log_time_since_remove_ms,2019.735255,10,0.004976617658
catastrophic_25_optimistic,signed_depth_flow_pressure_l10_500ms,2019.045528,10,0.004974918174
catastrophic_25_optimistic,log_add_events,1973.938634,10,0.004863775012
catastrophic_25_optimistic,signed_depth_flow_pressure_l10_100ms,1901.925187,10,0.004686334234
catastrophic_25_optimistic,signed_net_depth_flow_l5_250ms,1808.307862,10,0.004455661609
catastrophic_25_optimistic,signed_obi_l5,1797.82914,10,0.004429842091
catastrophic_25_optimistic,signed_log_volume_100ms,1790.093299,10,0.004410781018
catastrophic_25_optimistic,signed_trade_imbalance_500ms,1783.924192,10,0.004395580369
catastrophic_25_optimistic,signed_net_depth_flow_l1_250ms,1778.778483,10,0.004382901366
catastrophic_25_optimistic,signed_log_volume_1000ms,1713.241823,10,0.004221419362
catastrophic_25_optimistic,log_time_since_replenish_ms,1705.39355,10,0.004202081255
catastrophic_25_optimistic,signed_log_volume_500ms,1686.374658,10,0.0041552188
catastrophic_25_optimistic,signed_net_depth_flow_l5_500ms,1650.26653,10,0.004066248551
catastrophic_25_optimistic,signed_net_depth_flow_l1_100ms,1577.980181,10,0.003888135345
catastrophic_25_optimistic,signed_net_depth_flow_l1_500ms,1557.018115,10,0.00383648492
catastrophic_25_optimistic,log_current_qty,1540.314108,10,0.003795326327
catastrophic_25_optimistic,log_time_since_add_ms,1537.532183,10,0.003788471678
catastrophic_25_optimistic,signed_net_depth_flow_l5_100ms,1524.988185,10,0.003757563331
catastrophic_25_optimistic,signed_obi_l1,1421.408182,10,0.003502342716
catastrophic_25_optimistic,log_cum_trade_through,1321.257449,10,0.003255571806
catastrophic_25_optimistic,signed_log_volume_250ms,1238.404606,10,0.003051422812
catastrophic_25_optimistic,signed_trade_imbalance_250ms,980.304811,10,0.002415466196
catastrophic_25_optimistic,signed_weighted_obi_l5,797.2736735,10,0.00196447838
catastrophic_25_optimistic,signed_weighted_obi_l10,774.9965892,10,0.001909587755
catastrophic_25_optimistic,signed_microprice_offset_ticks,692.8257833,10,0.001707119296
catastrophic_25_optimistic,time_since_mid_change_ms,622.5275337,10,0.001533904758
catastrophic_25_optimistic,backward_mid_abs_change_ticks_1000ms,558.0459731,10,0.001375022512
catastrophic_25_optimistic,signed_trade_imbalance_100ms,468.430688,10,0.001154210894
catastrophic_25_optimistic,backward_mid_abs_change_ticks_250ms,338.8227562,10,0.0008348575921
catastrophic_25_optimistic,backward_mid_abs_change_ticks_500ms,266.1353446,10,0.0006557561702
catastrophic_25_optimistic,backward_mid_abs_change_ticks_100ms,223.6118928,10,0.0005509785956
catastrophic_25_optimistic,depth_event_count_250ms,116.9608216,10,0.0002881908847
catastrophic_25_optimistic,depth_event_count_5000ms,88.35345812,10,0.0002177024829
catastrophic_25_optimistic,bbo_change_count_1000ms,60.41933715,10,0.0001488729473
catastrophic_25_optimistic,bbo_change_count_500ms,50.52171607,10,0.000124485258
catastrophic_25_optimistic,depth_event_count_1000ms,47.62375441,10,0.0001173446948
catastrophic_25_optimistic,depth_event_count_100ms,31.47507606,10,7.755443141e-05
catastrophic_25_optimistic,depth_event_count_500ms,28.72217493,10,7.077129668e-05
catastrophic_25_optimistic,bbo_change_count_250ms,19.37107508,10,4.7730233e-05
catastrophic_25_optimistic,bbo_change_count_100ms,0,10,0
catastrophic_25_optimistic,has_replenished,0,10,0
catastrophic_25_optimistic,spread_ticks,0,10,0
catastrophic_50_conservative,log_max_qty,25768.2604,10,0.07014496694
catastrophic_50_conservative,log_initial_qty,24601.4227,10,0.06696866434
catastrophic_50_conservative,log_opp_depth_l1,20137.469,10,0.05481713065
catastrophic_50_conservative,trade_count_5000ms,15368.37034,10,0.04183494782
catastrophic_50_conservative,opp_concentration_l5,11504.03368,10,0.03131565925
catastrophic_50_conservative,unexplained_removal_share,11123.97587,10,0.0302810864
catastrophic_50_conservative,log_cum_trade_at_quote,11117.05731,10,0.03026225307
catastrophic_50_conservative,consumption_ratio,10508.07433,10,0.02860451248
catastrophic_50_conservative,own_concentration_l5,10083.63919,10,0.02744913806
catastrophic_50_conservative,own_concentration_l10,9926.618897,10,0.02702170591
catastrophic_50_conservative,own_dispersion_ticks_l10,9217.329162,10,0.02509091569
catastrophic_50_conservative,log_opp_depth_l5,8576.535241,10,0.02334658108
catastrophic_50_conservative,log_own_depth_l1,8547.362454,10,0.0232671685
catastrophic_50_conservative,opp_dispersion_ticks_l10,8370.673225,10,0.02278619462
catastrophic_50_conservative,log_cum_remove,8082.63936,10,0.02200212439
catastrophic_50_conservative,opp_concentration_l10,8042.686727,10,0.02189336749
catastrophic_50_conservative,addition_ratio,8009.380714,10,0.02180270366
catastrophic_50_conservative,log_prints_at_quote,7763.191144,10,0.02113253971
catastrophic_50_conservative,log_cum_replenish,7669.125394,10,0.020876479
catastrophic_50_conservative,replenishment_ratio,7375.617426,10,0.02007750746
catastrophic_50_conservative,relative_remaining_qty,7166.115083,10,0.01950721149
catastrophic_50_conservative,log_cum_add,7014.619029,10,0.01909481712
catastrophic_50_conservative,log_opp_depth_l10,6691.588774,10,0.0182154816
catastrophic_50_conservative,signed_trade_imbalance_5000ms,6350.458576,10,0.0172868754
catastrophic_50_conservative,removal_ratio,6119.093802,10,0.01665706671
catastrophic_50_conservative,log_add_events,5935.018412,10,0.01615598662
catastrophic_50_conservative,backward_mid_abs_change_ticks_5000ms,5166.511021,10,0.0140639973
catastrophic_50_conservative,log_own_depth_l10,4978.749596,10,0.01355288329
catastrophic_50_conservative,log_own_depth_l5,4912.976112,10,0.01337383826
catastrophic_50_conservative,log_remove_events,4503.275491,10,0.01225857336
catastrophic_50_conservative,time_since_bbo_change_ms,4429.794983,10,0.01205854868
catastrophic_50_conservative,log_replenish_events,4380.923087,10,0.01192551225
catastrophic_50_conservative,signed_obi_l1,4368.349637,10,0.01189128548
catastrophic_50_conservative,signed_log_volume_5000ms,4160.508711,10,0.01132551214
catastrophic_50_conservative,drawdown_from_max,3798.566623,10,0.01034025293
catastrophic_50_conservative,relative_to_max_qty,3509.102286,10,0.009552288744
catastrophic_50_conservative,log_level_age_ms,3481.653944,10,0.00947757035
catastrophic_50_conservative,signed_microprice_offset_ticks,3160.085723,10,0.008602214706
catastrophic_50_conservative,signed_obi_l10,2981.658907,10,0.008116510861
catastrophic_50_conservative,trade_count_1000ms,2931.808489,10,0.007980810746
catastrophic_50_conservative,signed_depth_flow_pressure_l10_5000ms,2522.454161,10,0.0068664885
catastrophic_50_conservative,signed_obi_l5,2452.381417,10,0.006675740259
catastrophic_50_conservative,signed_net_depth_flow_l5_5000ms,2364.737686,10,0.006437161227
catastrophic_50_conservative,signed_net_depth_flow_l1_5000ms,1940.431644,10,0.005282138235
catastrophic_50_conservative,signed_trade_imbalance_1000ms,1705.194058,10,0.004641787181
catastrophic_50_conservative,signed_weighted_obi_l10,1576.512937,10,0.004291498381
catastrophic_50_conservative,signed_trade_imbalance_500ms,1515.991527,10,0.00412675027
catastrophic_50_conservative,log_cum_trade_through,1467.856269,10,0.00399571907
catastrophic_50_conservative,signed_weighted_obi_l5,1423.54994,10,0.003875110772
catastrophic_50_conservative,log_time_since_print_ms,1274.148093,10,0.003468417132
catastrophic_50_conservative,signed_log_volume_1000ms,1078.485752,10,0.002935795673
catastrophic_50_conservative,log_current_qty,1067.145373,10,0.002904925506
catastrophic_50_conservative,log_prints_through,1001.918098,10,0.002727367341
catastrophic_50_conservative,log_time_since_remove_ms,979.8287889,10,0.002667237016
catastrophic_50_conservative,time_since_mid_change_ms,912.2373655,10,0.002483243294
catastrophic_50_conservative,time_since_trade_ms,847.053025,10,0.002305802002
catastrophic_50_conservative,log_time_since_qty_change_ms,846.5386466,10,0.002304401789
catastrophic_50_conservative,signed_depth_flow_pressure_l10_250ms,776.3889648,10,0.002113444114
catastrophic_50_conservative,log_time_since_replenish_ms,755.6838061,10,0.002057081648
catastrophic_50_conservative,signed_depth_flow_pressure_l10_100ms,749.3543548,10,0.002039851958
catastrophic_50_conservative,signed_depth_flow_pressure_l10_1000ms,730.8050248,10,0.001989357974
catastrophic_50_conservative,signed_log_volume_500ms,721.232481,10,0.001963300112
catastrophic_50_conservative,log_time_since_add_ms,688.9855547,10,0.00187551927
catastrophic_50_conservative,bbo_change_count_5000ms,686.3235186,10,0.001868272819
catastrophic_50_conservative,trade_count_500ms,650.1158641,10,0.001769710298
catastrophic_50_conservative,signed_depth_flow_pressure_l10_500ms,605.4153037,10,0.001648028846
catastrophic_50_conservative,signed_net_depth_flow_l5_1000ms,599.6479741,10,0.001632329333
catastrophic_50_conservative,signed_net_depth_flow_l1_1000ms,570.8399593,10,0.001553909711
catastrophic_50_conservative,signed_log_volume_250ms,557.6801606,10,0.001518086817
catastrophic_50_conservative,signed_net_depth_flow_l5_500ms,530.9484344,10,0.001445319156
catastrophic_50_conservative,signed_net_depth_flow_l1_500ms,510.5079742,10,0.001389677239
catastrophic_50_conservative,signed_net_depth_flow_l1_100ms,506.1480529,10,0.001377808897
catastrophic_50_conservative,signed_net_depth_flow_l1_250ms,504.110041,10,0.001372261131
catastrophic_50_conservative,signed_net_depth_flow_l5_250ms,496.6965413,10,0.001352080502
catastrophic_50_conservative,signed_trade_imbalance_250ms,496.236402,10,0.001350827936
catastrophic_50_conservative,time_since_depth_ms,480.0119407,10,0.001306662583
catastrophic_50_conservative,signed_net_depth_flow_l5_100ms,462.5964885,10,0.00125925518
catastrophic_50_conservative,trade_count_100ms,422.8763484,10,0.001151131159
catastrophic_50_conservative,backward_mid_abs_change_ticks_1000ms,417.086987,10,0.001135371673
catastrophic_50_conservative,signed_log_volume_100ms,414.5495116,10,0.001128464294
catastrophic_50_conservative,trade_count_250ms,272.833902,10,0.0007426937144
catastrophic_50_conservative,signed_trade_imbalance_100ms,216.4388719,10,0.0005891782089
catastrophic_50_conservative,backward_mid_abs_change_ticks_500ms,212.8365829,10,0.0005793722524
catastrophic_50_conservative,backward_mid_abs_change_ticks_250ms,199.3306083,10,0.0005426070177
catastrophic_50_conservative,backward_mid_abs_change_ticks_100ms,116.3032971,10,0.0003165945547
catastrophic_50_conservative,bbo_change_count_1000ms,57.96118724,10,0.0001577788139
catastrophic_50_conservative,depth_event_count_5000ms,40.60512035,10,0.0001105330659
catastrophic_50_conservative,bbo_change_count_500ms,37.23207207,10,0.000101351136
catastrophic_50_conservative,bbo_change_count_250ms,29.76611099,10,8.102769992e-05
catastrophic_50_conservative,depth_event_count_250ms,19.95951011,10,5.433270057e-05
catastrophic_50_conservative,depth_event_count_1000ms,4.973387098,10,1.353828579e-05
catastrophic_50_conservative,depth_event_count_500ms,3.394728947,10,9.240947817e-06
catastrophic_50_conservative,bbo_change_count_100ms,0.5623419762,10,1.53077696e-06
catastrophic_50_conservative,depth_event_count_100ms,0,10,0
catastrophic_50_conservative,has_replenished,0,10,0
catastrophic_50_conservative,spread_ticks,0,10,0
catastrophic_50_midpoint,log_max_qty,28513.02818,10,0.07384102949
catastrophic_50_midpoint,trade_count_5000ms,25152.09805,10,0.06513712966
catastrophic_50_midpoint,log_initial_qty,24094.2374,10,0.06239755675
catastrophic_50_midpoint,log_opp_depth_l1,13861.24644,10,0.03589687847
catastrophic_50_midpoint,unexplained_removal_share,12717.02133,10,0.03293364497
catastrophic_50_midpoint,log_cum_trade_at_quote,12636.79021,10,0.03272586808
catastrophic_50_midpoint,opp_concentration_l5,11878.51356,10,0.03076213668
catastrophic_50_midpoint,consumption_ratio,11861.61191,10,0.03071836599
catastrophic_50_midpoint,own_concentration_l5,9780.227606,10,0.0253281437
catastrophic_50_midpoint,own_dispersion_ticks_l10,9429.057066,10,0.024418707
catastrophic_50_midpoint,own_concentration_l10,9382.573698,10,0.02429832765
catastrophic_50_midpoint,log_prints_at_quote,9008.252081,10,0.02332893593
catastrophic_50_midpoint,log_opp_depth_l5,8804.824088,10,0.02280211246
catastrophic_50_midpoint,addition_ratio,8769.673357,10,0.02271108157
catastrophic_50_midpoint,backward_mid_abs_change_ticks_5000ms,8729.551829,10,0.02260717767
catastrophic_50_midpoint,opp_dispersion_ticks_l10,8430.739358,10,0.02183333421
catastrophic_50_midpoint,opp_concentration_l10,8294.304394,10,0.02148000456
catastrophic_50_midpoint,replenishment_ratio,8025.739395,10,0.02078449387
catastrophic_50_midpoint,log_cum_remove,8006.598516,10,0.02073492417
catastrophic_50_midpoint,signed_trade_imbalance_5000ms,7779.011439,10,0.02014553521
catastrophic_50_midpoint,log_cum_replenish,7699.811702,10,0.01994042931
catastrophic_50_midpoint,relative_remaining_qty,7664.877457,10,0.01984995907
catastrophic_50_midpoint,log_cum_add,7580.188243,10,0.01963063691
catastrophic_50_midpoint,removal_ratio,6880.605421,10,0.01781890666
catastrophic_50_midpoint,log_opp_depth_l10,6715.273274,10,0.01739074113
catastrophic_50_midpoint,log_add_events,6651.8253,10,0.01722642804
catastrophic_50_midpoint,log_own_depth_l10,5433.602269,10,0.01407155995
catastrophic_50_midpoint,log_own_depth_l5,5416.089548,10,0.01402620674
catastrophic_50_midpoint,log_own_depth_l1,5232.739784,10,0.01355138045
catastrophic_50_midpoint,log_replenish_events,5172.990615,10,0.01339664627
catastrophic_50_midpoint,time_since_bbo_change_ms,4719.416497,10,0.01222201201
catastrophic_50_midpoint,log_remove_events,4513.458502,10,0.01168863651
catastrophic_50_midpoint,signed_log_volume_5000ms,4385.069067,10,0.01135614261
catastrophic_50_midpoint,drawdown_from_max,4010.37208,10,0.01038577878
catastrophic_50_midpoint,relative_to_max_qty,3821.476527,10,0.009896590399
catastrophic_50_midpoint,log_level_age_ms,3235.139203,10,0.008378135347
catastrophic_50_midpoint,signed_obi_l10,3066.991429,10,0.007942678102
catastrophic_50_midpoint,signed_depth_flow_pressure_l10_5000ms,2732.020527,10,0.007075194084
catastrophic_50_midpoint,signed_obi_l1,2711.339207,10,0.007021635061
catastrophic_50_midpoint,signed_microprice_offset_ticks,2664.573669,10,0.006900524968
catastrophic_50_midpoint,signed_net_depth_flow_l5_5000ms,2658.517275,10,0.006884840546
catastrophic_50_midpoint,trade_count_1000ms,2600.535375,10,0.00673468311
catastrophic_50_midpoint,signed_trade_imbalance_1000ms,2189.670638,10,0.005670654591
catastrophic_50_midpoint,signed_net_depth_flow_l1_5000ms,2128.222531,10,0.005511520618
catastrophic_50_midpoint,signed_obi_l5,2007.844502,10,0.005199774086
catastrophic_50_midpoint,signed_trade_imbalance_500ms,1855.259224,10,0.004804619495
catastrophic_50_midpoint,log_cum_trade_through,1552.253529,10,0.004019916715
catastrophic_50_midpoint,log_prints_through,1441.010696,10,0.003731827872
catastrophic_50_midpoint,signed_weighted_obi_l10,1341.740766,10,0.00347474561
catastrophic_50_midpoint,log_time_since_print_ms,1313.419612,10,0.003401401483
catastrophic_50_midpoint,signed_weighted_obi_l5,1165.842078,10,0.003019215593
catastrophic_50_midpoint,time_since_mid_change_ms,985.8103843,10,0.002552982208
catastrophic_50_midpoint,log_current_qty,977.2461704,10,0.002530803211
catastrophic_50_midpoint,signed_log_volume_1000ms,971.7500502,10,0.002516569747
catastrophic_50_midpoint,time_since_trade_ms,960.5728995,10,0.00248762395
catastrophic_50_midpoint,bbo_change_count_5000ms,869.283749,10,0.002251209746
catastrophic_50_midpoint,log_time_since_remove_ms,795.8345642,10,0.002060996228
catastrophic_50_midpoint,signed_depth_flow_pressure_l10_1000ms,787.6663978,10,0.002039842886
catastrophic_50_midpoint,signed_depth_flow_pressure_l10_250ms,777.0787382,10,0.002012423712
catastrophic_50_midpoint,log_time_since_qty_change_ms,773.14537,10,0.002002237353
catastrophic_50_midpoint,signed_depth_flow_pressure_l10_100ms,741.7882365,10,0.00192103086
catastrophic_50_midpoint,log_time_since_replenish_ms,741.1452924,10,0.001919365809
catastrophic_50_midpoint,log_time_since_add_ms,720.3324569,10,0.001865466195
catastrophic_50_midpoint,trade_count_500ms,684.7281158,10,0.001773260584
catastrophic_50_midpoint,signed_log_volume_500ms,663.5712431,10,0.001718470007
catastrophic_50_midpoint,signed_depth_flow_pressure_l10_500ms,603.1601367,10,0.001562021584
catastrophic_50_midpoint,trade_count_100ms,577.1152929,10,0.001494572484
catastrophic_50_midpoint,signed_trade_imbalance_250ms,571.8725145,10,0.001480995106
catastrophic_50_midpoint,signed_log_volume_100ms,548.982366,10,0.001421715814
catastrophic_50_midpoint,signed_net_depth_flow_l5_500ms,544.2150772,10,0.001409369826
catastrophic_50_midpoint,signed_log_volume_250ms,529.7022378,10,0.001371785498
catastrophic_50_midpoint,signed_net_depth_flow_l1_100ms,524.8222183,10,0.001359147568
catastrophic_50_midpoint,signed_net_depth_flow_l5_1000ms,523.0668076,10,0.001354601529
catastrophic_50_midpoint,signed_net_depth_flow_l1_250ms,512.6905391,10,0.0013277298
catastrophic_50_midpoint,signed_net_depth_flow_l1_500ms,504.7532575,10,0.001307174388
catastrophic_50_midpoint,signed_net_depth_flow_l1_1000ms,499.8759583,10,0.001294543503
catastrophic_50_midpoint,time_since_depth_ms,484.8608244,10,0.001255658368
catastrophic_50_midpoint,signed_net_depth_flow_l5_250ms,456.7306267,10,0.001182808766
catastrophic_50_midpoint,signed_net_depth_flow_l5_100ms,450.6371884,10,0.001167028409
catastrophic_50_midpoint,backward_mid_abs_change_ticks_1000ms,338.9896487,10,0.0008778914847
catastrophic_50_midpoint,trade_count_250ms,306.9638019,10,0.0007949532053
catastrophic_50_midpoint,signed_trade_imbalance_100ms,240.6097623,10,0.0006231141932
catastrophic_50_midpoint,backward_mid_abs_change_ticks_250ms,230.7768616,10,0.0005976496405
catastrophic_50_midpoint,backward_mid_abs_change_ticks_500ms,215.6086449,10,0.0005583680627
catastrophic_50_midpoint,backward_mid_abs_change_ticks_100ms,86.11298702,10,0.0002230093406
catastrophic_50_midpoint,depth_event_count_5000ms,78.02531424,10,0.000202064456
catastrophic_50_midpoint,bbo_change_count_1000ms,42.20886629,10,0.0001093095451
catastrophic_50_midpoint,bbo_change_count_500ms,32.25870495,10,8.354131901e-05
catastrophic_50_midpoint,bbo_change_count_250ms,27.94590487,10,7.237233354e-05
catastrophic_50_midpoint,depth_event_count_500ms,20.59713206,10,5.334099999e-05
catastrophic_50_midpoint,depth_event_count_250ms,17.17352695,10,4.447478893e-05
catastrophic_50_midpoint,depth_event_count_1000ms,2.887555027,10,7.477986363e-06
catastrophic_50_midpoint,depth_event_count_100ms,0.8446160316,10,2.187327032e-06
catastrophic_50_midpoint,bbo_change_count_100ms,0,10,0
catastrophic_50_midpoint,has_replenished,0,10,0
catastrophic_50_midpoint,spread_ticks,0,10,0
catastrophic_50_optimistic,trade_count_5000ms,59463.64249,10,0.1888037033
catastrophic_50_optimistic,log_own_depth_l10,15495.31397,10,0.0491993517
catastrophic_50_optimistic,trade_count_100ms,11979.18228,10,0.03803524107
catastrophic_50_optimistic,log_own_depth_l1,11759.1987,10,0.03733676862
catastrophic_50_optimistic,backward_mid_abs_change_ticks_5000ms,10575.49551,10,0.03357837887
catastrophic_50_optimistic,trade_count_1000ms,7372.095736,10,0.02340722696
catastrophic_50_optimistic,trade_count_250ms,6351.857546,10,0.02016785681
catastrophic_50_optimistic,trade_count_500ms,5640.92698,10,0.0179105729
catastrophic_50_optimistic,signed_trade_imbalance_5000ms,5169.723429,10,0.01641444902
catastrophic_50_optimistic,opp_concentration_l5,4954.837575,10,0.01573216244
catastrophic_50_optimistic,log_max_qty,4830.434514,10,0.01533716884
catastrophic_50_optimistic,unexplained_removal_share,4777.026182,10,0.01516759142
catastrophic_50_optimistic,own_dispersion_ticks_l10,4726.568774,10,0.01500738352
catastrophic_50_optimistic,log_initial_qty,4470.273473,10,0.01419361733
catastrophic_50_optimistic,own_concentration_l5,4444.040561,10,0.0141103249
catastrophic_50_optimistic,consumption_ratio,4408.80642,10,0.01399845257
catastrophic_50_optimistic,own_concentration_l10,4374.554682,10,0.01388969948
catastrophic_50_optimistic,log_cum_trade_at_quote,4278.031775,10,0.01358322847
catastrophic_50_optimistic,log_opp_depth_l1,4230.29849,10,0.01343166997
catastrophic_50_optimistic,log_own_depth_l5,4187.016996,10,0.01329424639
catastrophic_50_optimistic,opp_dispersion_ticks_l10,4142.455677,10,0.01315275923
catastrophic_50_optimistic,replenishment_ratio,3999.074138,10,0.01269750684
catastrophic_50_optimistic,opp_concentration_l10,3948.247953,10,0.01253612802
catastrophic_50_optimistic,log_prints_at_quote,3697.822722,10,0.01174099996
catastrophic_50_optimistic,signed_log_volume_5000ms,3597.817652,10,0.0114234727
catastrophic_50_optimistic,log_cum_remove,3557.041587,10,0.01129400414
catastrophic_50_optimistic,log_opp_depth_l5,3338.413902,10,0.01059983683
catastrophic_50_optimistic,log_opp_depth_l10,3303.821348,10,0.01049000161
catastrophic_50_optimistic,relative_remaining_qty,3217.440675,10,0.01021573333
catastrophic_50_optimistic,log_cum_add,3171.538672,10,0.01006998935
catastrophic_50_optimistic,signed_depth_flow_pressure_l10_5000ms,2968.604671,10,0.009425651238
catastrophic_50_optimistic,log_time_since_print_ms,2881.396607,10,0.009148755898
catastrophic_50_optimistic,addition_ratio,2870.136297,10,0.009113003158
catastrophic_50_optimistic,signed_net_depth_flow_l5_5000ms,2807.478122,10,0.008914056458
catastrophic_50_optimistic,log_cum_replenish,2775.18721,10,0.008811529206
catastrophic_50_optimistic,time_since_trade_ms,2723.719327,10,0.008648112932
catastrophic_50_optimistic,removal_ratio,2696.141406,10,0.008560549953
catastrophic_50_optimistic,signed_trade_imbalance_1000ms,2515.55652,10,0.007987172782
catastrophic_50_optimistic,log_remove_events,2349.270031,10,0.007459194616
catastrophic_50_optimistic,signed_net_depth_flow_l1_5000ms,2325.43727,10,0.007383522937
catastrophic_50_optimistic,signed_depth_flow_pressure_l10_1000ms,2318.854266,10,0.007362621166
catastrophic_50_optimistic,drawdown_from_max,2278.822083,10,0.007235514517
catastrophic_50_optimistic,relative_to_max_qty,2276.015988,10,0.007226604851
catastrophic_50_optimistic,time_since_bbo_change_ms,2273.69073,10,0.007219221897
catastrophic_50_optimistic,signed_depth_flow_pressure_l10_250ms,2258.157662,10,0.007169902671
catastrophic_50_optimistic,log_time_since_remove_ms,2190.216143,10,0.006954180764
catastrophic_50_optimistic,log_prints_through,2162.059747,10,0.006864781062
catastrophic_50_optimistic,time_since_depth_ms,2150.187521,10,0.006827085419
catastrophic_50_optimistic,bbo_change_count_5000ms,2138.844787,10,0.006791070974
catastrophic_50_optimistic,signed_log_volume_1000ms,2088.402946,10,0.006630912499
catastrophic_50_optimistic,log_time_since_qty_change_ms,2087.828895,10,0.006629089822
catastrophic_50_optimistic,signed_trade_imbalance_500ms,2065.109185,10,0.006556952207
catastrophic_50_optimistic,signed_obi_l10,1982.420858,10,0.006294407537
catastrophic_50_optimistic,signed_depth_flow_pressure_l10_100ms,1940.544308,10,0.006161444815
catastrophic_50_optimistic,log_replenish_events,1902.187153,10,0.006039656566
catastrophic_50_optimistic,signed_depth_flow_pressure_l10_500ms,1783.55631,10,0.005662990397
catastrophic_50_optimistic,log_time_since_replenish_ms,1710.637316,10,0.005431464449
catastrophic_50_optimistic,signed_net_depth_flow_l1_1000ms,1703.864885,10,0.005409961226
catastrophic_50_optimistic,log_add_events,1694.102903,10,0.005378965843
catastrophic_50_optimistic,signed_log_volume_100ms,1689.327638,10,0.005363803842
catastrophic_50_optimistic,signed_log_volume_500ms,1686.745238,10,0.005355604434
catastrophic_50_optimistic,signed_net_depth_flow_l5_1000ms,1670.013909,10,0.005302480597
catastrophic_50_optimistic,signed_net_depth_flow_l5_500ms,1645.110312,10,0.005223408896
catastrophic_50_optimistic,log_level_age_ms,1628.258081,10,0.005169901181
catastrophic_50_optimistic,log_time_since_add_ms,1590.066884,10,0.005048639867
catastrophic_50_optimistic,signed_net_depth_flow_l5_250ms,1492.820095,10,0.004739870457
catastrophic_50_optimistic,signed_obi_l5,1424.208051,10,0.004522019556
catastrophic_50_optimistic,signed_net_depth_flow_l1_500ms,1421.578709,10,0.004513671102
catastrophic_50_optimistic,signed_net_depth_flow_l1_100ms,1380.674299,10,0.004383795033
catastrophic_50_optimistic,signed_net_depth_flow_l5_100ms,1356.227574,10,0.004306173954
catastrophic_50_optimistic,signed_net_depth_flow_l1_250ms,1350.627329,10,0.004288392552
catastrophic_50_optimistic,signed_log_volume_250ms,1325.563979,10,0.004208813615
catastrophic_50_optimistic,signed_obi_l1,1219.491821,10,0.003872022671
catastrophic_50_optimistic,log_current_qty,1190.967369,10,0.003781454353
catastrophic_50_optimistic,signed_trade_imbalance_250ms,1131.002347,10,0.003591058712
catastrophic_50_optimistic,log_cum_trade_through,857.2638507,10,0.002721908429
catastrophic_50_optimistic,signed_weighted_obi_l10,791.7277309,10,0.002513823932
catastrophic_50_optimistic,signed_weighted_obi_l5,788.1781758,10,0.002502553698
catastrophic_50_optimistic,signed_microprice_offset_ticks,675.2018546,10,0.002143841266
catastrophic_50_optimistic,signed_trade_imbalance_100ms,549.3567174,10,0.001744268906
catastrophic_50_optimistic,backward_mid_abs_change_ticks_1000ms,541.5873253,10,0.001719600219
catastrophic_50_optimistic,backward_mid_abs_change_ticks_250ms,486.2969909,10,0.001544047235
catastrophic_50_optimistic,time_since_mid_change_ms,460.8690918,10,0.001463310817
catastrophic_50_optimistic,backward_mid_abs_change_ticks_500ms,351.622269,10,0.001116439958
catastrophic_50_optimistic,backward_mid_abs_change_ticks_100ms,268.6317371,10,0.0008529357545
catastrophic_50_optimistic,depth_event_count_5000ms,149.3034314,10,0.0004740550624
catastrophic_50_optimistic,depth_event_count_250ms,112.2483721,10,0.0003564011125
catastrophic_50_optimistic,bbo_change_count_1000ms,107.6073432,10,0.0003416653277
catastrophic_50_optimistic,depth_event_count_100ms,44.11367824,10,0.0001400658531
catastrophic_50_optimistic,bbo_change_count_250ms,43.36902308,10,0.0001377014899
catastrophic_50_optimistic,bbo_change_count_500ms,42.047541,10,0.0001335056367
catastrophic_50_optimistic,depth_event_count_1000ms,38.64165111,10,0.0001226915561
catastrophic_50_optimistic,bbo_change_count_100ms,30.57749939,10,9.708697415e-05
catastrophic_50_optimistic,depth_event_count_500ms,22.29848702,10,7.080018563e-05
catastrophic_50_optimistic,spread_ticks,4.497901034,10,1.428133792e-05
catastrophic_50_optimistic,has_replenished,0,10,0
level_disappears_1000ms,trade_count_1000ms,166583.5887,10,0.2383328487
level_disappears_1000ms,trade_count_5000ms,96403.87446,10,0.1379260118
level_disappears_1000ms,trade_count_500ms,52227.46485,10,0.07472236955
level_disappears_1000ms,trade_count_100ms,39909.81375,10,0.0570993798
level_disappears_1000ms,log_opp_depth_l1,36272.97952,10,0.05189612378
level_disappears_1000ms,log_own_depth_l1,33558.40137,10,0.04801234897
level_disappears_1000ms,trade_count_250ms,27903.72472,10,0.03992214511
level_disappears_1000ms,bbo_change_count_5000ms,17455.58301,10,0.02497388162
level_disappears_1000ms,time_since_bbo_change_ms,14659.97681,10,0.02097417916
level_disappears_1000ms,backward_mid_abs_change_ticks_5000ms,12180.91386,10,0.01742735838
level_disappears_1000ms,log_level_age_ms,10891.89212,10,0.01558314175
level_disappears_1000ms,log_opp_depth_l5,7682.836317,10,0.01099191271
level_disappears_1000ms,time_since_trade_ms,7114.421364,10,0.0101786756
level_disappears_1000ms,log_current_qty,5215.828907,10,0.007462339905
level_disappears_1000ms,time_since_depth_ms,4631.224602,10,0.006625940531
level_disappears_1000ms,log_opp_depth_l10,4364.127076,10,0.006243801362
level_disappears_1000ms,signed_trade_imbalance_5000ms,3977.980913,10,0.005691338086
level_disappears_1000ms,opp_concentration_l5,3824.769841,10,0.005472137434
level_disappears_1000ms,log_time_since_print_ms,3812.533917,10,0.005454631372
level_disappears_1000ms,log_time_since_qty_change_ms,3769.530571,10,0.005393106044
level_disappears_1000ms,signed_depth_flow_pressure_l10_5000ms,3503.775284,10,0.005012887229
level_disappears_1000ms,own_concentration_l5,3503.52449,10,0.005012528416
level_disappears_1000ms,opp_concentration_l10,3442.818745,10,0.004925676084
level_disappears_1000ms,signed_net_depth_flow_l1_1000ms,3419.427143,10,0.00489220948
level_disappears_1000ms,signed_depth_flow_pressure_l10_1000ms,3246.664271,10,0.004645035867
level_disappears_1000ms,own_concentration_l10,3201.865776,10,0.0045809422
level_disappears_1000ms,signed_net_depth_flow_l1_5000ms,3146.150923,10,0.004501230389
level_disappears_1000ms,log_cum_trade_through,3125.003818,10,0.004470975009
level_disappears_1000ms,signed_net_depth_flow_l1_250ms,3106.71255,10,0.004444805504
level_disappears_1000ms,signed_net_depth_flow_l5_100ms,3050.987531,10,0.004365079149
level_disappears_1000ms,log_own_depth_l10,2988.858072,10,0.004276189895
level_disappears_1000ms,time_since_mid_change_ms,2920.545694,10,0.004178454675
level_disappears_1000ms,signed_net_depth_flow_l1_100ms,2892.349946,10,0.004138114728
level_disappears_1000ms,signed_trade_imbalance_1000ms,2853.913512,10,0.004083123328
level_disappears_1000ms,replenishment_ratio,2843.593291,10,0.004068358083
level_disappears_1000ms,opp_dispersion_ticks_l10,2817.91288,10,0.004031616856
level_disappears_1000ms,signed_net_depth_flow_l5_250ms,2805.618499,10,0.004014027158
level_disappears_1000ms,signed_microprice_offset_ticks,2794.04519,10,0.003997469106
level_disappears_1000ms,unexplained_removal_share,2791.893514,10,0.003994390681
level_disappears_1000ms,signed_depth_flow_pressure_l10_250ms,2761.390526,10,0.003950749743
level_disappears_1000ms,log_time_since_remove_ms,2747.113765,10,0.003930323835
level_disappears_1000ms,log_max_qty,2741.304114,10,0.003922011908
level_disappears_1000ms,signed_log_volume_100ms,2686.895091,10,0.003844168361
level_disappears_1000ms,signed_net_depth_flow_l1_500ms,2680.133586,10,0.003834494606
level_disappears_1000ms,log_cum_replenish,2679.454585,10,0.003833523152
level_disappears_1000ms,signed_depth_flow_pressure_l10_500ms,2650.57041,10,0.003792198267
level_disappears_1000ms,own_dispersion_ticks_l10,2613.925968,10,0.003739770689
level_disappears_1000ms,log_prints_through,2556.801394,10,0.003658041974
level_disappears_1000ms,log_cum_trade_at_quote,2401.803377,10,0.003436284722
level_disappears_1000ms,consumption_ratio,2396.242534,10,0.003428328767
level_disappears_1000ms,removal_ratio,2378.661086,10,0.003403174809
level_disappears_1000ms,signed_log_volume_5000ms,2376.024161,10,0.003399402133
level_disappears_1000ms,signed_net_depth_flow_l5_500ms,2370.378099,10,0.003391324254
level_disappears_1000ms,log_own_depth_l5,2360.321154,10,0.00337693568
level_disappears_1000ms,signed_depth_flow_pressure_l10_100ms,2304.013863,10,0.003296376261
level_disappears_1000ms,signed_obi_l1,2273.72446,10,0.003253040902
level_disappears_1000ms,signed_net_depth_flow_l5_1000ms,2267.513376,10,0.00324415464
level_disappears_1000ms,log_initial_qty,2261.641264,10,0.00323575335
level_disappears_1000ms,log_time_since_replenish_ms,2221.301981,10,0.003178039523
level_disappears_1000ms,relative_remaining_qty,2191.478146,10,0.003135370257
level_disappears_1000ms,signed_log_volume_1000ms,2098.380002,10,0.003002173787
level_disappears_1000ms,log_cum_remove,2052.201169,10,0.002936105258
level_disappears_1000ms,signed_net_depth_flow_l5_5000ms,2011.519017,10,0.002877900886
level_disappears_1000ms,log_cum_add,1994.486889,10,0.002853532846
level_disappears_1000ms,log_time_since_add_ms,1963.212756,10,0.002808788622
level_disappears_1000ms,drawdown_from_max,1934.56354,10,0.002767799895
level_disappears_1000ms,signed_log_volume_250ms,1827.735794,10,0.002614960344
level_disappears_1000ms,signed_trade_imbalance_500ms,1773.22588,10,0.002536972451
level_disappears_1000ms,signed_log_volume_500ms,1768.321239,10,0.00252995533
level_disappears_1000ms,relative_to_max_qty,1731.171557,10,0.0024768049
level_disappears_1000ms,log_prints_at_quote,1632.441154,10,0.0023355503
level_disappears_1000ms,addition_ratio,1516.805182,10,0.002170108729
level_disappears_1000ms,signed_obi_l10,1371.468833,10,0.001962174524
level_disappears_1000ms,backward_mid_abs_change_ticks_1000ms,1288.449198,10,0.001843397481
level_disappears_1000ms,log_add_events,1224.745108,10,0.001752255385
level_disappears_1000ms,backward_mid_abs_change_ticks_250ms,1215.074849,10,0.001738420046
level_disappears_1000ms,log_remove_events,1163.880076,10,0.00166517516
level_disappears_1000ms,log_replenish_events,1091.122424,10,0.001561080041
level_disappears_1000ms,signed_trade_imbalance_250ms,1082.785244,10,0.001549151953
level_disappears_1000ms,signed_obi_l5,1046.623482,10,0.001497414949
level_disappears_1000ms,backward_mid_abs_change_ticks_500ms,854.2405522,10,0.001222170718
level_disappears_1000ms,signed_weighted_obi_l10,765.6092025,10,0.001095364937
level_disappears_1000ms,signed_weighted_obi_l5,764.5994632,10,0.001093920293
level_disappears_1000ms,backward_mid_abs_change_ticks_100ms,518.6132199,10,0.0007419852521
level_disappears_1000ms,signed_trade_imbalance_100ms,460.9456952,10,0.000659479733
level_disappears_1000ms,bbo_change_count_1000ms,226.7179475,10,0.0003243676925
level_disappears_1000ms,depth_event_count_250ms,186.6088404,10,0.0002669831816
level_disappears_1000ms,depth_event_count_5000ms,165.7580941,10,0.0002371518051
level_disappears_1000ms,bbo_change_count_500ms,159.7518647,10,0.000228558631
level_disappears_1000ms,depth_event_count_500ms,92.97919824,10,0.0001330262924
level_disappears_1000ms,bbo_change_count_250ms,62.07540498,10,8.881191848e-05
level_disappears_1000ms,depth_event_count_1000ms,56.89511003,10,8.140041738e-05
level_disappears_1000ms,depth_event_count_100ms,28.07213902,10,4.016309718e-05
level_disappears_1000ms,bbo_change_count_100ms,4.640955925,10,6.639863235e-06
level_disappears_1000ms,has_replenished,0,10,0
level_disappears_1000ms,spread_ticks,0,10,0
level_disappears_500ms,trade_count_500ms,100371.3955,10,0.1635853909
level_disappears_500ms,trade_count_100ms,64136.54861,10,0.1045298047
level_disappears_500ms,trade_count_1000ms,60081.04845,10,0.0979201469
level_disappears_500ms,trade_count_250ms,59953.45479,10,0.09771219465
level_disappears_500ms,trade_count_5000ms,51404.22926,10,0.08377865917
level_disappears_500ms,log_opp_depth_l1,28503.78707,10,0.04645549785
level_disappears_500ms,log_own_depth_l1,27146.56514,10,0.04424349632
level_disappears_500ms,bbo_change_count_5000ms,13167.40008,10,0.02146024052
level_disappears_500ms,time_since_bbo_change_ms,8486.605408,10,0.01383147714
level_disappears_500ms,backward_mid_abs_change_ticks_5000ms,8414.805354,10,0.01371445735
level_disappears_500ms,time_since_trade_ms,7526.342433,10,0.01226643968
level_disappears_500ms,log_opp_depth_l5,6669.748454,10,0.01087036204
level_disappears_500ms,log_level_age_ms,5527.944299,10,0.0090094486
level_disappears_500ms,time_since_depth_ms,5147.188457,10,0.008388892385
level_disappears_500ms,log_time_since_qty_change_ms,4215.080114,10,0.006869741368
level_disappears_500ms,log_time_since_print_ms,4110.127396,10,0.006698689334
level_disappears_500ms,opp_concentration_l5,4108.381622,10,0.006695844069
level_disappears_500ms,log_opp_depth_l10,3925.807691,10,0.006398284912
level_disappears_500ms,signed_net_depth_flow_l1_250ms,3903.854443,10,0.006362505489
level_disappears_500ms,log_cum_trade_through,3899.550113,10,0.006355490288
level_disappears_500ms,opp_concentration_l10,3760.22595,10,0.006128419642
level_disappears_500ms,own_concentration_l5,3716.998615,10,0.006057967693
level_disappears_500ms,log_current_qty,3631.027473,10,0.005917851848
level_disappears_500ms,own_concentration_l10,3578.476287,10,0.005832203877
level_disappears_500ms,signed_log_volume_100ms,3245.197393,10,0.005289025636
level_disappears_500ms,signed_net_depth_flow_l1_100ms,3177.021737,10,0.00517791289
level_disappears_500ms,log_prints_through,3099.678503,10,0.005051858818
level_disappears_500ms,signed_net_depth_flow_l5_100ms,2965.199975,10,0.004832685592
level_disappears_500ms,signed_trade_imbalance_5000ms,2964.506576,10,0.004831555489
level_disappears_500ms,signed_net_depth_flow_l5_250ms,2944.124229,10,0.004798336322
level_disappears_500ms,signed_depth_flow_pressure_l10_5000ms,2885.973344,10,0.004703561957
level_disappears_500ms,log_own_depth_l10,2874.727021,10,0.00468523269
level_disappears_500ms,signed_depth_flow_pressure_l10_1000ms,2869.661577,10,0.004676977025
level_disappears_500ms,unexplained_removal_share,2855.648987,10,0.004654139293
level_disappears_500ms,signed_depth_flow_pressure_l10_250ms,2842.740423,10,0.004633100903
level_disappears_500ms,signed_depth_flow_pressure_l10_500ms,2842.663018,10,0.004632974748
level_disappears_500ms,opp_dispersion_ticks_l10,2801.713208,10,0.004566234711
level_disappears_500ms,signed_depth_flow_pressure_l10_100ms,2778.726948,10,0.004528771684
level_disappears_500ms,signed_net_depth_flow_l1_1000ms,2777.989871,10,0.004527570395
level_disappears_500ms,log_time_since_remove_ms,2752.861769,10,0.004486616592
level_disappears_500ms,signed_trade_imbalance_1000ms,2620.965638,10,0.004271652158
level_disappears_500ms,replenishment_ratio,2606.729463,10,0.004248450028
level_disappears_500ms,signed_net_depth_flow_l1_500ms,2593.757262,10,0.004227307923
level_disappears_500ms,consumption_ratio,2500.70549,10,0.004075652061
level_disappears_500ms,own_dispersion_ticks_l10,2500.317315,10,0.004075019413
level_disappears_500ms,signed_net_depth_flow_l1_5000ms,2486.518917,10,0.004052530772
level_disappears_500ms,log_cum_trade_at_quote,2454.88397,10,0.004000972106
level_disappears_500ms,log_max_qty,2375.083858,10,0.003870913812
level_disappears_500ms,relative_remaining_qty,2353.851982,10,0.003836310081
level_disappears_500ms,signed_net_depth_flow_l5_1000ms,2303.394963,10,0.003754075186
level_disappears_500ms,signed_log_volume_1000ms,2293.630219,10,0.003738160598
level_disappears_500ms,log_initial_qty,2283.364557,10,0.003721429613
level_disappears_500ms,signed_net_depth_flow_l5_500ms,2280.054305,10,0.003716034561
level_disappears_500ms,log_own_depth_l5,2269.829836,10,0.003699370712
level_disappears_500ms,log_cum_replenish,2222.278005,10,0.003621870695
level_disappears_500ms,log_time_since_replenish_ms,2175.644235,10,0.003545866935
level_disappears_500ms,signed_log_volume_5000ms,2165.840739,10,0.003529889188
level_disappears_500ms,log_time_since_add_ms,2118.600347,10,0.003452896754
level_disappears_500ms,signed_microprice_offset_ticks,1987.21431,10,0.003238763674
level_disappears_500ms,log_cum_add,1947.302427,10,0.00317371525
level_disappears_500ms,signed_net_depth_flow_l5_5000ms,1889.947182,10,0.00308023762
level_disappears_500ms,log_cum_remove,1870.413904,10,0.003048402266
level_disappears_500ms,signed_log_volume_250ms,1838.067256,10,0.00299568367
level_disappears_500ms,signed_obi_l1,1799.540036,10,0.002932891973
level_disappears_500ms,signed_trade_imbalance_500ms,1783.778189,10,0.0029072033
level_disappears_500ms,signed_log_volume_500ms,1732.489062,10,0.002823612235
level_disappears_500ms,drawdown_from_max,1704.604633,10,0.002778166166
level_disappears_500ms,removal_ratio,1694.632795,10,0.002761914057
level_disappears_500ms,time_since_mid_change_ms,1591.317323,10,0.002593530408
level_disappears_500ms,relative_to_max_qty,1548.276184,10,0.002523381919
level_disappears_500ms,backward_mid_abs_change_ticks_250ms,1539.008872,10,0.002508278046
level_disappears_500ms,addition_ratio,1452.13042,10,0.002366683468
level_disappears_500ms,signed_obi_l10,1449.793011,10,0.002362873956
level_disappears_500ms,backward_mid_abs_change_ticks_1000ms,1314.320431,10,0.002142080623
level_disappears_500ms,log_prints_at_quote,1285.380023,10,0.002094913519
level_disappears_500ms,signed_trade_imbalance_250ms,1191.644608,10,0.001942143455
level_disappears_500ms,log_remove_events,1176.789699,10,0.001917932911
level_disappears_500ms,log_add_events,1166.00486,10,0.001900355772
level_disappears_500ms,signed_obi_l5,992.6654161,10,0.00161784699
level_disappears_500ms,log_replenish_events,962.9841724,10,0.001569472472
level_disappears_500ms,signed_weighted_obi_l10,763.9336063,10,0.00124505968
level_disappears_500ms,signed_trade_imbalance_100ms,750.9493295,10,0.001223897894
level_disappears_500ms,backward_mid_abs_change_ticks_500ms,712.4022286,10,0.001161073794
level_disappears_500ms,signed_weighted_obi_l5,687.0629906,10,0.001119775881
level_disappears_500ms,backward_mid_abs_change_ticks_100ms,656.5768597,10,0.001070089558
level_disappears_500ms,depth_event_count_5000ms,361.4599352,10,0.0005891077282
level_disappears_500ms,bbo_change_count_1000ms,358.7543765,10,0.000584698206
level_disappears_500ms,bbo_change_count_500ms,275.6906765,10,0.0004493209131
level_disappears_500ms,depth_event_count_250ms,153.4627334,10,0.0002501137012
level_disappears_500ms,depth_event_count_500ms,75.30918705,10,0.0001227389809
level_disappears_500ms,depth_event_count_1000ms,60.44813001,10,9.851841676e-05
level_disappears_500ms,depth_event_count_100ms,50.25335288,10,8.190295981e-05
level_disappears_500ms,bbo_change_count_250ms,46.11422544,10,7.515700617e-05
level_disappears_500ms,bbo_change_count_100ms,30.67705684,10,4.999749488e-05
level_disappears_500ms,has_replenished,0,10,0
level_disappears_500ms,spread_ticks,0,10,0
severity_conservative,log_max_qty,27099.70484,10,0.07393586248
severity_conservative,log_initial_qty,24099.87445,10,0.06575145426
severity_conservative,trade_count_5000ms,16247.76412,10,0.04432861762
severity_conservative,opp_concentration_l5,12563.47904,10,0.03427681828
severity_conservative,unexplained_removal_share,12201.60599,10,0.03328952356
severity_conservative,consumption_ratio,11811.42636,10,0.03222500022
severity_conservative,log_cum_trade_at_quote,11560.41683,10,0.03154017336
severity_conservative,log_opp_depth_l1,11115.27566,10,0.03032569902
severity_conservative,own_concentration_l5,10674.18979,10,0.02912228871
severity_conservative,opp_dispersion_ticks_l10,10383.75433,10,0.02832989646
severity_conservative,opp_concentration_l10,9307.623882,10,0.02539390017
severity_conservative,own_concentration_l10,9032.41723,10,0.02464305652
severity_conservative,replenishment_ratio,8770.473222,10,0.02392839722
severity_conservative,log_prints_at_quote,8482.289804,10,0.02314214919
severity_conservative,log_cum_replenish,8320.747796,10,0.02270141569
severity_conservative,relative_remaining_qty,7920.326454,10,0.02160895002
severity_conservative,addition_ratio,7834.14779,10,0.0213738296
severity_conservative,log_cum_remove,7476.16431,10,0.02039714674
severity_conservative,log_opp_depth_l5,7430.6559,10,0.02027298658
severity_conservative,own_dispersion_ticks_l10,7328.953323,10,0.01999551243
severity_conservative,log_cum_add,7153.779872,10,0.0195175884
severity_conservative,log_add_events,7106.480064,10,0.01938854079
severity_conservative,removal_ratio,7066.867263,10,0.01928046557
severity_conservative,log_opp_depth_l10,7040.482329,10,0.01920847981
severity_conservative,log_own_depth_l10,6609.874823,10,0.01803365751
severity_conservative,time_since_bbo_change_ms,6434.200319,10,0.01755436646
severity_conservative,log_remove_events,6423.392834,10,0.01752488051
severity_conservative,backward_mid_abs_change_ticks_5000ms,6310.244186,10,0.01721617815
severity_conservative,log_replenish_events,5622.300061,10,0.01533926685
severity_conservative,log_own_depth_l5,5242.42925,10,0.01430286899
severity_conservative,signed_obi_l10,4742.495668,10,0.01293890504
severity_conservative,log_level_age_ms,4725.847108,10,0.01289348293
severity_conservative,signed_trade_imbalance_5000ms,4721.329859,10,0.01288115856
severity_conservative,log_own_depth_l1,4705.658126,10,0.01283840153
severity_conservative,trade_count_1000ms,4235.385567,10,0.01155536146
severity_conservative,signed_log_volume_5000ms,3787.91137,10,0.01033452194
severity_conservative,drawdown_from_max,3679.15401,10,0.01003780028
severity_conservative,relative_to_max_qty,3548.602076,10,0.009681616703
severity_conservative,signed_net_depth_flow_l5_5000ms,2351.983717,10,0.006416894415
severity_conservative,signed_depth_flow_pressure_l10_5000ms,2301.48881,10,0.006279129647
severity_conservative,signed_obi_l5,2153.604503,10,0.005875658324
severity_conservative,signed_obi_l1,2136.445311,10,0.005828843067
severity_conservative,signed_net_depth_flow_l1_5000ms,2014.582468,10,0.005496365853
severity_conservative,trade_count_500ms,1685.967596,10,0.004599809077
severity_conservative,time_since_mid_change_ms,1251.922102,10,0.003415606955
severity_conservative,signed_trade_imbalance_1000ms,1234.222827,10,0.003367318194
severity_conservative,log_time_since_print_ms,1202.400884,10,0.003280498695
severity_conservative,signed_weighted_obi_l10,1139.881169,10,0.003109926763
severity_conservative,signed_weighted_obi_l5,1070.725386,10,0.002921249709
severity_conservative,signed_trade_imbalance_500ms,1062.998685,10,0.002900169027
severity_conservative,bbo_change_count_5000ms,1057.949209,10,0.002886392589
severity_conservative,log_current_qty,1009.586346,10,0.002754444659
severity_conservative,log_time_since_remove_ms,872.7958513,10,0.002381240475
severity_conservative,signed_depth_flow_pressure_l10_250ms,822.5068902,10,0.002244037589
severity_conservative,log_time_since_qty_change_ms,799.9156837,10,0.002182402219
severity_conservative,time_since_trade_ms,781.7820896,10,0.00213292851
severity_conservative,signed_log_volume_1000ms,738.6001177,10,0.002015115554
severity_conservative,log_time_since_replenish_ms,689.7311627,10,0.001881786857
severity_conservative,signed_depth_flow_pressure_l10_1000ms,686.3104961,10,0.001872454285
severity_conservative,signed_depth_flow_pressure_l10_100ms,673.49809,10,0.001837498321
severity_conservative,signed_microprice_offset_ticks,660.5184075,10,0.001802085979
severity_conservative,log_cum_trade_through,657.5521538,10,0.001793993178
severity_conservative,signed_trade_imbalance_250ms,611.3479624,10,0.00166793473
severity_conservative,signed_depth_flow_pressure_l10_500ms,588.541939,10,0.001605713277
severity_conservative,log_time_since_add_ms,578.2402523,10,0.001577607285
severity_conservative,signed_net_depth_flow_l5_1000ms,509.4303198,10,0.001389873812
severity_conservative,signed_net_depth_flow_l5_250ms,475.2184766,10,0.001296533971
severity_conservative,signed_log_volume_500ms,472.7647986,10,0.001289839625
severity_conservative,signed_log_volume_250ms,469.2220316,10,0.001280173928
severity_conservative,trade_count_250ms,467.8582674,10,0.001276453183
severity_conservative,signed_net_depth_flow_l1_500ms,457.745786,10,0.001248863398
severity_conservative,signed_net_depth_flow_l1_100ms,421.3309835,10,0.001149513245
severity_conservative,signed_net_depth_flow_l1_1000ms,404.7346382,10,0.001104233597
severity_conservative,signed_net_depth_flow_l5_500ms,404.6239607,10,0.001103931636
severity_conservative,signed_net_depth_flow_l1_250ms,376.452242,10,0.001027071009
severity_conservative,signed_net_depth_flow_l5_100ms,361.1536877,10,0.0009853321111
severity_conservative,time_since_depth_ms,342.0134141,10,0.0009331118879
severity_conservative,backward_mid_abs_change_ticks_1000ms,328.8201722,10,0.0008971168939
severity_conservative,log_prints_through,304.558283,10,0.0008309234162
severity_conservative,signed_log_volume_100ms,250.1148477,10,0.0006823859187
severity_conservative,trade_count_100ms,185.9700323,10,0.0005073802394
severity_conservative,backward_mid_abs_change_ticks_500ms,180.8340593,10,0.0004933678141
severity_conservative,signed_trade_imbalance_100ms,148.1135665,10,0.0004040968103
severity_conservative,depth_event_count_5000ms,97.29744902,10,0.0002654556886
severity_conservative,backward_mid_abs_change_ticks_100ms,77.43718491,10,0.0002112711222
severity_conservative,backward_mid_abs_change_ticks_250ms,71.65515246,10,0.0001954960591
severity_conservative,bbo_change_count_1000ms,18.97502804,10,5.176938537e-05
severity_conservative,bbo_change_count_500ms,13.43530893,10,3.665542335e-05
severity_conservative,depth_event_count_250ms,13.01137705,10,3.549881409e-05
severity_conservative,bbo_change_count_250ms,7.964713097,10,2.173004967e-05
severity_conservative,depth_event_count_1000ms,7.85368104,10,2.142712198e-05
severity_conservative,depth_event_count_500ms,7.817698002,10,2.132894981e-05
severity_conservative,depth_event_count_100ms,0.6744379997,10,1.840062668e-06
severity_conservative,bbo_change_count_100ms,0,10,0
severity_conservative,has_replenished,0,10,0
severity_conservative,spread_ticks,0,10,0
trade_through_within_1000ms,log_own_depth_l1,156766.5438,10,0.2810322266
trade_through_within_1000ms,trade_count_5000ms,62059.29218,10,0.1112524435
trade_through_within_1000ms,trade_count_500ms,31870.55459,10,0.05713370148
trade_through_within_1000ms,trade_count_1000ms,29875.95736,10,0.05355802719
trade_through_within_1000ms,log_current_qty,25923.9312,10,0.04647330948
trade_through_within_1000ms,trade_count_250ms,11334.7994,10,0.02031966666
trade_through_within_1000ms,signed_microprice_offset_ticks,9517.040749,10,0.01706100732
trade_through_within_1000ms,log_prints_through,9168.325477,10,0.01643587247
trade_through_within_1000ms,log_cum_trade_through,8548.014838,10,0.01532385408
trade_through_within_1000ms,trade_count_100ms,8292.946084,10,0.01486659746
trade_through_within_1000ms,bbo_change_count_5000ms,8128.282371,10,0.01457140814
trade_through_within_1000ms,backward_mid_abs_change_ticks_5000ms,7171.312821,10,0.0128558681
trade_through_within_1000ms,signed_obi_l1,6541.019535,10,0.01172595401
trade_through_within_1000ms,time_since_bbo_change_ms,5418.172115,10,0.009713048052
trade_through_within_1000ms,log_own_depth_l5,4167.871379,10,0.007471659098
trade_through_within_1000ms,signed_net_depth_flow_l1_5000ms,4054.24205,10,0.007267958088
trade_through_within_1000ms,signed_trade_imbalance_5000ms,3956.803985,10,0.007093282831
trade_through_within_1000ms,log_level_age_ms,3804.050524,10,0.006819444779
trade_through_within_1000ms,signed_net_depth_flow_l1_1000ms,3717.560145,10,0.006664395218
trade_through_within_1000ms,own_concentration_l10,3651.397954,10,0.006545787589
trade_through_within_1000ms,log_time_since_print_ms,3641.855044,10,0.006528680207
trade_through_within_1000ms,signed_log_volume_100ms,3565.516429,10,0.006391829509
trade_through_within_1000ms,signed_net_depth_flow_l1_250ms,3508.08385,10,0.006288871281
trade_through_within_1000ms,own_concentration_l5,3489.026583,10,0.006254707702
trade_through_within_1000ms,signed_depth_flow_pressure_l10_5000ms,3453.432003,10,0.006190898016
trade_through_within_1000ms,log_own_depth_l10,3294.441101,10,0.005905878227
trade_through_within_1000ms,signed_depth_flow_pressure_l10_1000ms,3264.18873,10,0.005851645411
trade_through_within_1000ms,replenishment_ratio,3264.121645,10,0.005851525148
trade_through_within_1000ms,signed_trade_imbalance_1000ms,3133.002349,10,0.005616470227
trade_through_within_1000ms,time_since_depth_ms,3076.332172,10,0.005514878741
trade_through_within_1000ms,opp_concentration_l5,3066.543185,10,0.005497330221
trade_through_within_1000ms,time_since_trade_ms,3039.456356,10,0.005448772209
trade_through_within_1000ms,signed_depth_flow_pressure_l10_250ms,3006.206313,10,0.005389165526
trade_through_within_1000ms,own_dispersion_ticks_l10,3004.754879,10,0.005386563569
trade_through_within_1000ms,signed_depth_flow_pressure_l10_500ms,3002.722222,10,0.005382919667
trade_through_within_1000ms,log_time_since_remove_ms,2942.278647,10,0.005274563686
trade_through_within_1000ms,signed_net_depth_flow_l5_100ms,2886.546568,10,0.005174653911
trade_through_within_1000ms,signed_net_depth_flow_l5_1000ms,2850.219033,10,0.005109530269
trade_through_within_1000ms,unexplained_removal_share,2848.788808,10,0.005106966334
trade_through_within_1000ms,signed_net_depth_flow_l5_5000ms,2805.941261,10,0.0050301544
trade_through_within_1000ms,signed_log_volume_5000ms,2788.128222,10,0.004998221324
trade_through_within_1000ms,signed_net_depth_flow_l5_250ms,2782.71118,10,0.004988510301
trade_through_within_1000ms,signed_obi_l10,2752.76289,10,0.004934822604
trade_through_within_1000ms,relative_remaining_qty,2733.503836,10,0.004900297287
trade_through_within_1000ms,signed_obi_l5,2697.53024,10,0.004835808145
trade_through_within_1000ms,signed_depth_flow_pressure_l10_100ms,2695.795741,10,0.004832698743
trade_through_within_1000ms,signed_log_volume_1000ms,2666.542432,10,0.004780256926
trade_through_within_1000ms,signed_net_depth_flow_l1_100ms,2643.963219,10,0.004739779625
trade_through_within_1000ms,opp_dispersion_ticks_l10,2640.977807,10,0.004734427738
trade_through_within_1000ms,opp_concentration_l10,2640.652619,10,0.004733844779
trade_through_within_1000ms,signed_net_depth_flow_l1_500ms,2553.565415,10,0.004577725302
trade_through_within_1000ms,log_time_since_qty_change_ms,2505.201818,10,0.004491024855
trade_through_within_1000ms,signed_weighted_obi_l10,2357.878708,10,0.004226921684
trade_through_within_1000ms,signed_log_volume_500ms,2329.417684,10,0.004175900178
trade_through_within_1000ms,signed_net_depth_flow_l5_500ms,2319.794881,10,0.004158649574
trade_through_within_1000ms,signed_trade_imbalance_500ms,2305.596341,10,0.004133196137
trade_through_within_1000ms,log_opp_depth_l1,2288.208163,10,0.004102024699
trade_through_within_1000ms,log_time_since_add_ms,2258.876396,10,0.004049442232
trade_through_within_1000ms,log_add_events,2236.464462,10,0.004009264808
trade_through_within_1000ms,log_max_qty,2224.183032,10,0.003987248137
trade_through_within_1000ms,log_cum_trade_at_quote,2201.195132,10,0.003946038191
trade_through_within_1000ms,consumption_ratio,2197.429261,10,0.003939287189
trade_through_within_1000ms,log_opp_depth_l10,2194.511543,10,0.003934056656
trade_through_within_1000ms,log_time_since_replenish_ms,2184.02777,10,0.003915262606
trade_through_within_1000ms,signed_weighted_obi_l5,2125.746408,10,0.003810782783
trade_through_within_1000ms,signed_log_volume_250ms,2059.225585,10,0.003691532243
trade_through_within_1000ms,drawdown_from_max,2050.268386,10,0.003675474852
trade_through_within_1000ms,log_cum_add,2034.554745,10,0.003647305325
trade_through_within_1000ms,log_initial_qty,2026.405733,10,0.003632696755
trade_through_within_1000ms,relative_to_max_qty,2009.798405,10,0.003602925133
trade_through_within_1000ms,log_cum_remove,1939.048898,10,0.003476093916
trade_through_within_1000ms,log_cum_replenish,1811.066179,10,0.003246661873
trade_through_within_1000ms,removal_ratio,1806.298408,10,0.003238114784
trade_through_within_1000ms,log_opp_depth_l5,1769.442454,10,0.003172043859
trade_through_within_1000ms,addition_ratio,1654.768346,10,0.002966469895
trade_through_within_1000ms,signed_trade_imbalance_250ms,1502.567983,10,0.002693623368
trade_through_within_1000ms,log_prints_at_quote,1442.970799,10,0.002586784696
trade_through_within_1000ms,log_replenish_events,1199.117728,10,0.002149634207
trade_through_within_1000ms,log_remove_events,1118.646734,10,0.002005375476
trade_through_within_1000ms,signed_trade_imbalance_100ms,915.2859575,10,0.001640814706
trade_through_within_1000ms,time_since_mid_change_ms,912.9645559,10,0.001636653176
trade_through_within_1000ms,backward_mid_abs_change_ticks_1000ms,798.0700009,10,0.001430684021
trade_through_within_1000ms,backward_mid_abs_change_ticks_100ms,609.5791886,10,0.001092780337
trade_through_within_1000ms,backward_mid_abs_change_ticks_250ms,480.0798872,10,0.0008606295471
trade_through_within_1000ms,backward_mid_abs_change_ticks_500ms,447.2639455,10,0.0008018010693
trade_through_within_1000ms,bbo_change_count_1000ms,284.5683766,10,0.0005101399988
trade_through_within_1000ms,bbo_change_count_500ms,204.3154624,10,0.0003662722155
trade_through_within_1000ms,depth_event_count_250ms,69.72617898,10,0.0001249967171
trade_through_within_1000ms,bbo_change_count_250ms,65.09450467,10,0.0001166936078
trade_through_within_1000ms,depth_event_count_5000ms,50.9815279,10,9.139355853e-05
trade_through_within_1000ms,depth_event_count_500ms,45.72592089,10,8.197193767e-05
trade_through_within_1000ms,depth_event_count_1000ms,35.27266586,10,6.323259785e-05
trade_through_within_1000ms,spread_ticks,19.50645008,10,3.496882029e-05
trade_through_within_1000ms,depth_event_count_100ms,19.4583169,10,3.48825329e-05
trade_through_within_1000ms,bbo_change_count_100ms,5.767831898,10,1.03398761e-05
trade_through_within_1000ms,has_replenished,0,10,0
trade_through_within_500ms,log_own_depth_l1,120174.6859,10,0.2519241777
trade_through_within_500ms,trade_count_5000ms,37484.99747,10,0.07858041896
trade_through_within_500ms,trade_count_500ms,28577.27078,10,0.05990700446
trade_through_within_500ms,trade_count_250ms,23656.13478,10,0.04959074582
trade_through_within_500ms,log_prints_through,21854.98399,10,0.0458149637
trade_through_within_500ms,trade_count_1000ms,16408.31089,10,0.03439701297
trade_through_within_500ms,log_current_qty,15902.96133,10,0.03333764035
trade_through_within_500ms,trade_count_100ms,11276.84895,10,0.0236398446
trade_through_within_500ms,log_cum_trade_through,9621.895806,10,0.020170539
trade_through_within_500ms,backward_mid_abs_change_ticks_5000ms,5503.312739,10,0.01153668534
trade_through_within_500ms,signed_microprice_offset_ticks,4892.71757,10,0.01025668461
trade_through_within_500ms,bbo_change_count_5000ms,4845.644549,10,0.01015800465
trade_through_within_500ms,signed_log_volume_100ms,4317.262653,10,0.009050348965
trade_through_within_500ms,signed_obi_l1,4097.687364,10,0.008590049661
trade_through_within_500ms,signed_net_depth_flow_l1_1000ms,3682.925219,10,0.007720576929
trade_through_within_500ms,signed_net_depth_flow_l1_250ms,3587.126909,10,0.007519753352
trade_through_within_500ms,log_time_since_print_ms,3434.795086,10,0.007200417636
trade_through_within_500ms,log_own_depth_l5,3396.643033,10,0.007120438858
trade_through_within_500ms,own_concentration_l5,3332.418423,10,0.006985803747
trade_through_within_500ms,signed_trade_imbalance_5000ms,3318.944378,10,0.006957557885
trade_through_within_500ms,time_since_depth_ms,3189.889835,10,0.006687018717
trade_through_within_500ms,signed_net_depth_flow_l1_100ms,3176.769843,10,0.00665951506
trade_through_within_500ms,signed_depth_flow_pressure_l10_250ms,3114.862124,10,0.006529736887
trade_through_within_500ms,signed_depth_flow_pressure_l10_5000ms,3090.442103,10,0.006478544794
trade_through_within_500ms,signed_depth_flow_pressure_l10_1000ms,3055.248366,10,0.006404767582
trade_through_within_500ms,signed_net_depth_flow_l1_5000ms,3053.517045,10,0.006401138186
trade_through_within_500ms,signed_depth_flow_pressure_l10_500ms,3040.174863,10,0.006373168748
trade_through_within_500ms,own_concentration_l10,3038.765936,10,0.006370215193
trade_through_within_500ms,log_time_since_remove_ms,3025.963198,10,0.0063433766
trade_through_within_500ms,time_since_trade_ms,3003.012041,10,0.006295263711
trade_through_within_500ms,opp_concentration_l5,2942.164106,10,0.00616770718
trade_through_within_500ms,time_since_bbo_change_ms,2898.966532,10,0.006077151393
trade_through_within_500ms,signed_trade_imbalance_1000ms,2891.33043,10,0.006061143707
trade_through_within_500ms,own_dispersion_ticks_l10,2881.910445,10,0.006041396437
trade_through_within_500ms,unexplained_removal_share,2866.797362,10,0.006009714631
trade_through_within_500ms,log_own_depth_l10,2864.896685,10,0.006005730211
trade_through_within_500ms,signed_weighted_obi_l5,2863.546981,10,0.006002900805
trade_through_within_500ms,replenishment_ratio,2860.989566,10,0.005997539652
trade_through_within_500ms,relative_remaining_qty,2802.839377,10,0.005875638453
trade_through_within_500ms,signed_net_depth_flow_l5_1000ms,2753.912811,10,0.005773072884
trade_through_within_500ms,signed_depth_flow_pressure_l10_100ms,2745.010984,10,0.005754411837
trade_through_within_500ms,signed_net_depth_flow_l5_100ms,2728.481765,10,0.005719761363
trade_through_within_500ms,log_time_since_qty_change_ms,2670.750191,10,0.005598737711
trade_through_within_500ms,opp_dispersion_ticks_l10,2656.668997,10,0.005569219073
trade_through_within_500ms,opp_concentration_l10,2633.398757,10,0.005520437283
trade_through_within_500ms,signed_weighted_obi_l10,2625.442139,10,0.005503757694
trade_through_within_500ms,signed_obi_l10,2597.758331,10,0.005445723669
trade_through_within_500ms,signed_net_depth_flow_l5_500ms,2576.922556,10,0.005402045292
trade_through_within_500ms,signed_log_volume_5000ms,2523.7296,10,0.005290536019
trade_through_within_500ms,signed_net_depth_flow_l5_250ms,2456.009794,10,0.005148573873
trade_through_within_500ms,signed_log_volume_1000ms,2419.394314,10,0.005071816236
trade_through_within_500ms,signed_net_depth_flow_l1_500ms,2408.961464,10,0.005049945681
trade_through_within_500ms,log_level_age_ms,2383.450019,10,0.004996465618
trade_through_within_500ms,signed_log_volume_250ms,2350.125772,10,0.00492660745
trade_through_within_500ms,log_time_since_add_ms,2327.600014,10,0.00487938633
trade_through_within_500ms,signed_net_depth_flow_l5_5000ms,2282.997004,10,0.004785884305
trade_through_within_500ms,signed_log_volume_500ms,2260.428798,10,0.004738574202
trade_through_within_500ms,log_initial_qty,2259.340936,10,0.004736293698
trade_through_within_500ms,log_cum_trade_at_quote,2250.989229,10,0.004718785877
trade_through_within_500ms,signed_obi_l5,2206.063083,10,0.004624606457
trade_through_within_500ms,log_opp_depth_l1,2201.684984,10,0.004615428576
trade_through_within_500ms,signed_trade_imbalance_500ms,2197.515209,10,0.004606687406
trade_through_within_500ms,log_time_since_replenish_ms,2180.296773,10,0.004570592115
trade_through_within_500ms,log_add_events,2158.047819,10,0.004523951265
trade_through_within_500ms,consumption_ratio,2144.643302,10,0.004495851156
trade_through_within_500ms,log_cum_add,1952.049605,10,0.004092113808
trade_through_within_500ms,log_opp_depth_l10,1947.039777,10,0.004081611623
trade_through_within_500ms,log_opp_depth_l5,1894.755078,10,0.003972006347
trade_through_within_500ms,log_max_qty,1847.847422,10,0.003873673052
trade_through_within_500ms,drawdown_from_max,1756.007626,10,0.003681147773
trade_through_within_500ms,addition_ratio,1722.517068,10,0.003610940964
trade_through_within_500ms,log_cum_remove,1721.547804,10,0.003608909079
trade_through_within_500ms,removal_ratio,1665.070655,10,0.003490515099
trade_through_within_500ms,log_cum_replenish,1628.187001,10,0.003413195287
trade_through_within_500ms,relative_to_max_qty,1600.259387,10,0.003354650168
trade_through_within_500ms,signed_trade_imbalance_250ms,1488.706161,10,0.0031207993
trade_through_within_500ms,log_prints_at_quote,1241.208048,10,0.00260196492
trade_through_within_500ms,log_replenish_events,1160.1003,10,0.002431937409
trade_through_within_500ms,log_remove_events,1072.434978,10,0.002248163147
trade_through_within_500ms,signed_trade_imbalance_100ms,1064.299348,10,0.002231108291
trade_through_within_500ms,backward_mid_abs_change_ticks_1000ms,1035.8694,10,0.002171510123
trade_through_within_500ms,backward_mid_abs_change_ticks_100ms,631.9004432,10,0.00132466333
trade_through_within_500ms,time_since_mid_change_ms,575.3338266,10,0.001206081798
trade_through_within_500ms,backward_mid_abs_change_ticks_500ms,559.6816008,10,0.001173269778
trade_through_within_500ms,backward_mid_abs_change_ticks_250ms,533.6843635,10,0.001118771341
trade_through_within_500ms,bbo_change_count_1000ms,238.3206546,10,0.0004995955221
trade_through_within_500ms,bbo_change_count_500ms,193.551211,10,0.0004057445985
trade_through_within_500ms,depth_event_count_5000ms,177.2444795,10,0.0003715605281
trade_through_within_500ms,bbo_change_count_250ms,71.34704525,10,0.0001495659887
trade_through_within_500ms,depth_event_count_250ms,59.03181903,10,0.0001237493767
trade_through_within_500ms,depth_event_count_1000ms,52.05250392,10,0.0001091185232
trade_through_within_500ms,depth_event_count_500ms,42.53790498,10,8.917291237e-05
trade_through_within_500ms,depth_event_count_100ms,38.13524806,10,7.994355001e-05
trade_through_within_500ms,spread_ticks,26.61794004,10,5.579962709e-05
trade_through_within_500ms,bbo_change_count_100ms,0.5850749969,10,1.226502374e-06
trade_through_within_500ms,has_replenished,0,10,0
