problem,feature,mean_coefficient,median_coefficient,folds_positive,folds
catastrophic_25_conservative,addition_ratio,-0.07283139117,-0.05606334284,0,10
catastrophic_25_conservative,backward_mid_abs_change_ticks_1000ms,0.01049704878,0.01639399771,0.7,10
catastrophic_25_conservative,backward_mid_abs_change_ticks_100ms,-0.007696942543,-0.007782479981,0.4,10
catastrophic_25_conservative,backward_mid_abs_change_ticks_250ms,-0.009372295791,-0.007761049084,0.4,10
catastrophic_25_conservative,backward_mid_abs_change_ticks_5000ms,0.0749956822,0.1215456501,0.6,10
catastrophic_25_conservative,backward_mid_abs_change_ticks_500ms,-0.002544629481,-0.004769721534,0.3,10
catastrophic_25_conservative,bbo_change_count_1000ms,-0.02484348997,-0.0291655669,0,10
catastrophic_25_conservative,bbo_change_count_100ms,-0.01107117194,-0.004398464924,0.5,10
catastrophic_25_conservative,bbo_change_count_250ms,-0.006658750353,-0.01376607548,0.3,10
catastrophic_25_conservative,bbo_change_count_5000ms,-0.01246085446,-0.03338853549,0.4,10
catastrophic_25_conservative,bbo_change_count_500ms,-0.003983639961,-0.004069821909,0.4,10
catastrophic_25_conservative,consumption_ratio,-0.02632813072,-0.02602603473,0,10
catastrophic_25_conservative,depth_event_count_1000ms,0.002934799774,0.005205748836,0.8,10
catastrophic_25_conservative,depth_event_count_100ms,0.0006816937006,0.001805042091,0.7,10
catastrophic_25_conservative,depth_event_count_250ms,-0.0004868668795,-0.0008169386128,0.4,10
catastrophic_25_conservative,depth_event_count_5000ms,-0.003678990831,-0.00301352411,0.2,10
catastrophic_25_conservative,depth_event_count_500ms,-0.003173204768,-0.00567712402,0.2,10
catastrophic_25_conservative,drawdown_from_max,0.03635157142,0.03885943256,1,10
catastrophic_25_conservative,has_replenished,0.0286089831,0.03469555639,1,10
catastrophic_25_conservative,log_add_events,0.2705541,0.2521450445,1,10
catastrophic_25_conservative,log_cum_add,-0.0523191683,-0.04386398196,0,10
catastrophic_25_conservative,log_cum_remove,0.02469995674,0.03874238022,0.9,10
catastrophic_25_conservative,log_cum_replenish,-0.05118471012,-0.05150855705,0,10
catastrophic_25_conservative,log_cum_trade_at_quote,0.02993571957,0.01633594045,0.8,10
catastrophic_25_conservative,log_cum_trade_through,-0.03242395055,-0.03259433247,0,10
catastrophic_25_conservative,log_current_qty,-0.1283058699,-0.1057269052,0,10
catastrophic_25_conservative,log_initial_qty,0.03017219966,0.04228360578,0.8,10
catastrophic_25_conservative,log_level_age_ms,-0.2972682923,-0.3367041349,0,10
catastrophic_25_conservative,log_max_qty,-0.00857021031,-0.01032165042,0.5,10
catastrophic_25_conservative,log_opp_depth_l1,0.06773478668,0.01401168015,0.6,10
catastrophic_25_conservative,log_opp_depth_l10,-0.1652249388,-0.1164334007,0,10
catastrophic_25_conservative,log_opp_depth_l5,0.2294343889,0.181968376,1,10
catastrophic_25_conservative,log_own_depth_l1,-0.1283061218,-0.1057269052,0,10
catastrophic_25_conservative,log_own_depth_l10,0.6584416509,0.6755818725,1,10
catastrophic_25_conservative,log_own_depth_l5,-0.3638142504,-0.3891055435,0.1,10
catastrophic_25_conservative,log_prints_at_quote,-0.04657599605,-0.05592224933,0.3,10
catastrophic_25_conservative,log_prints_through,0.08801259771,0.08553151041,1,10
catastrophic_25_conservative,log_remove_events,0.09859858667,0.08961511403,1,10
catastrophic_25_conservative,log_replenish_events,-0.02054859453,-0.01242693141,0.3,10
catastrophic_25_conservative,log_time_since_add_ms,-0.007556347176,-0.02274907473,0.3,10
catastrophic_25_conservative,log_time_since_print_ms,-0.03570227921,-0.03363271244,0,10
catastrophic_25_conservative,log_time_since_qty_change_ms,-0.01942507499,-0.0178630827,0,10
catastrophic_25_conservative,log_time_since_remove_ms,0.003921225551,0.001312592882,0.5,10
catastrophic_25_conservative,log_time_since_replenish_ms,0.0004701807164,0.01614641678,0.7,10
catastrophic_25_conservative,opp_concentration_l10,-0.09601579793,-0.08585342765,0,10
catastrophic_25_conservative,opp_concentration_l5,0.06041587573,0.050757071,1,10
catastrophic_25_conservative,opp_dispersion_ticks_l10,-0.03799121322,-0.0363863688,0,10
catastrophic_25_conservative,own_concentration_l10,0.4643159807,0.4636241198,1,10
catastrophic_25_conservative,own_concentration_l5,-0.1040362014,-0.1275940016,0.1,10
catastrophic_25_conservative,own_dispersion_ticks_l10,0.03629735845,0.02831001114,0.8,10
catastrophic_25_conservative,relative_remaining_qty,0.0138045898,0.02814019937,0.7,10
catastrophic_25_conservative,relative_to_max_qty,-0.03635132015,-0.03885939531,0,10
catastrophic_25_conservative,removal_ratio,0.06156634632,0.04750505462,1,10
catastrophic_25_conservative,replenishment_ratio,-0.001124602975,0.001982125628,0.6,10
catastrophic_25_conservative,signed_depth_flow_pressure_l10_1000ms,0.03037878629,0.02923750039,1,10
catastrophic_25_conservative,signed_depth_flow_pressure_l10_100ms,0.006566259183,0.006870398764,0.8,10
catastrophic_25_conservative,signed_depth_flow_pressure_l10_250ms,0.007917107199,0.009565515909,0.7,10
catastrophic_25_conservative,signed_depth_flow_pressure_l10_5000ms,-0.01192504961,-0.01354760118,0.1,10
catastrophic_25_conservative,signed_depth_flow_pressure_l10_500ms,0.004600529345,0.00219156791,0.7,10
catastrophic_25_conservative,signed_log_volume_1000ms,-0.02924397532,-0.02922929358,0,10
catastrophic_25_conservative,signed_log_volume_100ms,-0.009561062604,-0.003950036247,0.4,10
catastrophic_25_conservative,signed_log_volume_250ms,-0.001810740703,0.0001214862568,0.5,10
catastrophic_25_conservative,signed_log_volume_5000ms,0.01507735457,0.02314157505,0.7,10
catastrophic_25_conservative,signed_log_volume_500ms,-0.02155295275,-0.02798959427,0.1,10
catastrophic_25_conservative,signed_microprice_offset_ticks,-0.06077396704,-0.05642476492,0.1,10
catastrophic_25_conservative,signed_net_depth_flow_l1_1000ms,-0.02448227657,-0.02591893543,0,10
catastrophic_25_conservative,signed_net_depth_flow_l1_100ms,0.02893036772,0.02581778727,1,10
catastrophic_25_conservative,signed_net_depth_flow_l1_250ms,-0.01810993177,-0.01667162683,0.1,10
catastrophic_25_conservative,signed_net_depth_flow_l1_5000ms,0.001972471271,0.003147625015,0.6,10
catastrophic_25_conservative,signed_net_depth_flow_l1_500ms,0.01305951662,0.01230465295,0.8,10
catastrophic_25_conservative,signed_net_depth_flow_l5_1000ms,-0.02116476507,-0.02059253491,0,10
catastrophic_25_conservative,signed_net_depth_flow_l5_100ms,-0.03143619038,-0.03095706459,0,10
catastrophic_25_conservative,signed_net_depth_flow_l5_250ms,0.01471331757,0.01338337548,0.9,10
catastrophic_25_conservative,signed_net_depth_flow_l5_5000ms,-0.01790891569,-0.017403787,0,10
catastrophic_25_conservative,signed_net_depth_flow_l5_500ms,-0.03137013158,-0.01901810616,0,10
catastrophic_25_conservative,signed_obi_l1,0.1031372856,0.06177654117,0.7,10
catastrophic_25_conservative,signed_obi_l10,-0.3510099381,-0.3722552806,0,10
catastrophic_25_conservative,signed_obi_l5,0.178218421,0.104404632,0.6,10
catastrophic_25_conservative,signed_trade_imbalance_1000ms,0.0650870584,0.06498204172,1,10
catastrophic_25_conservative,signed_trade_imbalance_100ms,0.009119844576,0.009019332821,0.7,10
catastrophic_25_conservative,signed_trade_imbalance_250ms,0.02509376118,0.02720303461,1,10
catastrophic_25_conservative,signed_trade_imbalance_5000ms,0.08381548263,0.06762710214,1,10
catastrophic_25_conservative,signed_trade_imbalance_500ms,0.02950476892,0.03184929211,1,10
catastrophic_25_conservative,signed_weighted_obi_l10,0.3360864028,0.3162916899,1,10
catastrophic_25_conservative,signed_weighted_obi_l5,0.1113832661,0.1564212218,0.8,10
catastrophic_25_conservative,spread_ticks,0.0009089330444,0,0.2,10
catastrophic_25_conservative,time_since_bbo_change_ms,0.03201314975,0.0279153306,1,10
catastrophic_25_conservative,time_since_depth_ms,0.01412231904,0.01402657619,0.9,10
catastrophic_25_conservative,time_since_mid_change_ms,0.03201219104,0.02791467775,1,10
catastrophic_25_conservative,time_since_trade_ms,0.02540266423,0.03194459341,0.9,10
catastrophic_25_conservative,trade_count_1000ms,-0.01033119999,-0.01728008874,0.3,10
catastrophic_25_conservative,trade_count_100ms,0.01067461418,0.00942645967,1,10
catastrophic_25_conservative,trade_count_250ms,-0.007917550392,-0.00553957792,0.4,10
catastrophic_25_conservative,trade_count_5000ms,-0.02151510585,-0.01385854045,0.1,10
catastrophic_25_conservative,trade_count_500ms,0.01586561869,0.01505489647,0.7,10
catastrophic_25_conservative,unexplained_removal_share,0.02558367532,0.02891836222,1,10
catastrophic_25_midpoint,addition_ratio,-0.02599766243,-0.02120251954,0,10
catastrophic_25_midpoint,backward_mid_abs_change_ticks_1000ms,0.0003129121149,0.0075342973,0.6,10
catastrophic_25_midpoint,backward_mid_abs_change_ticks_100ms,-0.01985347001,-0.02835082728,0.4,10
catastrophic_25_midpoint,backward_mid_abs_change_ticks_250ms,-0.001194833405,-0.001318967901,0.5,10
catastrophic_25_midpoint,backward_mid_abs_change_ticks_5000ms,0.04540212378,0.07799394429,0.6,10
catastrophic_25_midpoint,backward_mid_abs_change_ticks_500ms,-0.0005350111576,-0.0008515500522,0.5,10
catastrophic_25_midpoint,bbo_change_count_1000ms,-0.02070430312,-0.01461512456,0.1,10
catastrophic_25_midpoint,bbo_change_count_100ms,-0.02345801455,-0.01078245649,0.1,10
catastrophic_25_midpoint,bbo_change_count_250ms,-0.01443256619,-0.01653858332,0.4,10
catastrophic_25_midpoint,bbo_change_count_5000ms,0.03928883462,0.008554118802,0.6,10
catastrophic_25_midpoint,bbo_change_count_500ms,0.002422434313,0.001496630663,0.6,10
catastrophic_25_midpoint,consumption_ratio,0.006764736515,0.0006188667612,0.6,10
catastrophic_25_midpoint,depth_event_count_1000ms,0.005570595595,0.005524871638,0.9,10
catastrophic_25_midpoint,depth_event_count_100ms,-0.001292863299,-0.0005980000424,0.3,10
catastrophic_25_midpoint,depth_event_count_250ms,0.01172270076,0.01068669604,1,10
catastrophic_25_midpoint,depth_event_count_5000ms,-0.001272535278,-7.854949217e-05,0.5,10
catastrophic_25_midpoint,depth_event_count_500ms,-0.003957071132,-0.004463065183,0.2,10
catastrophic_25_midpoint,drawdown_from_max,0.04412926491,0.04323515482,1,10
catastrophic_25_midpoint,has_replenished,0.0116403989,0.007134453859,0.5,10
catastrophic_25_midpoint,log_add_events,0.2465443149,0.2663869262,1,10
catastrophic_25_midpoint,log_cum_add,-0.02020094871,-0.02525253501,0.1,10
catastrophic_25_midpoint,log_cum_remove,-0.04288974954,-0.03125997446,0.1,10
catastrophic_25_midpoint,log_cum_replenish,0.01000669469,0.006465626881,0.7,10
catastrophic_25_midpoint,log_cum_trade_at_quote,0.03504116619,0.02742018178,1,10
catastrophic_25_midpoint,log_cum_trade_through,-0.04060279895,-0.0388810169,0,10
catastrophic_25_midpoint,log_current_qty,-0.1433512412,-0.1225832738,0,10
catastrophic_25_midpoint,log_initial_qty,0.105811768,0.1091915034,1,10
catastrophic_25_midpoint,log_level_age_ms,-0.3073508022,-0.3229417503,0,10
catastrophic_25_midpoint,log_max_qty,-0.02350737546,-0.03214274254,0.2,10
catastrophic_25_midpoint,log_opp_depth_l1,0.1742346124,0.0363792479,0.8,10
catastrophic_25_midpoint,log_opp_depth_l10,-0.1747421754,-0.1128915213,0,10
catastrophic_25_midpoint,log_opp_depth_l5,0.1184015614,0.1092496216,0.9,10
catastrophic_25_midpoint,log_own_depth_l1,-0.1433508076,-0.1225832738,0,10
catastrophic_25_midpoint,log_own_depth_l10,0.4232686594,0.4404565841,1,10
catastrophic_25_midpoint,log_own_depth_l5,-0.216026705,-0.2213303149,0.2,10
catastrophic_25_midpoint,log_prints_at_quote,-0.1778095491,-0.1845376939,0,10
catastrophic_25_midpoint,log_prints_through,0.110366299,0.109944433,1,10
catastrophic_25_midpoint,log_remove_events,0.1311264288,0.140797995,1,10
catastrophic_25_midpoint,log_replenish_events,-0.04724536273,-0.0580136925,0.2,10
catastrophic_25_midpoint,log_time_since_add_ms,0.05994601185,0.04648751207,1,10
catastrophic_25_midpoint,log_time_since_print_ms,-0.03762775455,-0.0355330985,0,10
catastrophic_25_midpoint,log_time_since_qty_change_ms,-0.02318393486,-0.02331540547,0,10
catastrophic_25_midpoint,log_time_since_remove_ms,0.004533119884,0.002705484221,0.5,10
catastrophic_25_midpoint,log_time_since_replenish_ms,-0.05515768193,-0.03622995503,0,10
catastrophic_25_midpoint,opp_concentration_l10,-0.110513743,-0.09017532691,0,10
catastrophic_25_midpoint,opp_concentration_l5,0.04269514661,0.04945656285,0.9,10
catastrophic_25_midpoint,opp_dispersion_ticks_l10,-0.009953810781,-0.01686471701,0.3,10
catastrophic_25_midpoint,own_concentration_l10,0.3637993813,0.3650248349,1,10
catastrophic_25_midpoint,own_concentration_l5,-0.1027598739,-0.1022903174,0,10
catastrophic_25_midpoint,own_dispersion_ticks_l10,0.05233744998,0.04964695312,1,10
catastrophic_25_midpoint,relative_remaining_qty,0.01756070942,0.02005332336,0.7,10
catastrophic_25_midpoint,relative_to_max_qty,-0.04412917923,-0.04323430359,0,10
catastrophic_25_midpoint,removal_ratio,0.007354550911,-0.000762259077,0.5,10
catastrophic_25_midpoint,replenishment_ratio,-0.01068448196,-0.007722181035,0,10
catastrophic_25_midpoint,signed_depth_flow_pressure_l10_1000ms,0.01122071636,0.009956620168,1,10
catastrophic_25_midpoint,signed_depth_flow_pressure_l10_100ms,0.0092555115,0.007662497461,1,10
catastrophic_25_midpoint,signed_depth_flow_pressure_l10_250ms,-0.004940211706,-0.002877104693,0.4,10
catastrophic_25_midpoint,signed_depth_flow_pressure_l10_5000ms,-0.03405749341,-0.03097264282,0,10
catastrophic_25_midpoint,signed_depth_flow_pressure_l10_500ms,0.004666295554,0.005651299609,0.8,10
catastrophic_25_midpoint,signed_log_volume_1000ms,-0.01836262825,-0.01965228096,0,10
catastrophic_25_midpoint,signed_log_volume_100ms,-0.00550462293,0.0004304289323,0.6,10
catastrophic_25_midpoint,signed_log_volume_250ms,-0.02026278665,-0.0176338926,0,10
catastrophic_25_midpoint,signed_log_volume_5000ms,0.005191048398,0.002270788304,0.6,10
catastrophic_25_midpoint,signed_log_volume_500ms,-0.01034481496,-0.01387509331,0.3,10
catastrophic_25_midpoint,signed_microprice_offset_ticks,0.04453419279,0.06112921238,0.7,10
catastrophic_25_midpoint,signed_net_depth_flow_l1_1000ms,-0.02039218829,-0.01737143099,0,10
catastrophic_25_midpoint,signed_net_depth_flow_l1_100ms,0.01879311707,0.01359860273,1,10
catastrophic_25_midpoint,signed_net_depth_flow_l1_250ms,-0.003380310233,-0.002770686813,0.3,10
catastrophic_25_midpoint,signed_net_depth_flow_l1_5000ms,0.002499028249,0.002090709051,0.5,10
catastrophic_25_midpoint,signed_net_depth_flow_l1_500ms,-0.0007852155453,-0.003713654456,0.4,10
catastrophic_25_midpoint,signed_net_depth_flow_l5_1000ms,-0.01669391075,-0.016357054,0,10
catastrophic_25_midpoint,signed_net_depth_flow_l5_100ms,-0.01978072016,-0.02208345011,0,10
catastrophic_25_midpoint,signed_net_depth_flow_l5_250ms,0.01427444165,0.01329108886,0.9,10
catastrophic_25_midpoint,signed_net_depth_flow_l5_5000ms,-0.02771976888,-0.02568240371,0,10
catastrophic_25_midpoint,signed_net_depth_flow_l5_500ms,-0.01835598291,-0.009236482438,0,10
catastrophic_25_midpoint,signed_obi_l1,0.08287431679,0.08189853653,1,10
catastrophic_25_midpoint,signed_obi_l10,-0.1216912817,-0.09785429388,0,10
catastrophic_25_midpoint,signed_obi_l5,-0.04600164229,-0.05517781898,0.1,10
catastrophic_25_midpoint,signed_trade_imbalance_1000ms,0.06278765798,0.06531780213,1,10
catastrophic_25_midpoint,signed_trade_imbalance_100ms,0.009392131191,0.01062558731,0.7,10
catastrophic_25_midpoint,signed_trade_imbalance_250ms,0.03218766563,0.02900524903,1,10
catastrophic_25_midpoint,signed_trade_imbalance_5000ms,0.1221993305,0.1261734478,1,10
catastrophic_25_midpoint,signed_trade_imbalance_500ms,0.02998052873,0.03142734431,1,10
catastrophic_25_midpoint,signed_weighted_obi_l10,0.276573208,0.2484411597,1,10
catastrophic_25_midpoint,signed_weighted_obi_l5,0.05403089449,0.06136265583,0.9,10
catastrophic_25_midpoint,spread_ticks,-0.0004976164229,0,0.1,10
catastrophic_25_midpoint,time_since_bbo_change_ms,0.03288485948,0.0298861526,1,10
catastrophic_25_midpoint,time_since_depth_ms,0.02580680605,0.02738948725,1,10
catastrophic_25_midpoint,time_since_mid_change_ms,0.03288223073,0.02988036163,1,10
catastrophic_25_midpoint,time_since_trade_ms,0.01595174205,0.01953312475,1,10
catastrophic_25_midpoint,trade_count_1000ms,-0.0065383062,-0.01240895037,0.4,10
catastrophic_25_midpoint,trade_count_100ms,0.02576433872,0.02046845481,1,10
catastrophic_25_midpoint,trade_count_250ms,0.001672944457,0.004614802776,0.7,10
catastrophic_25_midpoint,trade_count_5000ms,-0.009760947374,-0.01216795295,0.3,10
catastrophic_25_midpoint,trade_count_500ms,0.005304203939,0.003496310499,0.6,10
catastrophic_25_midpoint,unexplained_removal_share,0.03282766137,0.03536388837,1,10
catastrophic_25_optimistic,addition_ratio,0.007606884837,0.04955336824,0.7,10
catastrophic_25_optimistic,backward_mid_abs_change_ticks_1000ms,-0.0193762209,-0.01369878976,0.3,10
catastrophic_25_optimistic,backward_mid_abs_change_ticks_100ms,-0.03931000866,-0.04766554572,0,10
catastrophic_25_optimistic,backward_mid_abs_change_ticks_250ms,-0.01619499987,-0.02942279819,0.4,10
catastrophic_25_optimistic,backward_mid_abs_change_ticks_5000ms,-0.03138838147,-0.00234756188,0.5,10
catastrophic_25_optimistic,backward_mid_abs_change_ticks_500ms,-0.007470785582,-0.00734047615,0.3,10
catastrophic_25_optimistic,bbo_change_count_1000ms,0.001704436168,0.009253286757,0.6,10
catastrophic_25_optimistic,bbo_change_count_100ms,-0.006063927849,-0.003645606568,0.4,10
catastrophic_25_optimistic,bbo_change_count_250ms,-0.01381685557,-0.0157559244,0.2,10
catastrophic_25_optimistic,bbo_change_count_5000ms,0.1340514455,0.09556517005,0.9,10
catastrophic_25_optimistic,bbo_change_count_500ms,0.01486027628,0.01245463453,0.8,10
catastrophic_25_optimistic,consumption_ratio,0.01791430294,0.02172612399,0.9,10
catastrophic_25_optimistic,depth_event_count_1000ms,0.003461749811,0.002641591942,0.8,10
catastrophic_25_optimistic,depth_event_count_100ms,-0.01832895977,-0.01964817476,0,10
catastrophic_25_optimistic,depth_event_count_250ms,0.002297175157,0.003847999615,0.7,10
catastrophic_25_optimistic,depth_event_count_5000ms,-0.0132656449,-0.01091545401,0,10
catastrophic_25_optimistic,depth_event_count_500ms,-0.007873522141,-0.006960607134,0,10
catastrophic_25_optimistic,drawdown_from_max,0.03743006503,0.03994477727,1,10
catastrophic_25_optimistic,has_replenished,-0.02883950246,-0.03036901169,0.1,10
catastrophic_25_optimistic,log_add_events,0.01528339963,0.02233339008,0.6,10
catastrophic_25_optimistic,log_cum_add,0.0192942583,0.01778180152,0.8,10
catastrophic_25_optimistic,log_cum_remove,-0.02414431293,-0.03514971212,0.3,10
catastrophic_25_optimistic,log_cum_replenish,0.1379150376,0.1445280463,1,10
catastrophic_25_optimistic,log_cum_trade_at_quote,0.05667254012,0.06037566625,1,10
catastrophic_25_optimistic,log_cum_trade_through,-0.03743779073,-0.03733186424,0,10
catastrophic_25_optimistic,log_current_qty,-0.1735186197,-0.1953050792,0,10
catastrophic_25_optimistic,log_initial_qty,0.05555211734,0.06163716875,1,10
catastrophic_25_optimistic,log_level_age_ms,-0.463107419,-0.499364838,0,10
catastrophic_25_optimistic,log_max_qty,0.1027830929,0.1023196056,1,10
catastrophic_25_optimistic,log_opp_depth_l1,-0.05101226438,-0.09985893592,0.2,10
catastrophic_25_optimistic,log_opp_depth_l10,-0.1279783554,-0.09195106849,0,10
catastrophic_25_optimistic,log_opp_depth_l5,-0.1028199863,-0.1117618605,0,10
catastrophic_25_optimistic,log_own_depth_l1,-0.1735186197,-0.1953050792,0,10
catastrophic_25_optimistic,log_own_depth_l10,-0.01611480191,0.03513714299,0.6,10
catastrophic_25_optimistic,log_own_depth_l5,-0.04912739452,-0.0675984472,0.2,10
catastrophic_25_optimistic,log_prints_at_quote,-0.08583122604,-0.1293966509,0.4,10
catastrophic_25_optimistic,log_prints_through,0.1108237386,0.1101241261,1,10
catastrophic_25_optimistic,log_remove_events,0.04869503196,0.05984259397,0.7,10
catastrophic_25_optimistic,log_replenish_events,-0.0705196362,-0.08033018559,0.1,10
catastrophic_25_optimistic,log_time_since_add_ms,-0.01317353711,-0.01504857186,0.3,10
catastrophic_25_optimistic,log_time_since_print_ms,-0.1014779959,-0.1038612798,0,10
catastrophic_25_optimistic,log_time_since_qty_change_ms,0.02999248792,0.03250733577,1,10
catastrophic_25_optimistic,log_time_since_remove_ms,-0.01533711553,-0.01838179072,0.2,10
catastrophic_25_optimistic,log_time_since_replenish_ms,-0.02718893895,-0.02413005754,0.1,10
catastrophic_25_optimistic,opp_concentration_l10,-0.07959818263,-0.06986035779,0,10
catastrophic_25_optimistic,opp_concentration_l5,-0.02475129005,-0.0287658684,0.2,10
catastrophic_25_optimistic,opp_dispersion_ticks_l10,-0.02962267441,-0.02065557428,0,10
catastrophic_25_optimistic,own_concentration_l10,0.2290781841,0.2479900047,1,10
catastrophic_25_optimistic,own_concentration_l5,-0.0718374487,-0.06943844631,0,10
catastrophic_25_optimistic,own_dispersion_ticks_l10,0.05826996313,0.06952688098,1,10
catastrophic_25_optimistic,relative_remaining_qty,-0.02207045723,-0.02962725796,0.2,10
catastrophic_25_optimistic,relative_to_max_qty,-0.03742982917,-0.03994468227,0,10
catastrophic_25_optimistic,removal_ratio,-0.001303009689,-0.02421132103,0.3,10
catastrophic_25_optimistic,replenishment_ratio,-0.01402641097,-0.01556320023,0,10
catastrophic_25_optimistic,signed_depth_flow_pressure_l10_1000ms,-0.03931604158,-0.03937213495,0,10
catastrophic_25_optimistic,signed_depth_flow_pressure_l10_100ms,0.004797683074,-0.001293869223,0.5,10
catastrophic_25_optimistic,signed_depth_flow_pressure_l10_250ms,-0.009260571309,-0.007089730818,0.1,10
catastrophic_25_optimistic,signed_depth_flow_pressure_l10_5000ms,-0.08441679142,-0.09282999113,0,10
catastrophic_25_optimistic,signed_depth_flow_pressure_l10_500ms,-0.02823568583,-0.03043425176,0,10
catastrophic_25_optimistic,signed_log_volume_1000ms,-0.05167474747,-0.04794423282,0,10
catastrophic_25_optimistic,signed_log_volume_100ms,0.01571693252,0.01492605056,0.8,10
catastrophic_25_optimistic,signed_log_volume_250ms,0.01109670936,0.009526819689,0.7,10
catastrophic_25_optimistic,signed_log_volume_5000ms,-0.01806847733,-0.0182955903,0.1,10
catastrophic_25_optimistic,signed_log_volume_500ms,-0.01584079424,-0.013157757,0,10
catastrophic_25_optimistic,signed_microprice_offset_ticks,-0.2031685755,-0.2168141156,0,10
catastrophic_25_optimistic,signed_net_depth_flow_l1_1000ms,0.005301186349,0.01773106959,0.7,10
catastrophic_25_optimistic,signed_net_depth_flow_l1_100ms,0.007515884214,0.007747329073,0.6,10
catastrophic_25_optimistic,signed_net_depth_flow_l1_250ms,-0.003219557754,0.002168461564,0.7,10
catastrophic_25_optimistic,signed_net_depth_flow_l1_5000ms,-0.02220409724,-0.01479664026,0.3,10
catastrophic_25_optimistic,signed_net_depth_flow_l1_500ms,0.03346131407,0.02776160836,1,10
catastrophic_25_optimistic,signed_net_depth_flow_l5_1000ms,-0.0354029119,-0.03972523473,0.1,10
catastrophic_25_optimistic,signed_net_depth_flow_l5_100ms,-0.01882954999,-0.02581186686,0.4,10
catastrophic_25_optimistic,signed_net_depth_flow_l5_250ms,-0.002144330554,-0.004899057327,0.3,10
catastrophic_25_optimistic,signed_net_depth_flow_l5_5000ms,-0.02763375873,-0.028684997,0,10
catastrophic_25_optimistic,signed_net_depth_flow_l5_500ms,-0.02122827191,-0.01073736371,0.1,10
catastrophic_25_optimistic,signed_obi_l1,-0.212952134,-0.2158395201,0,10
catastrophic_25_optimistic,signed_obi_l10,-0.004298052471,-0.01984955976,0.4,10
catastrophic_25_optimistic,signed_obi_l5,-0.05998588577,-0.02975691576,0,10
catastrophic_25_optimistic,signed_trade_imbalance_1000ms,0.1087346882,0.1047963649,1,10
catastrophic_25_optimistic,signed_trade_imbalance_100ms,0.02479629563,0.0229285704,0.9,10
catastrophic_25_optimistic,signed_trade_imbalance_250ms,0.003366348869,0.004525181605,0.6,10
catastrophic_25_optimistic,signed_trade_imbalance_5000ms,0.1389395565,0.1442898661,1,10
catastrophic_25_optimistic,signed_trade_imbalance_500ms,0.05414101407,0.05331637524,1,10
catastrophic_25_optimistic,signed_weighted_obi_l10,0.04678003481,0.03491222672,0.8,10
catastrophic_25_optimistic,signed_weighted_obi_l5,-0.02088858681,-0.02160608117,0.2,10
catastrophic_25_optimistic,spread_ticks,-0.001889231661,0,0,10
catastrophic_25_optimistic,time_since_bbo_change_ms,-0.04432743359,-0.04521255568,0,10
catastrophic_25_optimistic,time_since_depth_ms,0.02730333242,0.03319626674,0.8,10
catastrophic_25_optimistic,time_since_mid_change_ms,-0.04433001112,-0.04521742277,0,10
catastrophic_25_optimistic,time_since_trade_ms,0.006592070591,0.01318771672,0.7,10
catastrophic_25_optimistic,trade_count_1000ms,-0.001233748859,-0.00332185498,0.4,10
catastrophic_25_optimistic,trade_count_100ms,0.07553300932,0.07203129679,1,10
catastrophic_25_optimistic,trade_count_250ms,0.03590505111,0.05083751865,0.8,10
catastrophic_25_optimistic,trade_count_5000ms,0.04649249762,0.05421261117,0.8,10
catastrophic_25_optimistic,trade_count_500ms,0.01326339492,0.0112083219,0.8,10
catastrophic_25_optimistic,unexplained_removal_share,0.01028014087,0.01216795528,1,10
catastrophic_50_conservative,addition_ratio,-0.1887859755,-0.03206350934,0.2,10
catastrophic_50_conservative,backward_mid_abs_change_ticks_1000ms,0.006174064614,0.01023948705,0.6,10
catastrophic_50_conservative,backward_mid_abs_change_ticks_100ms,-0.006146265566,-0.01114486391,0.4,10
catastrophic_50_conservative,backward_mid_abs_change_ticks_250ms,-0.02191150796,-0.02126305271,0,10
catastrophic_50_conservative,backward_mid_abs_change_ticks_5000ms,0.06274765832,0.05763597414,0.9,10
catastrophic_50_conservative,backward_mid_abs_change_ticks_500ms,0.01029355139,0.006558982888,0.8,10
catastrophic_50_conservative,bbo_change_count_1000ms,-0.0007874727948,0.005469555152,0.6,10
catastrophic_50_conservative,bbo_change_count_100ms,-0.02329191319,0.001422914414,0.5,10
catastrophic_50_conservative,bbo_change_count_250ms,0.001358176646,0.008511372231,0.5,10
catastrophic_50_conservative,bbo_change_count_5000ms,0.05019328962,0.02198204771,0.8,10
catastrophic_50_conservative,bbo_change_count_500ms,-0.01933455304,-0.02203415427,0,10
catastrophic_50_conservative,consumption_ratio,-0.03739223126,-0.03802480921,0,10
catastrophic_50_conservative,depth_event_count_1000ms,0.01140202582,0.01245209109,1,10
catastrophic_50_conservative,depth_event_count_100ms,0.00631135616,0.007374439854,0.9,10
catastrophic_50_conservative,depth_event_count_250ms,0.001092333178,0.001919671398,0.6,10
catastrophic_50_conservative,depth_event_count_5000ms,-0.009114329412,-0.008861695416,0.1,10
catastrophic_50_conservative,depth_event_count_500ms,-0.01267297771,-0.01363317436,0,10
catastrophic_50_conservative,drawdown_from_max,0.04920772891,0.0495703388,1,10
catastrophic_50_conservative,has_replenished,-0.008026302059,-0.01690791873,0.4,10
catastrophic_50_conservative,log_add_events,0.509898451,0.5151537061,1,10
catastrophic_50_conservative,log_cum_add,-0.09879614972,-0.09853427112,0,10
catastrophic_50_conservative,log_cum_remove,0.1328604762,0.1310139075,1,10
catastrophic_50_conservative,log_cum_replenish,0.05158569082,0.07225866988,0.9,10
catastrophic_50_conservative,log_cum_trade_at_quote,-0.0009930251748,0.007230588468,0.6,10
catastrophic_50_conservative,log_cum_trade_through,0.01481355927,0.0141813471,0.9,10
catastrophic_50_conservative,log_current_qty,0.02753949473,0.02417541295,0.8,10
catastrophic_50_conservative,log_initial_qty,-0.03551445277,-0.02433242742,0.4,10
catastrophic_50_conservative,log_level_age_ms,-0.4883553207,-0.4746435285,0,10
catastrophic_50_conservative,log_max_qty,-0.1534091143,-0.1410709769,0,10
catastrophic_50_conservative,log_opp_depth_l1,0.1565461092,0.1268870309,1,10
catastrophic_50_conservative,log_opp_depth_l10,-0.2790753245,-0.2704078406,0,10
catastrophic_50_conservative,log_opp_depth_l5,0.1650917575,0.1027410291,1,10
catastrophic_50_conservative,log_own_depth_l1,0.02754143635,0.02417541295,0.8,10
catastrophic_50_conservative,log_own_depth_l10,0.2553003155,0.2712332457,1,10
catastrophic_50_conservative,log_own_depth_l5,-0.06031808741,-0.1190604195,0.2,10
catastrophic_50_conservative,log_prints_at_quote,0.1359562778,0.1293021552,1,10
catastrophic_50_conservative,log_prints_through,0.03802616298,0.03649787977,1,10
catastrophic_50_conservative,log_remove_events,-0.03791924343,-0.03699320368,0.4,10
catastrophic_50_conservative,log_replenish_events,-0.1222811669,-0.1161734238,0,10
catastrophic_50_conservative,log_time_since_add_ms,-0.04748269692,-0.02920592111,0,10
catastrophic_50_conservative,log_time_since_print_ms,-0.04487533909,-0.04737992957,0,10
catastrophic_50_conservative,log_time_since_qty_change_ms,-0.006983953144,-0.01353493892,0.3,10
catastrophic_50_conservative,log_time_since_remove_ms,-0.01198134662,-0.01588494144,0.1,10
catastrophic_50_conservative,log_time_since_replenish_ms,0.03647663721,0.02115244232,1,10
catastrophic_50_conservative,opp_concentration_l10,-0.08964661885,-0.08320138976,0.1,10
catastrophic_50_conservative,opp_concentration_l5,0.04552364997,0.03865479678,1,10
catastrophic_50_conservative,opp_dispersion_ticks_l10,0.002991272369,-0.01115888869,0.3,10
catastrophic_50_conservative,own_concentration_l10,0.1982615575,0.2011508271,1,10
catastrophic_50_conservative,own_concentration_l5,-0.07311426308,-0.07841650024,0,10
catastrophic_50_conservative,own_dispersion_ticks_l10,-0.01558899665,-0.02433140483,0.4,10
catastrophic_50_conservative,relative_remaining_qty,0.04725943878,0.03217545059,0.8,10
catastrophic_50_conservative,relative_to_max_qty,-0.04920819718,-0.0495703686,0,10
catastrophic_50_conservative,removal_ratio,0.1051402299,-0.00222385698,0.4,10
catastrophic_50_conservative,replenishment_ratio,0.01918355944,0.01858864445,1,10
catastrophic_50_conservative,signed_depth_flow_pressure_l10_1000ms,-0.001582969155,0.0009921829333,0.5,10
catastrophic_50_conservative,signed_depth_flow_pressure_l10_100ms,0.003158556321,0.002726066275,0.7,10
catastrophic_50_conservative,signed_depth_flow_pressure_l10_250ms,0.01052059266,0.01203967584,1,10
catastrophic_50_conservative,signed_depth_flow_pressure_l10_5000ms,-0.007298532815,-0.007893264527,0.3,10
catastrophic_50_conservative,signed_depth_flow_pressure_l10_500ms,0.02338550333,0.01975192223,1,10
catastrophic_50_conservative,signed_log_volume_1000ms,-0.02231564298,-0.01988787111,0,10
catastrophic_50_conservative,signed_log_volume_100ms,-0.0177955791,-0.01724047493,0.1,10
catastrophic_50_conservative,signed_log_volume_250ms,0.000512725208,0.008176220581,0.6,10
catastrophic_50_conservative,signed_log_volume_5000ms,-0.01001402771,-0.01078284439,0.2,10
catastrophic_50_conservative,signed_log_volume_500ms,-0.01379036624,-0.01894097961,0.2,10
catastrophic_50_conservative,signed_microprice_offset_ticks,0.07930086181,0.0702828113,0.7,10
catastrophic_50_conservative,signed_net_depth_flow_l1_1000ms,0.008083919654,0.005797469523,0.9,10
catastrophic_50_conservative,signed_net_depth_flow_l1_100ms,0.01923420554,0.01747635845,1,10
catastrophic_50_conservative,signed_net_depth_flow_l1_250ms,-0.00130949078,9.930491797e-05,0.5,10
catastrophic_50_conservative,signed_net_depth_flow_l1_5000ms,0.03950586589,0.04510844685,0.9,10
catastrophic_50_conservative,signed_net_depth_flow_l1_500ms,-0.00970371915,-0.01555576315,0.2,10
catastrophic_50_conservative,signed_net_depth_flow_l5_1000ms,-0.01217360809,-0.01723033888,0.1,10
catastrophic_50_conservative,signed_net_depth_flow_l5_100ms,-0.02091756379,-0.02064516488,0,10
catastrophic_50_conservative,signed_net_depth_flow_l5_250ms,0.001713035745,0.003132060519,0.6,10
catastrophic_50_conservative,signed_net_depth_flow_l5_5000ms,-0.04781964961,-0.05119650438,0,10
catastrophic_50_conservative,signed_net_depth_flow_l5_500ms,-0.03247034103,-0.02370275278,0,10
catastrophic_50_conservative,signed_obi_l1,0.1460253835,0.14565368,1,10
catastrophic_50_conservative,signed_obi_l10,0.1009146262,0.02603203757,0.7,10
catastrophic_50_conservative,signed_obi_l5,-0.1221661244,-0.1341314241,0,10
catastrophic_50_conservative,signed_trade_imbalance_1000ms,0.04977838024,0.05135236867,1,10
catastrophic_50_conservative,signed_trade_imbalance_100ms,0.02122591222,0.02100974042,0.8,10
catastrophic_50_conservative,signed_trade_imbalance_250ms,0.02094208557,0.01631789142,1,10
catastrophic_50_conservative,signed_trade_imbalance_5000ms,0.09310908765,0.09078848362,1,10
catastrophic_50_conservative,signed_trade_imbalance_500ms,0.03352860371,0.0370579306,0.9,10
catastrophic_50_conservative,signed_weighted_obi_l10,-0.0371861577,0.09459353983,0.6,10
catastrophic_50_conservative,signed_weighted_obi_l5,-0.003366759419,0.01527668256,0.5,10
catastrophic_50_conservative,spread_ticks,0.001213801699,0,0.3,10
catastrophic_50_conservative,time_since_bbo_change_ms,0.03691728003,0.03857677989,1,10
catastrophic_50_conservative,time_since_depth_ms,0.02237491161,0.01609693887,0.9,10
catastrophic_50_conservative,time_since_mid_change_ms,0.03691566959,0.03857462667,1,10
catastrophic_50_conservative,time_since_trade_ms,0.01052396009,0.01279069344,0.8,10
catastrophic_50_conservative,trade_count_1000ms,-0.02393297425,-0.03433035314,0.1,10
catastrophic_50_conservative,trade_count_100ms,0.002498720968,0.001803135732,0.8,10
catastrophic_50_conservative,trade_count_250ms,-0.0006185774371,0.001833687216,0.7,10
catastrophic_50_conservative,trade_count_5000ms,0.001602667815,-0.007097821392,0.4,10
catastrophic_50_conservative,trade_count_500ms,0.02615566379,0.02732937224,1,10
catastrophic_50_conservative,unexplained_removal_share,-0.006763177784,0.008706868859,0.6,10
catastrophic_50_midpoint,addition_ratio,-0.07101714427,0.001476403209,0.5,10
catastrophic_50_midpoint,backward_mid_abs_change_ticks_1000ms,-0.005092207668,-0.009554988006,0.4,10
catastrophic_50_midpoint,backward_mid_abs_change_ticks_100ms,-0.01355383288,-0.01797985006,0.4,10
catastrophic_50_midpoint,backward_mid_abs_change_ticks_250ms,-0.01575495321,-0.01471743616,0.3,10
catastrophic_50_midpoint,backward_mid_abs_change_ticks_5000ms,0.06830157607,0.06670403481,0.8,10
catastrophic_50_midpoint,backward_mid_abs_change_ticks_500ms,0.002926473931,0.00441956264,0.7,10
catastrophic_50_midpoint,bbo_change_count_1000ms,-0.0009975446854,0.007678803755,0.6,10
catastrophic_50_midpoint,bbo_change_count_100ms,-0.03183134936,-0.01369124092,0.2,10
catastrophic_50_midpoint,bbo_change_count_250ms,-0.01062649004,-0.01109536272,0.4,10
catastrophic_50_midpoint,bbo_change_count_5000ms,0.07105467427,0.03696831688,0.9,10
catastrophic_50_midpoint,bbo_change_count_500ms,-0.01032917718,-0.01267260546,0.2,10
catastrophic_50_midpoint,consumption_ratio,-0.03263681307,-0.03187905625,0,10
catastrophic_50_midpoint,depth_event_count_1000ms,0.0121078643,0.0119832186,1,10
catastrophic_50_midpoint,depth_event_count_100ms,0.0004544219584,0.001973425911,0.6,10
catastrophic_50_midpoint,depth_event_count_250ms,0.009963091835,0.008075071266,1,10
catastrophic_50_midpoint,depth_event_count_5000ms,-0.007070101902,-0.005224669119,0.1,10
catastrophic_50_midpoint,depth_event_count_500ms,-0.01083053432,-0.01199631952,0,10
catastrophic_50_midpoint,drawdown_from_max,0.06059794053,0.05909251049,1,10
catastrophic_50_midpoint,has_replenished,-0.01317360024,-0.01628562668,0.3,10
catastrophic_50_midpoint,log_add_events,0.407200107,0.4190375209,1,10
catastrophic_50_midpoint,log_cum_add,-0.04769166447,-0.04072277434,0,10
catastrophic_50_midpoint,log_cum_remove,0.05237223295,0.04278126545,0.9,10
catastrophic_50_midpoint,log_cum_replenish,0.04344686873,0.05324142985,0.7,10
catastrophic_50_midpoint,log_cum_trade_at_quote,0.02040949184,0.02994979545,0.8,10
catastrophic_50_midpoint,log_cum_trade_through,0.00147136373,0.0004074367462,0.5,10
catastrophic_50_midpoint,log_current_qty,-0.01605562316,-0.0160483215,0.4,10
catastrophic_50_midpoint,log_initial_qty,0.02372615561,0.03030702472,0.7,10
catastrophic_50_midpoint,log_level_age_ms,-0.5034607325,-0.5402510166,0,10
catastrophic_50_midpoint,log_max_qty,-0.1310413565,-0.127574034,0,10
catastrophic_50_midpoint,log_opp_depth_l1,0.2464104854,0.167947948,1,10
catastrophic_50_midpoint,log_opp_depth_l10,-0.3347290322,-0.2654655278,0,10
catastrophic_50_midpoint,log_opp_depth_l5,0.1438313056,0.1105532795,1,10
catastrophic_50_midpoint,log_own_depth_l1,-0.01605573362,-0.0160483215,0.4,10
catastrophic_50_midpoint,log_own_depth_l10,0.280750668,0.2901881039,1,10
catastrophic_50_midpoint,log_own_depth_l5,-0.1094852101,-0.1285860389,0.2,10
catastrophic_50_midpoint,log_prints_at_quote,-0.009583047777,-0.04517065734,0.4,10
catastrophic_50_midpoint,log_prints_through,0.05735573173,0.05932575651,1,10
catastrophic_50_midpoint,log_remove_events,0.02108409829,0.08351549506,0.6,10
catastrophic_50_midpoint,log_replenish_events,-0.01237472391,-0.01355334837,0.3,10
catastrophic_50_midpoint,log_time_since_add_ms,0.0204338127,0.009844248183,0.9,10
catastrophic_50_midpoint,log_time_since_print_ms,-0.04464241741,-0.04629922286,0.1,10
catastrophic_50_midpoint,log_time_since_qty_change_ms,-0.01419370046,-0.02208581381,0.1,10
catastrophic_50_midpoint,log_time_since_remove_ms,-0.009908734128,-0.01313892752,0.3,10
catastrophic_50_midpoint,log_time_since_replenish_ms,-0.02067425498,-0.01954404078,0.1,10
catastrophic_50_midpoint,opp_concentration_l10,-0.1089252556,-0.1087506823,0,10
catastrophic_50_midpoint,opp_concentration_l5,0.04024817911,0.04744777642,0.9,10
catastrophic_50_midpoint,opp_dispersion_ticks_l10,0.01737271382,0.006722073653,0.6,10
catastrophic_50_midpoint,own_concentration_l10,0.2181411564,0.2196056992,1,10
catastrophic_50_midpoint,own_concentration_l5,-0.09963874072,-0.1102649681,0,10
catastrophic_50_midpoint,own_dispersion_ticks_l10,0.01263922234,0.01233733725,0.6,10
catastrophic_50_midpoint,relative_remaining_qty,0.01105827505,0.0003856745316,0.5,10
catastrophic_50_midpoint,relative_to_max_qty,-0.06059818193,-0.05909225345,0,10
catastrophic_50_midpoint,removal_ratio,0.02160880193,-0.03866691701,0.3,10
catastrophic_50_midpoint,replenishment_ratio,0.009429371404,0.00810254924,1,10
catastrophic_50_midpoint,signed_depth_flow_pressure_l10_1000ms,-0.006952879968,-0.003100592992,0.3,10
catastrophic_50_midpoint,signed_depth_flow_pressure_l10_100ms,0.009977135935,0.01199331088,1,10
catastrophic_50_midpoint,signed_depth_flow_pressure_l10_250ms,0.005358173558,0.00660728151,0.7,10
catastrophic_50_midpoint,signed_depth_flow_pressure_l10_5000ms,-0.02698735446,-0.02885004412,0.1,10
catastrophic_50_midpoint,signed_depth_flow_pressure_l10_500ms,0.02339536101,0.02189245541,1,10
catastrophic_50_midpoint,signed_log_volume_1000ms,-0.02603531573,-0.0265769111,0,10
catastrophic_50_midpoint,signed_log_volume_100ms,-0.01744268148,-0.01695729047,0.1,10
catastrophic_50_midpoint,signed_log_volume_250ms,-0.01360672275,-0.01544372691,0.2,10
catastrophic_50_midpoint,signed_log_volume_5000ms,-0.01409426089,-0.02122075763,0.2,10
catastrophic_50_midpoint,signed_log_volume_500ms,-0.0002890026313,0.0003555777366,0.5,10
catastrophic_50_midpoint,signed_microprice_offset_ticks,0.1243752107,0.1012559608,0.9,10
catastrophic_50_midpoint,signed_net_depth_flow_l1_1000ms,0.006866709923,0.00847950927,0.7,10
catastrophic_50_midpoint,signed_net_depth_flow_l1_100ms,0.02352249618,0.02799427789,0.9,10
catastrophic_50_midpoint,signed_net_depth_flow_l1_250ms,-0.01145649214,-0.007842583116,0.2,10
catastrophic_50_midpoint,signed_net_depth_flow_l1_5000ms,0.03924185098,0.04415486939,1,10
catastrophic_50_midpoint,signed_net_depth_flow_l1_500ms,-0.02897541039,-0.03007253073,0,10
catastrophic_50_midpoint,signed_net_depth_flow_l5_1000ms,-0.0112753856,-0.01354451897,0.1,10
catastrophic_50_midpoint,signed_net_depth_flow_l5_100ms,-0.02638301775,-0.02915779781,0,10
catastrophic_50_midpoint,signed_net_depth_flow_l5_250ms,0.01702210699,0.01649555098,0.6,10
catastrophic_50_midpoint,signed_net_depth_flow_l5_5000ms,-0.05497450233,-0.0555360876,0,10
catastrophic_50_midpoint,signed_net_depth_flow_l5_500ms,-0.01419951296,-0.005320251919,0.1,10
catastrophic_50_midpoint,signed_obi_l1,0.1404293463,0.1311344914,1,10
catastrophic_50_midpoint,signed_obi_l10,0.02206079019,0.01010416029,0.5,10
catastrophic_50_midpoint,signed_obi_l5,-0.1289199281,-0.06892932951,0,10
catastrophic_50_midpoint,signed_trade_imbalance_1000ms,0.06412919313,0.06434871629,1,10
catastrophic_50_midpoint,signed_trade_imbalance_100ms,0.01742565515,0.01855952386,0.7,10
catastrophic_50_midpoint,signed_trade_imbalance_250ms,0.02829872412,0.03450485133,1,10
catastrophic_50_midpoint,signed_trade_imbalance_5000ms,0.1233344201,0.1352105811,1,10
catastrophic_50_midpoint,signed_trade_imbalance_500ms,0.02973363735,0.03106797021,0.9,10
catastrophic_50_midpoint,signed_weighted_obi_l10,0.06468053022,0.08091859519,0.8,10
catastrophic_50_midpoint,signed_weighted_obi_l5,-0.02389359665,-0.02218386438,0.3,10
catastrophic_50_midpoint,spread_ticks,-0.0001389527461,0,0.3,10
catastrophic_50_midpoint,time_since_bbo_change_ms,0.04145079209,0.04331233539,1,10
catastrophic_50_midpoint,time_since_depth_ms,0.03162062373,0.03114094865,1,10
catastrophic_50_midpoint,time_since_mid_change_ms,0.0414485543,0.04331233539,1,10
catastrophic_50_midpoint,time_since_trade_ms,0.005743195953,0.006055120612,0.8,10
catastrophic_50_midpoint,trade_count_1000ms,-0.01230359823,-0.01945656538,0.3,10
catastrophic_50_midpoint,trade_count_100ms,0.01630655406,0.01339075901,1,10
catastrophic_50_midpoint,trade_count_250ms,0.00645609973,0.0077939888,0.8,10
catastrophic_50_midpoint,trade_count_5000ms,-0.009067914169,-0.01424883166,0.4,10
catastrophic_50_midpoint,trade_count_500ms,0.02056804402,0.02553975768,0.9,10
catastrophic_50_midpoint,unexplained_removal_share,0.01206236344,0.02503245603,0.7,10
catastrophic_50_optimistic,addition_ratio,0.01147341076,0.04500429146,0.7,10
catastrophic_50_optimistic,backward_mid_abs_change_ticks_1000ms,-0.01837233724,-0.01303751871,0.5,10
catastrophic_50_optimistic,backward_mid_abs_change_ticks_100ms,-0.0285457036,-0.03532697447,0,10
catastrophic_50_optimistic,backward_mid_abs_change_ticks_250ms,-0.02285176923,-0.02870703302,0.4,10
catastrophic_50_optimistic,backward_mid_abs_change_ticks_5000ms,0.01064367602,0.01700542402,0.6,10
catastrophic_50_optimistic,backward_mid_abs_change_ticks_500ms,-0.02369290956,-0.01847000793,0,10
catastrophic_50_optimistic,bbo_change_count_1000ms,0.01151967766,0.01212033117,0.6,10
catastrophic_50_optimistic,bbo_change_count_100ms,-0.004115862306,0.00291053066,0.5,10
catastrophic_50_optimistic,bbo_change_count_250ms,-0.004643577384,-0.007142825751,0.4,10
catastrophic_50_optimistic,bbo_change_count_5000ms,0.1470747851,0.1216820814,0.9,10
catastrophic_50_optimistic,bbo_change_count_500ms,0.006590586831,0.0014044157,0.5,10
catastrophic_50_optimistic,consumption_ratio,0.02755750123,0.03342658654,0.9,10
catastrophic_50_optimistic,depth_event_count_1000ms,-0.00718621852,-0.007322749821,0.2,10
catastrophic_50_optimistic,depth_event_count_100ms,-0.01829215009,-0.01625317894,0,10
catastrophic_50_optimistic,depth_event_count_250ms,0.006035830901,0.00608170568,0.7,10
catastrophic_50_optimistic,depth_event_count_5000ms,-0.02637555925,-0.02637687884,0,10
catastrophic_50_optimistic,depth_event_count_500ms,-0.007955019659,-0.008778875694,0.2,10
catastrophic_50_optimistic,drawdown_from_max,0.04884529531,0.05200359598,0.9,10
catastrophic_50_optimistic,has_replenished,-0.04121910712,-0.04896808602,0.1,10
catastrophic_50_optimistic,log_add_events,-0.001281348616,0.03412732482,0.6,10
catastrophic_50_optimistic,log_cum_add,0.01413875225,0.01162598515,0.7,10
catastrophic_50_optimistic,log_cum_remove,-0.006858358299,-0.005660814,0.5,10
catastrophic_50_optimistic,log_cum_replenish,0.1459270194,0.1402035207,1,10
catastrophic_50_optimistic,log_cum_trade_at_quote,0.03448318578,0.05164344795,0.9,10
catastrophic_50_optimistic,log_cum_trade_through,0.006643852848,0.0043354386,0.6,10
catastrophic_50_optimistic,log_current_qty,-0.07350463774,-0.06510351971,0,10
catastrophic_50_optimistic,log_initial_qty,0.02603378762,0.03555112146,0.8,10
catastrophic_50_optimistic,log_level_age_ms,-0.4857509747,-0.5563001633,0,10
catastrophic_50_optimistic,log_max_qty,0.03062202681,0.006598539185,0.7,10
catastrophic_50_optimistic,log_opp_depth_l1,-0.04554400928,-0.1042242609,0.2,10
catastrophic_50_optimistic,log_opp_depth_l10,-0.168544931,-0.1354299039,0,10
catastrophic_50_optimistic,log_opp_depth_l5,-0.1076269839,-0.1231410354,0,10
catastrophic_50_optimistic,log_own_depth_l1,-0.07350463774,-0.06510351971,0,10
catastrophic_50_optimistic,log_own_depth_l10,-0.01768347374,-0.0101982269,0.5,10
catastrophic_50_optimistic,log_own_depth_l5,0.002014903747,-0.02484898362,0.2,10
catastrophic_50_optimistic,log_prints_at_quote,0.01674766205,-0.05229551159,0.4,10
catastrophic_50_optimistic,log_prints_through,0.04411379155,0.05080035515,1,10
catastrophic_50_optimistic,log_remove_events,-0.0002401249949,-0.01672253222,0.5,10
catastrophic_50_optimistic,log_replenish_events,0.04565801192,0.05910117552,0.6,10
catastrophic_50_optimistic,log_time_since_add_ms,-0.08190676123,-0.05721547827,0,10
catastrophic_50_optimistic,log_time_since_print_ms,-0.1186652254,-0.1210267171,0,10
catastrophic_50_optimistic,log_time_since_qty_change_ms,0.08069479455,0.09210885316,0.9,10
catastrophic_50_optimistic,log_time_since_remove_ms,-0.06376606077,-0.06229958683,0,10
catastrophic_50_optimistic,log_time_since_replenish_ms,0.002011631923,-0.01803450938,0.3,10
catastrophic_50_optimistic,opp_concentration_l10,-0.04896609874,-0.03808863088,0.2,10
catastrophic_50_optimistic,opp_concentration_l5,-0.02680128312,-0.0351864351,0.3,10
catastrophic_50_optimistic,opp_dispersion_ticks_l10,-0.01120533049,-0.005629842752,0.5,10
catastrophic_50_optimistic,own_concentration_l10,0.1415654637,0.1302100718,1,10
catastrophic_50_optimistic,own_concentration_l5,-0.06151492363,-0.06903484091,0,10
catastrophic_50_optimistic,own_dispersion_ticks_l10,0.05591532267,0.06431024522,0.9,10
catastrophic_50_optimistic,relative_remaining_qty,-0.02590881945,-0.02555467375,0.1,10
catastrophic_50_optimistic,relative_to_max_qty,-0.04884541645,-0.05200337432,0.1,10
catastrophic_50_optimistic,removal_ratio,-0.04365277141,-0.04306483269,0,10
catastrophic_50_optimistic,replenishment_ratio,-0.01465624485,-0.01451455615,0,10
catastrophic_50_optimistic,signed_depth_flow_pressure_l10_1000ms,-0.07922461629,-0.0838255845,0,10
catastrophic_50_optimistic,signed_depth_flow_pressure_l10_100ms,0.01029488103,0.01120459475,1,10
catastrophic_50_optimistic,signed_depth_flow_pressure_l10_250ms,0.0205650185,0.01445707865,1,10
catastrophic_50_optimistic,signed_depth_flow_pressure_l10_5000ms,-0.07833748348,-0.07576597109,0,10
catastrophic_50_optimistic,signed_depth_flow_pressure_l10_500ms,-0.01467681285,-0.01851398684,0.2,10
catastrophic_50_optimistic,signed_log_volume_1000ms,-0.06294853352,-0.05405771919,0,10
catastrophic_50_optimistic,signed_log_volume_100ms,-0.007468559424,-0.009570851456,0.3,10
catastrophic_50_optimistic,signed_log_volume_250ms,0.01846099449,0.01821977179,0.6,10
catastrophic_50_optimistic,signed_log_volume_5000ms,-0.05197426975,-0.04964912124,0.1,10
catastrophic_50_optimistic,signed_log_volume_500ms,-0.02256211387,-0.02399500739,0.1,10
catastrophic_50_optimistic,signed_microprice_offset_ticks,-0.1475448906,-0.1447601169,0,10
catastrophic_50_optimistic,signed_net_depth_flow_l1_1000ms,0.008291944163,0.01402806211,0.8,10
catastrophic_50_optimistic,signed_net_depth_flow_l1_100ms,0.0006075722631,-0.005922302837,0.4,10
catastrophic_50_optimistic,signed_net_depth_flow_l1_250ms,0.02193950471,0.01352663059,0.9,10
catastrophic_50_optimistic,signed_net_depth_flow_l1_5000ms,0.0315219027,0.04232837446,0.9,10
catastrophic_50_optimistic,signed_net_depth_flow_l1_500ms,-0.009378202715,-0.007872751914,0.2,10
catastrophic_50_optimistic,signed_net_depth_flow_l5_1000ms,0.009965863905,-0.006137134507,0.3,10
catastrophic_50_optimistic,signed_net_depth_flow_l5_100ms,-0.02800760707,-0.02125526778,0.3,10
catastrophic_50_optimistic,signed_net_depth_flow_l5_250ms,-0.03019688074,-0.01962359808,0,10
catastrophic_50_optimistic,signed_net_depth_flow_l5_5000ms,-0.0630907435,-0.06498688459,0.1,10
catastrophic_50_optimistic,signed_net_depth_flow_l5_500ms,-0.01192339051,-0.001007229352,0.3,10
catastrophic_50_optimistic,signed_obi_l1,-0.163018842,-0.1541028023,0,10
catastrophic_50_optimistic,signed_obi_l10,-0.05243325494,-0.0581592638,0.1,10
catastrophic_50_optimistic,signed_obi_l5,-0.05914729866,-0.03848768119,0.1,10
catastrophic_50_optimistic,signed_trade_imbalance_1000ms,0.09608384743,0.09297142178,1,10
catastrophic_50_optimistic,signed_trade_imbalance_100ms,0.04287447017,0.04358289577,1,10
catastrophic_50_optimistic,signed_trade_imbalance_250ms,-0.006143386103,-9.329989552e-05,0.5,10
catastrophic_50_optimistic,signed_trade_imbalance_5000ms,0.1916629806,0.1975487694,1,10
catastrophic_50_optimistic,signed_trade_imbalance_500ms,0.0974777557,0.1013213024,1,10
catastrophic_50_optimistic,signed_weighted_obi_l10,-0.03012317717,-0.03645957448,0.1,10
catastrophic_50_optimistic,signed_weighted_obi_l5,-0.05649602003,-0.05165702477,0,10
catastrophic_50_optimistic,spread_ticks,-0.0009564471125,0,0.1,10
catastrophic_50_optimistic,time_since_bbo_change_ms,-0.05724968482,-0.05818485655,0,10
catastrophic_50_optimistic,time_since_depth_ms,0.02289807093,0.01824262924,0.7,10
catastrophic_50_optimistic,time_since_mid_change_ms,-0.05725209471,-0.05818982981,0,10
catastrophic_50_optimistic,time_since_trade_ms,-0.005743130902,0.01489302749,0.6,10
catastrophic_50_optimistic,trade_count_1000ms,-0.001932668855,-0.004099619488,0.4,10
catastrophic_50_optimistic,trade_count_100ms,0.0714820914,0.07004695013,1,10
catastrophic_50_optimistic,trade_count_250ms,0.02249454462,0.0249567451,0.9,10
catastrophic_50_optimistic,trade_count_5000ms,0.02482984276,0.009802449495,0.7,10
catastrophic_50_optimistic,trade_count_500ms,0.03173440001,0.02851575427,1,10
catastrophic_50_optimistic,unexplained_removal_share,0.01074358405,0.01170767983,0.9,10
level_disappears_1000ms,addition_ratio,0.000788023416,-0.007702859119,0.4,10
level_disappears_1000ms,backward_mid_abs_change_ticks_1000ms,-0.02098018355,-0.02016972844,0.2,10
level_disappears_1000ms,backward_mid_abs_change_ticks_100ms,-0.06467893496,-0.06192968786,0,10
level_disappears_1000ms,backward_mid_abs_change_ticks_250ms,-0.06940464117,-0.07532994449,0,10
level_disappears_1000ms,backward_mid_abs_change_ticks_5000ms,-0.160744594,-0.1611879244,0,10
level_disappears_1000ms,backward_mid_abs_change_ticks_500ms,-0.0245826656,-0.02252695523,0.1,10
level_disappears_1000ms,bbo_change_count_1000ms,0.01269721653,0.01253581746,0.7,10
level_disappears_1000ms,bbo_change_count_100ms,-0.01150310922,-0.01238247193,0.2,10
level_disappears_1000ms,bbo_change_count_250ms,0.03238378344,0.03507336788,0.9,10
level_disappears_1000ms,bbo_change_count_5000ms,0.288399303,0.2157490477,1,10
level_disappears_1000ms,bbo_change_count_500ms,0.0236324613,0.02257432602,1,10
level_disappears_1000ms,consumption_ratio,0.01474511502,0.01397292595,1,10
level_disappears_1000ms,depth_event_count_1000ms,0.02800552003,0.02924393117,0.9,10
level_disappears_1000ms,depth_event_count_100ms,0.0004207754471,0.0005517348582,0.6,10
level_disappears_1000ms,depth_event_count_250ms,0.03926488338,0.03917878307,1,10
level_disappears_1000ms,depth_event_count_5000ms,-0.03613099456,-0.03418990038,0,10
level_disappears_1000ms,depth_event_count_500ms,-0.007950862823,-0.01040575327,0.2,10
level_disappears_1000ms,drawdown_from_max,-0.09961247742,-0.1039851457,0,10
level_disappears_1000ms,has_replenished,-0.08577168584,-0.0882689245,0,10
level_disappears_1000ms,log_add_events,-0.09872462768,-0.09748768061,0.1,10
level_disappears_1000ms,log_cum_add,0.08920095339,0.09017442167,1,10
level_disappears_1000ms,log_cum_remove,0.02235381491,0.02950431127,0.9,10
level_disappears_1000ms,log_cum_replenish,0.2233797953,0.2252876237,1,10
level_disappears_1000ms,log_cum_trade_at_quote,0.06436512657,0.06472730637,1,10
level_disappears_1000ms,log_cum_trade_through,-0.09000057429,-0.09435767308,0,10
level_disappears_1000ms,log_current_qty,-0.4245964408,-0.4346189052,0,10
level_disappears_1000ms,log_initial_qty,0.06349804308,0.06366938911,1,10
level_disappears_1000ms,log_level_age_ms,-0.5858789295,-0.636936605,0,10
level_disappears_1000ms,log_max_qty,0.2465186045,0.2414511293,1,10
level_disappears_1000ms,log_opp_depth_l1,-0.4409735382,-0.4581405669,0,10
level_disappears_1000ms,log_opp_depth_l10,0.08412416577,0.07979586348,0.9,10
level_disappears_1000ms,log_opp_depth_l5,-0.1295684129,-0.1302213222,0,10
level_disappears_1000ms,log_own_depth_l1,-0.4245964408,-0.4346189052,0,10
level_disappears_1000ms,log_own_depth_l10,0.09002712928,0.09441094473,0.9,10
level_disappears_1000ms,log_own_depth_l5,-0.1119479068,-0.1039411724,0,10
level_disappears_1000ms,log_prints_at_quote,0.2611934701,0.2886037529,1,10
level_disappears_1000ms,log_prints_through,0.2320162117,0.2108841687,1,10
level_disappears_1000ms,log_remove_events,-0.009674724611,-0.02000814164,0.3,10
level_disappears_1000ms,log_replenish_events,-0.1660710216,-0.1652316302,0,10
level_disappears_1000ms,log_time_since_add_ms,0.06907922199,0.0840157643,0.8,10
level_disappears_1000ms,log_time_since_print_ms,-0.119886452,-0.1202091835,0,10
level_disappears_1000ms,log_time_since_qty_change_ms,-0.0276098473,-0.02536585275,0,10
level_disappears_1000ms,log_time_since_remove_ms,-0.04814570062,-0.04871197045,0,10
level_disappears_1000ms,log_time_since_replenish_ms,-0.1307356331,-0.1494080499,0,10
level_disappears_1000ms,opp_concentration_l10,0.04427513238,0.04623486102,1,10
level_disappears_1000ms,opp_concentration_l5,-0.07864626274,-0.07714486867,0,10
level_disappears_1000ms,opp_dispersion_ticks_l10,0.04320015681,0.05410457589,0.9,10
level_disappears_1000ms,own_concentration_l10,0.04846833879,0.05087134056,0.9,10
level_disappears_1000ms,own_concentration_l5,-0.06089160517,-0.05833633244,0,10
level_disappears_1000ms,own_dispersion_ticks_l10,0.0282253009,0.04213351943,0.8,10
level_disappears_1000ms,relative_remaining_qty,0.006729984796,0.01147148199,0.7,10
level_disappears_1000ms,relative_to_max_qty,0.09961268231,0.103985209,1,10
level_disappears_1000ms,removal_ratio,-0.0002598638181,0.007670269813,0.6,10
level_disappears_1000ms,replenishment_ratio,-0.004300739698,-0.003311088542,0.1,10
level_disappears_1000ms,signed_depth_flow_pressure_l10_1000ms,0.01608927986,0.01672316156,1,10
level_disappears_1000ms,signed_depth_flow_pressure_l10_100ms,0.003053481795,0.002622689237,0.9,10
level_disappears_1000ms,signed_depth_flow_pressure_l10_250ms,0.002726593381,0.00305182999,0.9,10
level_disappears_1000ms,signed_depth_flow_pressure_l10_5000ms,-0.0002522202471,0.000735563779,0.7,10
level_disappears_1000ms,signed_depth_flow_pressure_l10_500ms,0.01059109992,0.01059570909,1,10
level_disappears_1000ms,signed_log_volume_1000ms,-0.02716197129,-0.02875747159,0,10
level_disappears_1000ms,signed_log_volume_100ms,0.02698188648,0.02684620675,1,10
level_disappears_1000ms,signed_log_volume_250ms,-0.008874637191,-0.008452496957,0,10
level_disappears_1000ms,signed_log_volume_5000ms,-0.01178950677,-0.01366027631,0,10
level_disappears_1000ms,signed_log_volume_500ms,-0.01393315446,-0.01545120263,0,10
level_disappears_1000ms,signed_microprice_offset_ticks,0.002241698315,0.003487855254,0.6,10
level_disappears_1000ms,signed_net_depth_flow_l1_1000ms,-0.01923971716,-0.01992189419,0,10
level_disappears_1000ms,signed_net_depth_flow_l1_100ms,-0.008188155713,-0.008404013235,0,10
level_disappears_1000ms,signed_net_depth_flow_l1_250ms,-0.01290608137,-0.01303148596,0,10
level_disappears_1000ms,signed_net_depth_flow_l1_5000ms,-0.01546735363,-0.01519373199,0,10
level_disappears_1000ms,signed_net_depth_flow_l1_500ms,-0.01756013315,-0.0173507221,0,10
level_disappears_1000ms,signed_net_depth_flow_l5_1000ms,0.0005728637334,0.0004070212017,0.5,10
level_disappears_1000ms,signed_net_depth_flow_l5_100ms,0.006329470081,0.00607974967,1,10
level_disappears_1000ms,signed_net_depth_flow_l5_250ms,0.00412081824,0.004740458447,1,10
level_disappears_1000ms,signed_net_depth_flow_l5_5000ms,-0.002613907622,-0.00323380623,0.1,10
level_disappears_1000ms,signed_net_depth_flow_l5_500ms,0.004974560067,0.004805991659,1,10
level_disappears_1000ms,signed_obi_l1,-0.0002909245319,0.001744712994,0.6,10
level_disappears_1000ms,signed_obi_l10,0.03727612123,0.03939016722,1,10
level_disappears_1000ms,signed_obi_l5,0.01928309915,0.01893664524,1,10
level_disappears_1000ms,signed_trade_imbalance_1000ms,0.05615150817,0.05729858018,1,10
level_disappears_1000ms,signed_trade_imbalance_100ms,0.03128871415,0.03379882127,1,10
level_disappears_1000ms,signed_trade_imbalance_250ms,0.03921674453,0.04161287658,1,10
level_disappears_1000ms,signed_trade_imbalance_5000ms,0.03937320411,0.04227189906,1,10
level_disappears_1000ms,signed_trade_imbalance_500ms,0.03940342534,0.04086066224,1,10
level_disappears_1000ms,signed_weighted_obi_l10,0.001266919711,0.001085612224,0.7,10
level_disappears_1000ms,signed_weighted_obi_l5,0.002831204905,0.002272037324,0.8,10
level_disappears_1000ms,spread_ticks,-0.003049653629,0,0.1,10
level_disappears_1000ms,time_since_bbo_change_ms,-0.1197967835,-0.1169598252,0,10
level_disappears_1000ms,time_since_depth_ms,0.1136271186,0.1199457869,1,10
level_disappears_1000ms,time_since_mid_change_ms,-0.1197966956,-0.1169598252,0,10
level_disappears_1000ms,time_since_trade_ms,0.01722533276,0.02247274946,0.7,10
level_disappears_1000ms,trade_count_1000ms,0.02302294737,0.03276571073,0.8,10
level_disappears_1000ms,trade_count_100ms,0.1986319602,0.1748524532,1,10
level_disappears_1000ms,trade_count_250ms,0.1096602067,0.1064689644,1,10
level_disappears_1000ms,trade_count_5000ms,0.2038715377,0.2000400946,1,10
level_disappears_1000ms,trade_count_500ms,0.02268121112,0.02295335103,1,10
level_disappears_1000ms,unexplained_removal_share,0.01726880898,0.01679346152,1,10
level_disappears_500ms,addition_ratio,-0.0374864486,-0.04046308808,0.2,10
level_disappears_500ms,backward_mid_abs_change_ticks_1000ms,-0.01333859004,-0.02600385528,0.2,10
level_disappears_500ms,backward_mid_abs_change_ticks_100ms,-0.08592768982,-0.0849032253,0,10
level_disappears_500ms,backward_mid_abs_change_ticks_250ms,-0.07479029167,-0.07875776291,0,10
level_disappears_500ms,backward_mid_abs_change_ticks_5000ms,-0.1193288857,-0.1270821393,0.1,10
level_disappears_500ms,backward_mid_abs_change_ticks_500ms,-0.01722339503,-0.01348701958,0.2,10
level_disappears_500ms,bbo_change_count_1000ms,0.01445648796,0.01447417773,0.9,10
level_disappears_500ms,bbo_change_count_100ms,0.03745547403,0.03547027707,1,10
level_disappears_500ms,bbo_change_count_250ms,0.04759460874,0.04170149751,1,10
level_disappears_500ms,bbo_change_count_5000ms,0.23214221,0.1793346703,1,10
level_disappears_500ms,bbo_change_count_500ms,0.03681203909,0.0350336805,1,10
level_disappears_500ms,consumption_ratio,0.02655002289,0.02682788391,1,10
level_disappears_500ms,depth_event_count_1000ms,0.03421830069,0.03866097145,1,10
level_disappears_500ms,depth_event_count_100ms,-0.01178320685,-0.0104540051,0.1,10
level_disappears_500ms,depth_event_count_250ms,0.05574909151,0.05498807505,1,10
level_disappears_500ms,depth_event_count_5000ms,-0.07280876599,-0.07236781716,0,10
level_disappears_500ms,depth_event_count_500ms,0.01236568154,0.005844831467,0.8,10
level_disappears_500ms,drawdown_from_max,-0.1139459059,-0.1121728644,0,10
level_disappears_500ms,has_replenished,-0.07159624137,-0.06750606373,0,10
level_disappears_500ms,log_add_events,-0.1338914705,-0.1347458214,0.1,10
level_disappears_500ms,log_cum_add,0.0885218434,0.09100037068,1,10
level_disappears_500ms,log_cum_remove,0.02992606536,0.03660405986,0.9,10
level_disappears_500ms,log_cum_replenish,0.2091127604,0.2085958496,1,10
level_disappears_500ms,log_cum_trade_at_quote,0.06768628657,0.0694489181,1,10
level_disappears_500ms,log_cum_trade_through,-0.1166943364,-0.1187064424,0,10
level_disappears_500ms,log_current_qty,-0.4026589304,-0.406110242,0,10
level_disappears_500ms,log_initial_qty,0.08166194707,0.07643644139,1,10
level_disappears_500ms,log_level_age_ms,-0.460340035,-0.5114202201,0,10
level_disappears_500ms,log_max_qty,0.2857735008,0.2661538273,1,10
level_disappears_500ms,log_opp_depth_l1,-0.3752233416,-0.3782723993,0,10
level_disappears_500ms,log_opp_depth_l10,0.01099242778,-0.01899596001,0.5,10
level_disappears_500ms,log_opp_depth_l5,-0.1534281969,-0.1516599655,0,10
level_disappears_500ms,log_own_depth_l1,-0.4026589304,-0.406110242,0,10
level_disappears_500ms,log_own_depth_l10,0.02719471185,0.007700738963,0.5,10
level_disappears_500ms,log_own_depth_l5,-0.1465501845,-0.1487324163,0,10
level_disappears_500ms,log_prints_at_quote,0.2082038832,0.2363254726,0.9,10
level_disappears_500ms,log_prints_through,0.2967164561,0.2682669908,1,10
level_disappears_500ms,log_remove_events,-0.07042662743,-0.1031116582,0.3,10
level_disappears_500ms,log_replenish_events,-0.171772448,-0.1800863966,0,10
level_disappears_500ms,log_time_since_add_ms,0.07904579693,0.08336651698,0.9,10
level_disappears_500ms,log_time_since_print_ms,-0.1462137654,-0.1454598159,0,10
level_disappears_500ms,log_time_since_qty_change_ms,-0.1026898503,-0.1043061055,0,10
level_disappears_500ms,log_time_since_remove_ms,-0.009210082341,-0.007608096814,0.3,10
level_disappears_500ms,log_time_since_replenish_ms,-0.1159695882,-0.1172882728,0,10
level_disappears_500ms,opp_concentration_l10,-0.00550769018,-0.01806010306,0.3,10
level_disappears_500ms,opp_concentration_l5,-0.07879694179,-0.07467418537,0,10
level_disappears_500ms,opp_dispersion_ticks_l10,0.02801639531,0.03064730112,0.6,10
level_disappears_500ms,own_concentration_l10,-0.01532322764,-0.02495685406,0.3,10
level_disappears_500ms,own_concentration_l5,-0.05773729049,-0.05393043347,0,10
level_disappears_500ms,own_dispersion_ticks_l10,0.0002239773516,0.005996687571,0.5,10
level_disappears_500ms,relative_remaining_qty,0.02236245011,0.01710330043,0.8,10
level_disappears_500ms,relative_to_max_qty,0.11394604,0.1121729538,1,10
level_disappears_500ms,removal_ratio,0.02906892058,0.02346848138,0.9,10
level_disappears_500ms,replenishment_ratio,-0.0002950867522,-0.001844137325,0.4,10
level_disappears_500ms,signed_depth_flow_pressure_l10_1000ms,0.02485882323,0.02495442796,1,10
level_disappears_500ms,signed_depth_flow_pressure_l10_100ms,0.001712580494,0.001983280308,0.6,10
level_disappears_500ms,signed_depth_flow_pressure_l10_250ms,0.004154193195,0.003401104303,0.8,10
level_disappears_500ms,signed_depth_flow_pressure_l10_5000ms,0.004659844283,0.007176967105,0.7,10
level_disappears_500ms,signed_depth_flow_pressure_l10_500ms,0.01703891363,0.01710755751,1,10
level_disappears_500ms,signed_log_volume_1000ms,-0.02664291374,-0.02632703725,0,10
level_disappears_500ms,signed_log_volume_100ms,0.04303040504,0.04342170618,1,10
level_disappears_500ms,signed_log_volume_250ms,-0.007533640321,-0.007346775848,0,10
level_disappears_500ms,signed_log_volume_5000ms,-0.006435450516,-0.008800458629,0.2,10
level_disappears_500ms,signed_log_volume_500ms,-0.008591789275,-0.009773210157,0,10
level_disappears_500ms,signed_microprice_offset_ticks,0.001174036227,0.009035977069,0.6,10
level_disappears_500ms,signed_net_depth_flow_l1_1000ms,-0.02876968794,-0.03054724913,0,10
level_disappears_500ms,signed_net_depth_flow_l1_100ms,-0.01573940534,-0.0170360459,0,10
level_disappears_500ms,signed_net_depth_flow_l1_250ms,-0.01537530054,-0.01477615256,0,10
level_disappears_500ms,signed_net_depth_flow_l1_5000ms,-0.02119839536,-0.02133818809,0,10
level_disappears_500ms,signed_net_depth_flow_l1_500ms,-0.02221997399,-0.02211501077,0,10
level_disappears_500ms,signed_net_depth_flow_l5_1000ms,0.004056937271,0.00487258425,0.9,10
level_disappears_500ms,signed_net_depth_flow_l5_100ms,0.01024728259,0.01074219029,1,10
level_disappears_500ms,signed_net_depth_flow_l5_250ms,0.002545786946,0.002942695166,0.9,10
level_disappears_500ms,signed_net_depth_flow_l5_5000ms,-0.001290987252,-0.001919826027,0.2,10
level_disappears_500ms,signed_net_depth_flow_l5_500ms,0.004792429064,0.00407313928,1,10
level_disappears_500ms,signed_obi_l1,-0.003861877701,0.0009327642329,0.6,10
level_disappears_500ms,signed_obi_l10,0.03907367326,0.03731227107,1,10
level_disappears_500ms,signed_obi_l5,0.0107765652,0.01113518979,0.9,10
level_disappears_500ms,signed_trade_imbalance_1000ms,0.05322697461,0.05476618931,1,10
level_disappears_500ms,signed_trade_imbalance_100ms,0.0307283977,0.03176044021,1,10
level_disappears_500ms,signed_trade_imbalance_250ms,0.04116051421,0.04169032536,1,10
level_disappears_500ms,signed_trade_imbalance_5000ms,0.02756270464,0.03009124938,1,10
level_disappears_500ms,signed_trade_imbalance_500ms,0.03511853795,0.03541768342,1,10
level_disappears_500ms,signed_weighted_obi_l10,-0.001102070592,-0.0009130932158,0.5,10
level_disappears_500ms,signed_weighted_obi_l5,-0.001902638157,-0.001632400672,0.3,10
level_disappears_500ms,spread_ticks,-0.007319878321,0,0,10
level_disappears_500ms,time_since_bbo_change_ms,-0.09869042635,-0.09964104369,0,10
level_disappears_500ms,time_since_depth_ms,0.1622416183,0.1657534912,1,10
level_disappears_500ms,time_since_mid_change_ms,-0.09869042709,-0.09964103252,0,10
level_disappears_500ms,time_since_trade_ms,0.008156314027,0.02020992152,0.6,10
level_disappears_500ms,trade_count_1000ms,0.01573726768,0.035058029,0.7,10
level_disappears_500ms,trade_count_100ms,0.2484790057,0.2330596969,1,10
level_disappears_500ms,trade_count_250ms,0.09486495927,0.09394874051,1,10
level_disappears_500ms,trade_count_5000ms,0.1341698118,0.1432086229,1,10
level_disappears_500ms,trade_count_500ms,0.0101288586,0.008346812334,0.8,10
level_disappears_500ms,unexplained_removal_share,0.01821359247,0.0184311932,1,10
severity_conservative,addition_ratio,1.625217797,1.888385832,0.8,10
severity_conservative,backward_mid_abs_change_ticks_1000ms,0.935094887,-0.3366790712,0.4,10
severity_conservative,backward_mid_abs_change_ticks_100ms,-1.51966343,-0.9374784529,0.3,10
severity_conservative,backward_mid_abs_change_ticks_250ms,0.7326494724,-0.2933231741,0.4,10
severity_conservative,backward_mid_abs_change_ticks_5000ms,9.382012892,-1.513405204,0.4,10
severity_conservative,backward_mid_abs_change_ticks_500ms,-1.753136645,0.1294327192,0.5,10
severity_conservative,bbo_change_count_1000ms,-0.4494296521,0.5997274965,0.6,10
severity_conservative,bbo_change_count_100ms,-1.428770825,-1.076829076,0.2,10
severity_conservative,bbo_change_count_250ms,-1.356100368,0.1180924196,0.6,10
severity_conservative,bbo_change_count_5000ms,-3.306454754,1.122055531,0.6,10
severity_conservative,bbo_change_count_500ms,-0.1786916018,-0.8361404538,0.4,10
severity_conservative,consumption_ratio,-0.7252055883,-0.8354174793,0.1,10
severity_conservative,depth_event_count_1000ms,0.1442194544,-0.102112975,0.4,10
severity_conservative,depth_event_count_100ms,-0.01270336658,0.1527464911,0.6,10
severity_conservative,depth_event_count_250ms,0.4654796608,-0.02165035531,0.5,10
severity_conservative,depth_event_count_5000ms,-0.5184516673,-0.3527863771,0.1,10
severity_conservative,depth_event_count_500ms,0.1388032028,0.1208069772,0.8,10
severity_conservative,drawdown_from_max,0.9412436955,0.9801212251,1,10
severity_conservative,has_replenished,-0.02706006095,-0.5113268793,0.4,10
severity_conservative,log_add_events,5.862951922,6.658637285,1,10
severity_conservative,log_cum_add,-2.726856303,-2.694650054,0,10
severity_conservative,log_cum_remove,0.7057947993,2.201117635,0.6,10
severity_conservative,log_cum_replenish,1.57650913,1.511208713,1,10
severity_conservative,log_cum_trade_at_quote,-1.048208195,-1.123944104,0,10
severity_conservative,log_cum_trade_through,0.1940399721,0.1926837973,0.6,10
severity_conservative,log_current_qty,4.279815125,4.364132404,1,10
severity_conservative,log_initial_qty,-2.230119872,-2.008853436,0,10
severity_conservative,log_level_age_ms,-8.3681463,-9.489439011,0.1,10
severity_conservative,log_max_qty,-2.682543081,-2.417199731,0,10
severity_conservative,log_opp_depth_l1,9.71201973,8.587114811,1,10
severity_conservative,log_opp_depth_l10,-10.74572926,-9.184473038,0,10
severity_conservative,log_opp_depth_l5,1.675650105,1.186532736,0.7,10
severity_conservative,log_own_depth_l1,4.279727483,4.364839792,1,10
severity_conservative,log_own_depth_l10,-0.8935307801,-1.829001367,0.2,10
severity_conservative,log_own_depth_l5,-2.268247078,-0.6191919148,0.3,10
severity_conservative,log_prints_at_quote,6.893331337,5.935106039,1,10
severity_conservative,log_prints_through,-0.266551017,-0.2986657582,0.4,10
severity_conservative,log_remove_events,-1.493371481,-1.586035609,0.3,10
severity_conservative,log_replenish_events,-0.09213679284,-0.1691865698,0.4,10
severity_conservative,log_time_since_add_ms,-1.449889345,-0.9980932027,0.3,10
severity_conservative,log_time_since_print_ms,-0.9215738341,-0.9890441895,0,10
severity_conservative,log_time_since_qty_change_ms,0.2409189552,0.1706794202,0.6,10
severity_conservative,log_time_since_remove_ms,-0.9198355943,-0.8847172558,0,10
severity_conservative,log_time_since_replenish_ms,0.8145663472,0.7925980547,0.5,10
severity_conservative,opp_concentration_l10,1.587920964,1.560929,0.7,10
severity_conservative,opp_concentration_l5,-3.646298265,-3.488634229,0,10
severity_conservative,opp_dispersion_ticks_l10,3.861229199,3.290841937,1,10
severity_conservative,own_concentration_l10,-0.9967193127,-2.244371653,0.4,10
severity_conservative,own_concentration_l5,-0.5924429532,-0.2827199474,0.2,10
severity_conservative,own_dispersion_ticks_l10,0.4694033109,-0.1734806634,0.4,10
severity_conservative,relative_remaining_qty,-1.182636127,-1.13956213,0,10
severity_conservative,relative_to_max_qty,-0.9409475252,-0.9801920354,0,10
severity_conservative,removal_ratio,-1.495469919,-1.424762309,0,10
severity_conservative,replenishment_ratio,0.1313032188,0.2398402542,0.6,10
severity_conservative,signed_depth_flow_pressure_l10_1000ms,-0.1277770035,-0.1359225959,0.3,10
severity_conservative,signed_depth_flow_pressure_l10_100ms,0.03365863264,-0.1317964867,0.4,10
severity_conservative,signed_depth_flow_pressure_l10_250ms,-0.002381934226,0.02646410372,0.7,10
severity_conservative,signed_depth_flow_pressure_l10_5000ms,-0.7231497735,-0.7867711782,0,10
severity_conservative,signed_depth_flow_pressure_l10_500ms,0.5454646669,0.5524360538,1,10
severity_conservative,signed_log_volume_1000ms,-0.5884629145,-0.5227802545,0.1,10
severity_conservative,signed_log_volume_100ms,-1.363223952,-0.4699629843,0.1,10
severity_conservative,signed_log_volume_250ms,0.5497792751,0.5683263838,0.9,10
severity_conservative,signed_log_volume_5000ms,-1.173714939,-0.8854123652,0.1,10
severity_conservative,signed_log_volume_500ms,-0.3585732713,-0.3689721525,0.1,10
severity_conservative,signed_microprice_offset_ticks,6.91955871,-2.78076148,0.4,10
severity_conservative,signed_net_depth_flow_l1_1000ms,1.119070649,1.755559087,0.7,10
severity_conservative,signed_net_depth_flow_l1_100ms,-0.1004140509,-0.04076290783,0.5,10
severity_conservative,signed_net_depth_flow_l1_250ms,-0.2962875098,-0.4808384031,0.4,10
severity_conservative,signed_net_depth_flow_l1_5000ms,2.050686264,2.098981738,1,10
severity_conservative,signed_net_depth_flow_l1_500ms,-0.6902634636,-0.6616728306,0,10
severity_conservative,signed_net_depth_flow_l5_1000ms,-0.7523987701,-1.008083403,0.2,10
severity_conservative,signed_net_depth_flow_l5_100ms,0.4605035876,0.4535504431,1,10
severity_conservative,signed_net_depth_flow_l5_250ms,0.2439231813,0.507253617,0.6,10
severity_conservative,signed_net_depth_flow_l5_5000ms,-1.614299715,-1.600777507,0,10
severity_conservative,signed_net_depth_flow_l5_500ms,-0.2227951402,-0.02806563396,0.4,10
severity_conservative,signed_obi_l1,-15.71645393,-5.431712866,0.3,10
severity_conservative,signed_obi_l10,4.620881462,4.27778554,1,10
severity_conservative,signed_obi_l5,-0.2587887645,1.53403908,0.7,10
severity_conservative,signed_trade_imbalance_1000ms,0.7034629881,0.7219281495,0.9,10
severity_conservative,signed_trade_imbalance_100ms,1.335485974,0.6928515136,0.9,10
severity_conservative,signed_trade_imbalance_250ms,0.4315463133,0.3947761208,0.9,10
severity_conservative,signed_trade_imbalance_5000ms,2.185411471,1.855240226,1,10
severity_conservative,signed_trade_imbalance_500ms,0.4986212078,0.6083965451,0.9,10
severity_conservative,signed_weighted_obi_l10,5.39524146,2.538626671,0.8,10
severity_conservative,signed_weighted_obi_l5,1.753381366,2.228795946,0.7,10
severity_conservative,spread_ticks,2.353701925,0,0.4,10
severity_conservative,time_since_bbo_change_ms,-0.5337843634,-0.6494072974,0.1,10
severity_conservative,time_since_depth_ms,0.9984875381,-0.1225391924,0.4,10
severity_conservative,time_since_mid_change_ms,-0.5326940693,-0.6494072974,0.1,10
severity_conservative,time_since_trade_ms,0.04612929225,0.2343645096,0.6,10
severity_conservative,trade_count_1000ms,0.1114037871,0.02491436899,0.5,10
severity_conservative,trade_count_100ms,0.7023268491,0.3432239145,0.6,10
severity_conservative,trade_count_250ms,0.872378163,0.7567272186,0.6,10
severity_conservative,trade_count_5000ms,3.760827947,3.671521783,1,10
severity_conservative,trade_count_500ms,1.69847475,1.428201556,0.9,10
severity_conservative,unexplained_removal_share,-0.526970084,-0.4391746223,0,10
trade_through_within_1000ms,addition_ratio,-0.009469074989,-0.01517530368,0.5,10
trade_through_within_1000ms,backward_mid_abs_change_ticks_1000ms,0.01826926274,0.01959642535,0.9,10
trade_through_within_1000ms,backward_mid_abs_change_ticks_100ms,0.02662954247,0.03081239946,0.9,10
trade_through_within_1000ms,backward_mid_abs_change_ticks_250ms,-0.006641941331,-0.01215949329,0.4,10
trade_through_within_1000ms,backward_mid_abs_change_ticks_5000ms,-0.1158404747,-0.1190652885,0.1,10
trade_through_within_1000ms,backward_mid_abs_change_ticks_500ms,0.03418604098,0.03390594572,1,10
trade_through_within_1000ms,bbo_change_count_1000ms,0.0146217661,0.01508728787,0.6,10
trade_through_within_1000ms,bbo_change_count_100ms,-0.02281681844,-0.02598799486,0,10
trade_through_within_1000ms,bbo_change_count_250ms,0.005824825913,0.006130635273,0.5,10
trade_through_within_1000ms,bbo_change_count_5000ms,0.2572086915,0.1939894035,1,10
trade_through_within_1000ms,bbo_change_count_500ms,0.004595910932,0.002279318433,0.6,10
trade_through_within_1000ms,consumption_ratio,0.01647378476,0.01597979851,1,10
trade_through_within_1000ms,depth_event_count_1000ms,0.005766403489,0.007198436651,0.8,10
trade_through_within_1000ms,depth_event_count_100ms,-0.0055716904,-0.006318435073,0.2,10
trade_through_within_1000ms,depth_event_count_250ms,0.01233529535,0.01730858907,0.9,10
trade_through_within_1000ms,depth_event_count_5000ms,-0.03021014761,-0.02960125729,0,10
trade_through_within_1000ms,depth_event_count_500ms,-0.01219225633,-0.009487582836,0,10
trade_through_within_1000ms,drawdown_from_max,0.05261847395,0.05220526829,1,10
trade_through_within_1000ms,has_replenished,-0.03379888916,-0.03675271571,0,10
trade_through_within_1000ms,log_add_events,-0.07923985645,-0.05348538794,0.2,10
trade_through_within_1000ms,log_cum_add,0.03352886103,0.03915188555,0.9,10
trade_through_within_1000ms,log_cum_remove,0.01086950938,0.01387671626,0.5,10
trade_through_within_1000ms,log_cum_replenish,0.126339864,0.123480279,1,10
trade_through_within_1000ms,log_cum_trade_at_quote,0.07888250463,0.08016375452,1,10
trade_through_within_1000ms,log_cum_trade_through,-0.09633752815,-0.09681317583,0,10
trade_through_within_1000ms,log_current_qty,-0.3168694392,-0.3439178765,0,10
trade_through_within_1000ms,log_initial_qty,0.04033138249,0.040855987,1,10
trade_through_within_1000ms,log_level_age_ms,-0.717505011,-0.7616835535,0,10
trade_through_within_1000ms,log_max_qty,0.003975119162,-0.005345870275,0.4,10
trade_through_within_1000ms,log_opp_depth_l1,0.06419521999,0.06730960496,0.8,10
trade_through_within_1000ms,log_opp_depth_l10,-0.1221271953,-0.1266229376,0.1,10
trade_through_within_1000ms,log_opp_depth_l5,-0.03485620769,-0.0498353485,0.3,10
trade_through_within_1000ms,log_own_depth_l1,-0.3168694392,-0.3439178765,0,10
trade_through_within_1000ms,log_own_depth_l10,0.1555163866,0.1778403521,1,10
trade_through_within_1000ms,log_own_depth_l5,-0.01894525588,0.01583998464,0.6,10
trade_through_within_1000ms,log_prints_at_quote,0.354962367,0.3651689589,1,10
trade_through_within_1000ms,log_prints_through,0.3058457881,0.2895725518,1,10
trade_through_within_1000ms,log_remove_events,0.0560594216,0.04583187029,1,10
trade_through_within_1000ms,log_replenish_events,-0.1301615752,-0.1283247024,0,10
trade_through_within_1000ms,log_time_since_add_ms,-0.01450338529,-0.01613964094,0.3,10
trade_through_within_1000ms,log_time_since_print_ms,-0.1458161205,-0.1542120948,0,10
trade_through_within_1000ms,log_time_since_qty_change_ms,0.005600546285,0.007077920716,0.6,10
trade_through_within_1000ms,log_time_since_remove_ms,-0.06671296069,-0.07431871817,0,10
trade_through_within_1000ms,log_time_since_replenish_ms,-0.02035034073,-0.01339571364,0.1,10
trade_through_within_1000ms,opp_concentration_l10,-0.04558772445,-0.0355400648,0,10
trade_through_within_1000ms,opp_concentration_l5,-0.003481031675,-0.0004329285584,0.5,10
trade_through_within_1000ms,opp_dispersion_ticks_l10,-0.02016603894,-0.02178253792,0.1,10
trade_through_within_1000ms,own_concentration_l10,0.08536158316,0.1065539271,1,10
trade_through_within_1000ms,own_concentration_l5,-0.03864762709,-0.0390156284,0,10
trade_through_within_1000ms,own_dispersion_ticks_l10,0.03488097321,0.0476942528,0.8,10
trade_through_within_1000ms,relative_remaining_qty,0.01786524877,0.01421175222,0.7,10
trade_through_within_1000ms,relative_to_max_qty,-0.05261841975,-0.0522053279,0,10
trade_through_within_1000ms,removal_ratio,-0.007858710008,-0.004192736058,0.3,10
trade_through_within_1000ms,replenishment_ratio,-0.005536661966,-0.007198954234,0.4,10
trade_through_within_1000ms,signed_depth_flow_pressure_l10_1000ms,-0.1000304885,-0.1060039811,0,10
trade_through_within_1000ms,signed_depth_flow_pressure_l10_100ms,0.003452982404,0.001720205764,0.5,10
trade_through_within_1000ms,signed_depth_flow_pressure_l10_250ms,-0.000966287835,-0.003919092764,0.4,10
trade_through_within_1000ms,signed_depth_flow_pressure_l10_5000ms,-0.06497167093,-0.07462337986,0,10
trade_through_within_1000ms,signed_depth_flow_pressure_l10_500ms,-0.02896166677,-0.03714919463,0.2,10
trade_through_within_1000ms,signed_log_volume_1000ms,-0.0322300734,-0.02691954188,0,10
trade_through_within_1000ms,signed_log_volume_100ms,-0.06514152996,-0.07304116711,0,10
trade_through_within_1000ms,signed_log_volume_250ms,0.008920946298,0.005300935823,0.7,10
trade_through_within_1000ms,signed_log_volume_5000ms,-0.01508689187,-0.0198473502,0.1,10
trade_through_within_1000ms,signed_log_volume_500ms,-0.02110369407,-0.02478772402,0.1,10
trade_through_within_1000ms,signed_microprice_offset_ticks,-0.2042797394,-0.2339487374,0,10
trade_through_within_1000ms,signed_net_depth_flow_l1_1000ms,-0.02934299719,-0.0182774947,0.4,10
trade_through_within_1000ms,signed_net_depth_flow_l1_100ms,0.009849821159,0.002745930862,0.5,10
trade_through_within_1000ms,signed_net_depth_flow_l1_250ms,-0.05241682939,-0.03729185555,0,10
trade_through_within_1000ms,signed_net_depth_flow_l1_5000ms,-0.08201013431,-0.08220629394,0,10
trade_through_within_1000ms,signed_net_depth_flow_l1_500ms,0.02973841876,0.02535179909,0.8,10
trade_through_within_1000ms,signed_net_depth_flow_l5_1000ms,0.02443731646,0.0128350649,0.6,10
trade_through_within_1000ms,signed_net_depth_flow_l5_100ms,-0.04372070288,-0.04993103072,0.1,10
trade_through_within_1000ms,signed_net_depth_flow_l5_250ms,0.004375355353,-0.003537466109,0.5,10
trade_through_within_1000ms,signed_net_depth_flow_l5_5000ms,-0.01020533181,-0.002337656566,0.4,10
trade_through_within_1000ms,signed_net_depth_flow_l5_500ms,-0.04568943121,-0.01948522311,0,10
trade_through_within_1000ms,signed_obi_l1,-0.2170840733,-0.2342005372,0,10
trade_through_within_1000ms,signed_obi_l10,0.02359390277,0.04692649096,0.6,10
trade_through_within_1000ms,signed_obi_l5,-0.03705028169,-0.03378742188,0.1,10
trade_through_within_1000ms,signed_trade_imbalance_1000ms,0.08135818541,0.08089630678,1,10
trade_through_within_1000ms,signed_trade_imbalance_100ms,0.1054882288,0.1090892218,1,10
trade_through_within_1000ms,signed_trade_imbalance_250ms,0.02803327683,0.03801117279,0.9,10
trade_through_within_1000ms,signed_trade_imbalance_5000ms,0.07060061428,0.07419680804,1,10
trade_through_within_1000ms,signed_trade_imbalance_500ms,0.05490291268,0.05878212862,1,10
trade_through_within_1000ms,signed_weighted_obi_l10,-0.0238085526,-0.03019614983,0.1,10
trade_through_within_1000ms,signed_weighted_obi_l5,-0.07914412804,-0.07248518243,0,10
trade_through_within_1000ms,spread_ticks,-0.006435322016,0,0,10
trade_through_within_1000ms,time_since_bbo_change_ms,-0.1215103135,-0.1215562746,0,10
trade_through_within_1000ms,time_since_depth_ms,0.04666338302,0.044622913,0.9,10
trade_through_within_1000ms,time_since_mid_change_ms,-0.1215126194,-0.1215626411,0,10
trade_through_within_1000ms,time_since_trade_ms,0.01420905034,0.02477089874,0.7,10
trade_through_within_1000ms,trade_count_1000ms,-0.01492480169,-0.007357540831,0.3,10
trade_through_within_1000ms,trade_count_100ms,0.01641193442,0.02959443815,0.6,10
trade_through_within_1000ms,trade_count_250ms,0.01811234555,0.02334583784,0.6,10
trade_through_within_1000ms,trade_count_5000ms,0.1088190172,0.1249030419,1,10
trade_through_within_1000ms,trade_count_500ms,-0.03289753231,-0.03884455934,0,10
trade_through_within_1000ms,unexplained_removal_share,0.006771527583,0.003153850674,0.7,10
trade_through_within_500ms,addition_ratio,-0.03148972052,-0.02951360494,0.4,10
trade_through_within_500ms,backward_mid_abs_change_ticks_1000ms,0.01746901423,0.01046144892,0.6,10
trade_through_within_500ms,backward_mid_abs_change_ticks_100ms,0.0161142099,0.01614873856,0.9,10
trade_through_within_500ms,backward_mid_abs_change_ticks_250ms,-0.006395251211,-0.01122722356,0.4,10
trade_through_within_500ms,backward_mid_abs_change_ticks_5000ms,-0.08328794502,-0.09791206568,0.1,10
trade_through_within_500ms,backward_mid_abs_change_ticks_500ms,0.05580076538,0.0456984546,1,10
trade_through_within_500ms,bbo_change_count_1000ms,0.02441173531,0.0267932713,0.9,10
trade_through_within_500ms,bbo_change_count_100ms,-0.006545431656,-0.006441748701,0.3,10
trade_through_within_500ms,bbo_change_count_250ms,0.02027173109,0.01638417714,0.9,10
trade_through_within_500ms,bbo_change_count_5000ms,0.2228636332,0.1660673618,1,10
trade_through_within_500ms,bbo_change_count_500ms,0.007868661731,0.005856491509,0.6,10
trade_through_within_500ms,consumption_ratio,0.02250376758,0.01863598032,1,10
trade_through_within_500ms,depth_event_count_1000ms,0.003706862638,0.007549382048,0.8,10
trade_through_within_500ms,depth_event_count_100ms,-0.01466708464,-0.01630476024,0,10
trade_through_within_500ms,depth_event_count_250ms,0.006932762376,0.004297631851,0.7,10
trade_through_within_500ms,depth_event_count_5000ms,-0.04728335738,-0.04696744122,0,10
trade_through_within_500ms,depth_event_count_500ms,-0.0003813929274,-0.006163527723,0.2,10
trade_through_within_500ms,drawdown_from_max,0.06867708862,0.06823582947,1,10
trade_through_within_500ms,has_replenished,-0.003048688173,-0.001803506864,0.4,10
trade_through_within_500ms,log_add_events,-0.06084467094,-0.03914975542,0.5,10
trade_through_within_500ms,log_cum_add,0.007789669978,0.01703718584,0.8,10
trade_through_within_500ms,log_cum_remove,-0.02638842068,-0.02332138736,0.1,10
trade_through_within_500ms,log_cum_replenish,0.1149403088,0.1141700596,1,10
trade_through_within_500ms,log_cum_trade_at_quote,0.08808992282,0.08033496141,1,10
trade_through_within_500ms,log_cum_trade_through,-0.09098023213,-0.08589629829,0,10
trade_through_within_500ms,log_current_qty,-0.2489314109,-0.262037158,0,10
trade_through_within_500ms,log_initial_qty,0.04431202821,0.04361096956,1,10
trade_through_within_500ms,log_level_age_ms,-0.6951522052,-0.7440970838,0,10
trade_through_within_500ms,log_max_qty,0.01192486313,0.004264275502,0.5,10
trade_through_within_500ms,log_opp_depth_l1,0.01697910391,0.03911115322,0.7,10
trade_through_within_500ms,log_opp_depth_l10,-0.08660084158,-0.1025404409,0.2,10
trade_through_within_500ms,log_opp_depth_l5,-0.02905714775,-0.04892790318,0.3,10
trade_through_within_500ms,log_own_depth_l1,-0.2489314109,-0.262037158,0,10
trade_through_within_500ms,log_own_depth_l10,0.07993192868,0.0875955224,0.9,10
trade_through_within_500ms,log_own_depth_l5,-0.05743694324,-0.02879376523,0,10
trade_through_within_500ms,log_prints_at_quote,0.3071884755,0.3095510602,0.9,10
trade_through_within_500ms,log_prints_through,0.3396497667,0.3243695349,1,10
trade_through_within_500ms,log_remove_events,0.05635878919,0.03623948805,1,10
trade_through_within_500ms,log_replenish_events,-0.1404147156,-0.1338640749,0,10
trade_through_within_500ms,log_time_since_add_ms,-0.008396165026,-0.00958313467,0.4,10
trade_through_within_500ms,log_time_since_print_ms,-0.1872661695,-0.191618748,0,10
trade_through_within_500ms,log_time_since_qty_change_ms,-0.01457802076,-0.01129661547,0.1,10
trade_through_within_500ms,log_time_since_remove_ms,-0.07564879386,-0.08324537799,0,10
trade_through_within_500ms,log_time_since_replenish_ms,-0.006925966521,-0.002704469371,0.4,10
trade_through_within_500ms,opp_concentration_l10,-0.07964379378,-0.07077501342,0,10
trade_through_within_500ms,opp_concentration_l5,0.01131587169,0.009642309044,0.8,10
trade_through_within_500ms,opp_dispersion_ticks_l10,-0.02228766845,-0.03038610797,0.3,10
trade_through_within_500ms,own_concentration_l10,0.06076942096,0.06419592351,0.8,10
trade_through_within_500ms,own_concentration_l5,-0.04818458781,-0.04317242093,0,10
trade_through_within_500ms,own_dispersion_ticks_l10,0.04035469011,0.04623252712,0.8,10
trade_through_within_500ms,relative_remaining_qty,0.01278103715,0.00758481372,0.5,10
trade_through_within_500ms,relative_to_max_qty,-0.06867697574,-0.06823549792,0,10
trade_through_within_500ms,removal_ratio,0.02297191499,0.01888626534,0.8,10
trade_through_within_500ms,replenishment_ratio,-0.002726117009,-0.005795212928,0.4,10
trade_through_within_500ms,signed_depth_flow_pressure_l10_1000ms,-0.1321390957,-0.1350217313,0,10
trade_through_within_500ms,signed_depth_flow_pressure_l10_100ms,-3.503053449e-06,-0.0005298124743,0.5,10
trade_through_within_500ms,signed_depth_flow_pressure_l10_250ms,-0.005353299389,-0.01170036523,0.4,10
trade_through_within_500ms,signed_depth_flow_pressure_l10_5000ms,-0.07882633284,-0.07845401764,0,10
trade_through_within_500ms,signed_depth_flow_pressure_l10_500ms,-0.04201971928,-0.0529221613,0.1,10
trade_through_within_500ms,signed_log_volume_1000ms,0.01442591702,0.00808363664,0.6,10
trade_through_within_500ms,signed_log_volume_100ms,-0.08012041785,-0.09158315137,0,10
trade_through_within_500ms,signed_log_volume_250ms,-0.008419304574,-0.01661924412,0.2,10
trade_through_within_500ms,signed_log_volume_5000ms,0.009942794955,0.003844918916,0.7,10
trade_through_within_500ms,signed_log_volume_500ms,-0.06583332717,-0.06853067502,0,10
trade_through_within_500ms,signed_microprice_offset_ticks,-0.1776705764,-0.2066078484,0,10
trade_through_within_500ms,signed_net_depth_flow_l1_1000ms,-0.03879786336,-0.01613680366,0,10
trade_through_within_500ms,signed_net_depth_flow_l1_100ms,-0.0009648547624,-0.003435984254,0.2,10
trade_through_within_500ms,signed_net_depth_flow_l1_250ms,-0.05610296587,-0.0500413049,0,10
trade_through_within_500ms,signed_net_depth_flow_l1_5000ms,-0.08665181622,-0.0890436992,0,10
trade_through_within_500ms,signed_net_depth_flow_l1_500ms,0.02970696571,0.03451389261,0.7,10
trade_through_within_500ms,signed_net_depth_flow_l5_1000ms,0.02299016851,-0.002493404783,0.4,10
trade_through_within_500ms,signed_net_depth_flow_l5_100ms,-0.04514640053,-0.03861227445,0,10
trade_through_within_500ms,signed_net_depth_flow_l5_250ms,0.000219494733,0.005650555133,0.5,10
trade_through_within_500ms,signed_net_depth_flow_l5_5000ms,0.004571136693,0.003608509898,0.6,10
trade_through_within_500ms,signed_net_depth_flow_l5_500ms,-0.03132236549,-0.01376625523,0.3,10
trade_through_within_500ms,signed_obi_l1,-0.1896811485,-0.2045154944,0,10
trade_through_within_500ms,signed_obi_l10,-0.01049487377,0.003783935215,0.6,10
trade_through_within_500ms,signed_obi_l5,-0.03084182721,-0.02891558409,0,10
trade_through_within_500ms,signed_trade_imbalance_1000ms,0.03901279413,0.04569371603,0.9,10
trade_through_within_500ms,signed_trade_imbalance_100ms,0.1287695713,0.1357963011,1,10
trade_through_within_500ms,signed_trade_imbalance_250ms,0.045290206,0.05415282212,0.9,10
trade_through_within_500ms,signed_trade_imbalance_5000ms,0.04756440893,0.05585400201,0.9,10
trade_through_within_500ms,signed_trade_imbalance_500ms,0.09236248285,0.09175599739,1,10
trade_through_within_500ms,signed_weighted_obi_l10,-0.07459024042,-0.07009286433,0,10
trade_through_within_500ms,signed_weighted_obi_l5,-0.1101062387,-0.1198318899,0,10
trade_through_within_500ms,spread_ticks,-0.004915252794,0,0,10
trade_through_within_500ms,time_since_bbo_change_ms,-0.09665444866,-0.09649716318,0,10
trade_through_within_500ms,time_since_depth_ms,0.06708486304,0.07292053476,1,10
trade_through_within_500ms,time_since_mid_change_ms,-0.09665665478,-0.0964977257,0,10
trade_through_within_500ms,time_since_trade_ms,0.03949444297,0.05249204114,0.9,10
trade_through_within_500ms,trade_count_1000ms,-0.02019139456,5.876082287e-05,0.5,10
trade_through_within_500ms,trade_count_100ms,0.04081235661,0.05385016277,0.6,10
trade_through_within_500ms,trade_count_250ms,0.0083827361,0.009407670004,0.6,10
trade_through_within_500ms,trade_count_5000ms,0.08798450083,0.09833078086,1,10
trade_through_within_500ms,trade_count_500ms,-0.04742020005,-0.04550219513,0,10
trade_through_within_500ms,unexplained_removal_share,0.0100414463,0.007859987672,0.9,10
