grouping,queue_cell,phase2_block,eligible_opportunities,filled,fill_rate,markout_100ms_observed,markout_100ms_mean,markout_100ms_median,markout_100ms_std,markout_100ms_p1,markout_100ms_p5,markout_100ms_p10,markout_100ms_p25,markout_100ms_p50,markout_100ms_p75,markout_100ms_p90,markout_100ms_p95,markout_100ms_p99,markout_100ms_frac_favourable,markout_500ms_observed,markout_500ms_mean,markout_500ms_median,markout_500ms_std,markout_500ms_p1,markout_500ms_p5,markout_500ms_p10,markout_500ms_p25,markout_500ms_p50,markout_500ms_p75,markout_500ms_p90,markout_500ms_p95,markout_500ms_p99,markout_500ms_frac_favourable,markout_1000ms_observed,markout_1000ms_mean,markout_1000ms_median,markout_1000ms_std,markout_1000ms_p1,markout_1000ms_p5,markout_1000ms_p10,markout_1000ms_p25,markout_1000ms_p50,markout_1000ms_p75,markout_1000ms_p90,markout_1000ms_p95,markout_1000ms_p99,markout_1000ms_frac_favourable,markout_5000ms_observed,markout_5000ms_mean,markout_5000ms_median,markout_5000ms_std,markout_5000ms_p1,markout_5000ms_p5,markout_5000ms_p10,markout_5000ms_p25,markout_5000ms_p50,markout_5000ms_p75,markout_5000ms_p90,markout_5000ms_p95,markout_5000ms_p99,markout_5000ms_frac_favourable,catastrophic_10_rate,catastrophic_25_rate,catastrophic_50_rate,catastrophic_100_rate,utc_day,file_index,segment_id,side
phase2_validation_block,conservative,-1,85544,42059,0.491665108,42059,-25.91421574,-22.5,26.37165667,-119.5,-69.5,-53.5,-36.5,-22.5,-7.5,0.5,0.5,0.5,0.1091799615,42059,-37.65129937,-29.5,39.04357173,-178.5,-108.5,-83.5,-50.5,-29.5,-11.5,-0.5,0.5,0.5,0.09648351126,42059,-40.90678571,-31.5,42.21483404,-196.5,-123.5,-93.5,-55.5,-31.5,-12.5,-0.5,0.5,0.5,0.09655483963,42058,-50.6645228,-38.5,57.5133249,-241.93,-154.5,-122.5,-73.5,-38.5,-15.5,0.5,0.5,65.5,0.1088259071,0.7744834637,0.5983737131,0.2898547279,0.07998288119,,,,
phase2_validation_block,conservative,0,42856,21506,0.5018200485,21506,-28.25411513,-24.5,39.59783604,-108,-70.5,-55.5,-38.5,-24.5,-9.5,-0.5,0.5,0.5,0.09741467497,21506,-42.22075235,-33.5,48.08791271,-179.5,-119.5,-92.5,-58.5,-33.5,-14.5,-0.5,0.5,0.5,0.09169534084,21506,-46.25137171,-36.5,53.22738446,-212.35,-135.5,-103.5,-63.5,-36.5,-15.5,-0.5,0.5,33.5,0.09778666419,21506,-57.44285316,-40.5,87.04520649,-358.45,-201.5,-143.5,-85.5,-40.5,-14.5,0.5,39.5,149.5,0.1430763508,0.7958709197,0.6330326421,0.3452989863,0.1088068446,,,,
phase2_validation_block,conservative,1,42856,21367,0.4985766287,21367,-27.3894089,-23.5,34.80007635,-109.5,-69.5,-53.5,-37.5,-23.5,-9.5,-0.5,0.5,0.5,0.07193335517,21367,-40.98888473,-33.5,39.87942085,-173.5,-106.5,-90.5,-56.5,-33.5,-14.5,-0.5,0.5,0.5,0.06903168437,21367,-44.46197407,-34.5,42.70616111,-209.5,-120.5,-97.5,-62.5,-34.5,-16.5,-0.5,0.5,0.5,0.07221416203,21367,-56.63836758,-42.5,62.8502751,-263.5,-177.5,-131.5,-85.5,-42.5,-20.5,-0.5,0.5,95.5,0.09636355127,0.8153226939,0.6369635419,0.3261103571,0.09158983479,,,,
phase2_validation_block,conservative,2,42856,19031,0.4440685085,19031,-28.99069939,-25.5,27.51229922,-128.5,-78.5,-56.5,-39.5,-25.5,-10.5,0.5,0.5,0.5,0.1016236666,19031,-43.3754138,-34.5,41.36698835,-184.5,-121.5,-95.5,-58.5,-34.5,-15.5,-0.5,0.5,0.5,0.08780410909,19031,-46.19617992,-36.5,44.1974106,-204.5,-135.5,-106.5,-65.5,-36.5,-15.5,-0.5,0.5,0.5,0.08754137985,19031,-54.12582103,-42.5,59.46467905,-255.5,-156.5,-125.5,-80.5,-42.5,-19.5,-0.5,0.5,81.5,0.09994219957,0.8059481898,0.648678472,0.3445431139,0.1113446482,,,,
phase2_validation_block,conservative,3,42850,19180,0.4476079347,19180,-21.13196038,-19.5,21.49546362,-90.5,-57.5,-42.5,-31.5,-19.5,-5.5,0.5,0.5,0.5,0.1535453597,19180,-35.60995829,-27.5,35.56270865,-161.5,-105.5,-81.5,-48.5,-27.5,-10.5,0.5,0.5,0.5,0.1075078206,19180,-37.13107404,-28.5,38.23661278,-172.5,-113.5,-87.5,-50.5,-28.5,-11.5,0.5,0.5,0.5,0.1100625652,19180,-48.54551616,-36.5,51.36727426,-213.71,-145.5,-117.5,-72.5,-36.5,-15.5,0.5,0.5,59.5,0.1042752868,0.7620959333,0.5497393118,0.2544316997,0.06908237748,,,,
phase2_validation_block,conservative,4,42856,22407,0.5228439425,22407,-22.87282992,-20.5,27.8280454,-102.5,-66.5,-54,-35.5,-20.5,-4.5,0.5,0.5,40.5,0.1553532378,22407,-44.50560093,-33.5,51.78558131,-215.5,-134.5,-98.5,-62.5,-33.5,-12.5,-0.5,0.5,31.44,0.0942562592,22407,-49.14952916,-36.5,61.31095366,-269.32,-158.5,-114.5,-69.5,-36.5,-12.5,0.5,0.5,69.5,0.1085375106,22407,-59.82898201,-45.5,105.558576,-390.5,-238.5,-180.5,-99.5,-45.5,-9.5,21.5,89.5,239.44,0.1698130049,0.7730619896,0.6322577766,0.3865756237,0.1332172982,,,,
phase2_validation_block,conservative,5,42856,34763,0.8111582976,34763,-35.99124069,-31.5,108.8987914,-171.5,-105.5,-82.5,-54.5,-31.5,-10.5,0.5,0.5,64.5,0.1172223341,34763,-59.7069154,-47.5,140.5096683,-348.5,-193.5,-146.5,-93.5,-47.5,-17.5,0.5,16.5,167.5,0.120789345,34763,-64.38722205,-52.5,164.6408522,-414.88,-231.5,-173.5,-103.5,-52.5,-16.5,0.5,59.5,232.5,0.1489227052,34763,-75.47517475,-64.5,306.9548488,-802.88,-391.5,-279.5,-157.5,-64.5,0.5,118.5,226.5,620.5,0.2632684176,0.783217789,0.6941288151,0.5093058712,0.2616287432,,,,
phase2_validation_block,conservative,6,42846,34913,0.8148485273,34913,-40.25832784,-34,60.81566554,-179.5,-111.5,-87.5,-57.5,-34,-13.5,-0.5,0.5,35.5,0.08117320196,34911,-60.52380339,-46.5,86.34598001,-307.5,-192.5,-143.5,-89.5,-46.5,-18.5,-0.5,0.5,113.5,0.09796339263,34899,-66.10219491,-51.5,105.6563932,-383.52,-223.5,-170.5,-101.5,-51.5,-18.5,0.5,43.5,184.5,0.1272242758,34883,-76.80322793,-66.5,208.8323124,-677.86,-369.5,-277.5,-158.5,-66.5,0.5,109.5,199.5,474.5,0.2715649457,0.8001375398,0.7008796814,0.5104444253,0.2572280008,,,,
phase2_validation_block,conservative,7,42852,31668,0.739008681,31668,-34.6731085,-30.5,38.3290804,-150.5,-96.5,-75.5,-49.5,-30.5,-10.5,0.5,0.5,33.5,0.1078691424,31668,-53.04847164,-41.5,69.24462491,-252.665,-159.5,-121.5,-78.5,-41.5,-15.5,0.5,0.5,93.5,0.1135215359,31668,-57.72352217,-44.5,84.62428104,-294.5,-182.5,-142.5,-86.5,-44.5,-16.5,0.5,9.5,145.5,0.1232790198,31655,-70.60606539,-59.5,163.6922267,-548.5,-283.5,-216.5,-125.5,-59.5,-9.5,51.5,126.5,379.42,0.2069815195,0.7934192245,0.6852658835,0.4600543135,0.1918024504,,,,
phase2_validation_block,conservative,8,42852,36712,0.8567161393,36712,-43.16096917,-34.5,52.36640336,-225.5,-124.5,-96.5,-62.5,-34.5,-10.5,0.5,0.5,39.5,0.1118435389,36712,-61.42345827,-47.5,85.98237103,-330.5,-200.5,-156.5,-94.5,-47.5,-12.5,0.5,33.5,142.39,0.1472270647,36712,-65.15191218,-51.5,104.4099527,-381.5,-240.5,-184.5,-110.5,-51.5,-8.5,23.45,75.5,203.5,0.1838635868,36712,-71.45302626,-62.5,208.7653766,-661.5,-396.5,-302.5,-172.5,-62.5,28.5,150.5,244.5,472.5,0.3216659403,0.7437622576,0.6603290477,0.5059653519,0.2799357158,,,,
phase2_validation_block,conservative,9,42854,35408,0.8262472581,35408,-41.15167476,-33.5,42.7664781,-183.965,-113.5,-89.5,-59.5,-33.5,-12.5,-0.5,0.5,25.465,0.09701197469,35408,-61.8222718,-51.5,70.70750709,-285.5,-185.5,-145.5,-94.5,-51.5,-18.5,0.5,14.5,104.5,0.1220628107,35406,-66.83951873,-56.5,88.60120881,-332.5,-218.25,-171.5,-107.5,-56.5,-16.5,0.5,55.5,157.5,0.152036378,35402,-71.27415118,-66.5,173.7189793,-535.49,-346.5,-269.5,-162.5,-66.5,6.5,121.5,201.5,397.5,0.2889102311,0.7814777156,0.7015195165,0.5370558662,0.2785403604,,,,
phase2_validation_block,midpoint,-1,85544,50021,0.5847400168,50021,-16.95894724,-6.5,25.47493572,-105.5,-62.5,-44.5,-28.5,-6.5,0.5,0.5,0.5,0.5,0.4211831031,50021,-25.30789069,-12.5,37.55115481,-158.5,-96.5,-70.5,-38.5,-12.5,0.5,0.5,0.5,0.5,0.3936746566,50011,-27.86562956,-14.5,41.69475327,-183.5,-105.5,-78.5,-40.5,-14.5,0.5,0.5,0.5,18.5,0.3792965548,50011,-36.66973266,-24.5,56.59901819,-229.5,-144.5,-106.5,-58.5,-24.5,0.5,0.5,1.5,86.5,0.3221891184,0.5354222071,0.4147487553,0.2037351783,0.05636759913,,,,
phase2_validation_block,midpoint,0,42856,25855,0.6032994213,25855,-17.27824405,-5.5,34.98969685,-96.5,-61.5,-45.5,-28.5,-5.5,0.5,0.5,0.5,0.5,0.438445175,25855,-27.15641075,-12.5,44.56167873,-158.5,-103.5,-75.5,-41.5,-12.5,0.5,0.5,0.5,18.5,0.4049506865,25855,-30.37128215,-16.5,50.36786146,-192.5,-117.5,-86.5,-47.5,-16.5,0.5,0.5,0.5,53.5,0.3912976213,25855,-39.5344034,-24.5,84.53133636,-324.5,-175.5,-125.5,-67.5,-24.5,0.5,0.5,50.5,162.5,0.3545155676,0.5355250435,0.4274221621,0.2344227422,0.07476310191,,,,
phase2_validation_block,midpoint,1,42856,25621,0.5978392757,25621,-18.1227899,-9.5,33.36226723,-105.5,-60.5,-45.5,-29.5,-9.5,0.5,0.5,0.5,0.5,0.3960813395,25621,-28.4822021,-17.5,39.46261281,-159.5,-98.5,-77.5,-42.5,-17.5,0.5,0.5,0.5,0.5,0.3705944343,25621,-31.08713555,-19.5,42.18799429,-179.5,-109.5,-87.5,-47.5,-19.5,0.5,0.5,0.5,6.5,0.3579485578,25621,-41.34610281,-29.5,62.04572352,-250.3,-152.5,-115.5,-68.5,-29.5,0.5,0.5,21.5,98.5,0.3071308692,0.5668787323,0.4490457047,0.2331681043,0.06463447953,,,,
phase2_validation_block,midpoint,2,42856,23106,0.5391543775,23106,-19.17495456,-9.5,27.2589409,-112.5,-64.5,-49.5,-32.5,-9.5,0.5,0.5,0.5,0.5,0.4096338613,23106,-29.97297239,-17.5,41.68411775,-172.5,-109.5,-82.5,-44.5,-17.5,0.5,0.5,0.5,0.5,0.3842292045,23106,-32.34661993,-19.5,44.32382775,-184.5,-120.5,-86.5,-49.5,-19.5,0.5,0.5,0.5,0.5,0.3635419372,23106,-39.73054618,-28.5,58.03705988,-232.5,-144.5,-112.5,-67.5,-28.5,0.5,0.5,0.5,93.5,0.3139011512,0.5606336017,0.4562884099,0.2457803168,0.0825759543,,,,
phase2_validation_block,midpoint,3,42850,23123,0.5396266044,23123,-13.7842408,-4.5,20.64873552,-80.5,-49.5,-38.5,-25.5,-4.5,0.5,0.5,0.5,0.5,0.4449249665,23123,-23.83170436,-10.5,34.18603343,-145.5,-90.5,-67.5,-36.5,-10.5,0.5,0.5,0.5,0.5,0.3999481036,23123,-25.52106128,-13.5,36.73588617,-159.5,-99.5,-75.5,-38.5,-13.5,0.5,0.5,0.5,1.5,0.3842926956,23123,-35.3541928,-22.5,49.41370783,-204.5,-131.5,-98.5,-56.5,-22.5,0.5,0.5,0.5,65.5,0.3205898889,0.5252778619,0.3810059248,0.1779180902,0.04778791679,,,,
phase2_validation_block,midpoint,4,42856,26008,0.6068695165,26008,-15.22998693,-5.5,26.16062472,-92.5,-61.5,-46.5,-28.5,-5.5,0.5,0.5,0.5,30.5,0.4350968933,26008,-31.37165488,-18.5,50.72777211,-195.5,-117.5,-88.5,-50.5,-18.5,0.5,0.5,0.5,47.5,0.3659643187,26008,-35.18280914,-20.5,59.12294814,-242.36,-142.5,-100.5,-56.5,-20.5,0.5,0.5,0.5,77.5,0.3570824362,26008,-44.34102968,-26.5,100.8733017,-368.5,-215.5,-158.5,-81.5,-26.5,0.5,27.5,92.5,237.5,0.3404337127,0.560788988,0.4621270378,0.2846431867,0.1003152876,,,,
phase2_validation_block,midpoint,5,42856,36357,0.8483526227,36357,-25.98087026,-16.5,105.8378936,-156.5,-96.5,-74.5,-45.5,-16.5,0.5,0.5,0.5,71.5,0.3493137498,36357,-45.33872432,-31.5,137.0068302,-316.94,-177.5,-132.5,-78.5,-31.5,0.5,0.5,27.5,161.5,0.3073135847,36357,-49.79892455,-36.5,161.2608443,-386.5,-213.5,-157.5,-90.5,-36.5,0.5,11.5,70.5,242.5,0.3024451962,36357,-59.83234315,-48.5,301.9291578,-760.5,-372.5,-264.5,-142.5,-48.5,10.5,132.5,239.5,599.5,0.3351211596,0.6409494733,0.5663283549,0.4164535028,0.2141815881,,,,
phase2_validation_block,midpoint,6,42846,36199,0.8448629977,36199,-30.65964529,-21.5,59.87428457,-167.5,-102.5,-79.5,-49.5,-21.5,0.5,0.5,0.5,42.52,0.2904223874,36192,-47.77597259,-34.5,85.03972567,-290.5,-176.5,-130.5,-77.5,-34.5,0.5,0.5,11.5,124.5,0.2646717507,36179,-53.40613339,-39.5,103.9810053,-369.5,-208.5,-154.5,-89.5,-39.5,0.5,0.5,53.5,191.5,0.2632466348,36163,-62.96067804,-52.5,205.8321644,-652.26,-352.5,-261.5,-144.5,-52.5,8.5,123.5,215.5,491.5,0.324890081,0.6750048371,0.5905635866,0.428618812,0.2163409713,,,,
phase2_validation_block,midpoint,7,42852,34177,0.7975590404,34177,-22.81625069,-11.5,37.10260589,-134.5,-83.5,-64.5,-39.5,-11.5,0.5,0.5,0.5,40.5,0.3951195248,34177,-37.10640197,-22.5,67.18996867,-236.5,-143.5,-105.5,-61.5,-22.5,0.5,0.5,0.5,101.5,0.3580478099,34177,-41.53881265,-27.5,82.41445897,-278.5,-167.5,-123.5,-69.5,-27.5,0.5,0.5,21.5,159.5,0.340433625,34164,-53.45325489,-40.5,159.2996942,-523.5,-263.5,-195.5,-106.5,-40.5,0.5,66.5,140.5,366.5,0.3218007259,0.5950200427,0.513825087,0.3410188138,0.1443953536,,,,
phase2_validation_block,midpoint,8,42852,37867,0.8836693737,37867,-32.34541949,-19.5,50.85004498,-200.5,-113.5,-86.5,-50.5,-19.5,0.5,0.5,0.5,49.5,0.3278316212,37867,-47.69518314,-32.5,84.25742109,-306.5,-185.5,-141.5,-80.5,-32.5,0.5,0.5,43.5,154.84,0.304090633,37867,-51.178678,-37.5,103.0682327,-350.5,-222.2,-169.5,-94.5,-37.5,0.5,36.5,89.5,209.5,0.3057015343,37867,-56.72221195,-47.5,207.1908947,-618.84,-380.5,-286.5,-158.5,-47.5,41.5,165.5,259.2,489.5,0.3678928883,0.6328465418,0.5617556183,0.4287374231,0.2333166081,,,,
phase2_validation_block,midpoint,9,42854,36749,0.8575395529,36749,-30.48602683,-20.5,41.60766902,-168.5,-101.5,-79.5,-49.5,-20.5,0.5,0.5,0.5,34.5,0.3156004245,36749,-47.5655392,-34.5,69.14743366,-263.54,-169.5,-130.5,-79.5,-34.5,0.5,0.5,23.5,112.02,0.2934773735,36748,-52.01410961,-39.5,86.95432089,-308.5,-200.5,-155.5,-93.5,-39.5,0.5,13.5,67.5,168.03,0.2912811582,36743,-57.01058705,-49.5,172.231196,-515.66,-330.5,-253.5,-147.5,-49.5,21.5,134.5,211.5,403.5,0.3469232235,0.6512463263,0.5827528029,0.4456841189,0.2249374116,,,,
phase2_validation_block,optimistic,-1,85544,81961,0.958115122,81961,-1.062090506,0.5,9.952554615,-43.5,-8.5,0.5,0.5,0.5,0.5,0.5,0.5,0.5,0.9373726528,81961,-1.791333683,0.5,17.51940726,-72.5,-23.5,0.5,0.5,0.5,0.5,0.5,0.5,32.5,0.9186198314,81960,-2.033931186,0.5,20.98295382,-86.5,-31.5,-0.5,0.5,0.5,0.5,0.5,0.5,49.91,0.8983894583,81940,-2.926220405,0.5,41.91354636,-148.5,-71.5,-39.5,0.5,0.5,0.5,26.5,54.5,126.5,0.7890529656,0.08498047828,0.06194485115,0.02678135676,0.006844802343,,,,
phase2_validation_block,optimistic,0,42856,41354,0.9649523987,41354,-1.235624123,0.5,11.97900783,-47.5,-14.5,0.5,0.5,0.5,0.5,0.5,0.5,7.5,0.929728684,41354,-2.189812352,0.5,21.52898882,-86.5,-31.5,0.5,0.5,0.5,0.5,0.5,0.5,48.5,0.9041930648,41354,-2.471357063,0.5,28.3941566,-103.5,-42.5,-13.5,0.5,0.5,0.5,0.5,14.5,75.5,0.8800841515,41354,-3.5603811,0.5,63.10343424,-214.5,-97.5,-57.5,0.5,0.5,0.5,40.5,79.5,190.5,0.7748948107,0.1047540746,0.07999226193,0.04035885283,0.01124437781,,,,
phase2_validation_block,optimistic,1,42856,41162,0.9604722793,41162,-1.206051698,0.5,9.832490919,-46.5,-13.5,0.5,0.5,0.5,0.5,0.5,0.5,0.5,0.9292551382,41162,-2.13135902,0.5,18.66834161,-77.5,-29.5,0.5,0.5,0.5,0.5,0.5,0.5,40.5,0.9068072494,41162,-2.436567708,0.5,22.9117685,-96.5,-38.5,-8.5,0.5,0.5,0.5,0.5,0.5,63.5,0.885938487,41162,-3.551588844,0.5,48.46760615,-169.5,-86.5,-49.5,0.5,0.5,0.5,34.5,68.5,143.5,0.7752295807,0.09751712745,0.07378164326,0.03529954813,0.008260045673,,,,
phase2_validation_block,optimistic,2,42856,41162,0.9604722793,41162,-1.224017298,0.5,10.03322853,-46.5,-9.5,0.5,0.5,0.5,0.5,0.5,0.5,0.5,0.938098246,41162,-2.153758321,0.5,17.88541638,-81.5,-24.5,0.5,0.5,0.5,0.5,0.5,0.5,32.5,0.9226228074,41162,-2.402567902,0.5,21.69161202,-92.5,-32.5,0.5,0.5,0.5,0.5,0.5,0.5,51.5,0.9049608863,41162,-3.271391089,0.5,41.36238745,-147.5,-73.5,-40.5,0.5,0.5,0.5,22.5,55.5,125.5,0.8092415335,0.08170156941,0.0625819931,0.03014916671,0.008915990477,,,,
phase2_validation_block,optimistic,3,42850,41129,0.9598366394,41129,-0.7400860707,0.5,8.049542847,-37.5,-1.5,0.5,0.5,0.5,0.5,0.5,0.5,0.5,0.9476281942,41129,-1.577670257,0.5,14.67914568,-67.5,-15.5,0.5,0.5,0.5,0.5,0.5,0.5,23.5,0.9311191617,41129,-1.739697051,0.5,17.68137605,-78.22,-24.5,0.5,0.5,0.5,0.5,0.5,0.5,39.5,0.9152666002,41126,-2.591389875,0.5,34.61919132,-128.5,-61.5,-30.5,0.5,0.5,0.5,13.5,40.5,106.25,0.8231289209,0.07097182037,0.04950278392,0.02103138904,0.005178827591,,,,
phase2_validation_block,optimistic,4,42856,41419,0.9664691058,41419,-1.252504889,0.5,12.56353444,-52.5,-16.5,0.5,0.5,0.5,0.5,0.5,0.5,19.5,0.9245998213,41419,-2.751527077,0.5,26.67102904,-106.5,-40.5,-8.5,0.5,0.5,0.5,0.5,0.5,69.5,0.886308216,41419,-3.184552983,0.5,36.69615212,-141.5,-58.5,-24.5,0.5,0.5,0.5,0.5,31.5,102.5,0.8572394312,41419,-4.056797605,0.5,80.41022144,-280.5,-132.5,-73.5,-0.5,0.5,0.5,56.5,111.5,253.32,0.7490523673,0.1235664792,0.09951954417,0.05915159709,0.02064270021,,,,
phase2_validation_block,optimistic,5,42856,41849,0.9765027067,41849,-4.212908313,0.5,95.43479657,-115.02,-50.5,-25.5,0.5,0.5,0.5,0.5,0.5,66.5,0.8402829219,41849,-7.362027766,0.5,121.6650059,-233.5,-106.5,-63.5,0.5,0.5,0.5,24.5,65.5,180.5,0.7614040957,41849,-7.718929962,0.5,145.9548614,-317.02,-141.5,-87.5,-17.5,0.5,0.5,58.5,106.5,261.5,0.7078783245,41849,-10.27221678,0.5,282.9875393,-666.5,-302.5,-194.5,-81.5,0.5,62.5,170.5,268.5,615.02,0.5552342947,0.2656694306,0.2306148295,0.165332505,0.08444646228,,,,
phase2_validation_block,optimistic,6,42846,41323,0.9644540914,41323,-6.76083537,0.5,49.88425906,-119.5,-60.5,-36.5,0.5,0.5,0.5,0.5,0.5,65.28,0.7960457856,41320,-10.34039206,0.5,71.14321803,-215.5,-106.5,-68.5,-8.5,0.5,0.5,16.5,59.5,152.5,0.7263068732,41316,-11.49657518,0.5,90.48976081,-273.35,-137.5,-90.5,-27.5,0.5,0.5,50.5,94.5,215.5,0.6741456094,41299,-13.80768299,0.5,193.5205093,-567.5,-287.5,-198.5,-87.5,0.5,60.5,162.5,246.6,500.5,0.5276883218,0.2980201375,0.2583260722,0.1804869784,0.08626198083,,,,
phase2_validation_block,optimistic,7,42852,41673,0.9724866984,41673,-3.188851295,0.5,22.91664207,-88.5,-36.7,-8.5,0.5,0.5,0.5,0.5,0.5,40.5,0.8817459746,41673,-5.047812732,0.5,44.93295035,-159.78,-68.5,-35.5,0.5,0.5,0.5,0.5,33.5,113.5,0.830249802,41670,-5.556539477,0.5,61.02998511,-205.81,-91.5,-51.5,0.5,0.5,0.5,21.5,62.5,165.5,0.787137029,41663,-7.080347071,0.5,144.0421512,-419.5,-194.5,-127.5,-46.5,0.5,32.5,107.5,171.5,378.5,0.6211746634,0.1886729062,0.1582673386,0.1022798176,0.04307655388,,,,
phase2_validation_block,optimistic,8,42852,41790,0.975217026,41790,-7.062694425,0.5,33.97319296,-127.5,-63.5,-38.5,0.5,0.5,0.5,0.5,3.5,71.5,0.7877482651,41788,-10.05550637,0.5,66.4141224,-219.5,-121.5,-77.5,-17.5,0.5,0.5,38.5,76.5,172.5,0.6997463387,41788,-10.57076194,0.5,90.83531947,-289.63,-157.5,-105.5,-37.5,0.5,0.5,73.5,122.5,238.5,0.6376232411,41780,-11.27897319,0.5,199.8772273,-544.71,-323.5,-233.5,-109.5,0.5,86.5,207.5,298.5,517.71,0.5089995213,0.3282042692,0.288144922,0.2125251268,0.1073035321,,,,
phase2_validation_block,optimistic,9,42854,41361,0.9651607785,41361,-6.643456396,0.5,28.76424235,-114.5,-59.5,-35.5,0.5,0.5,0.5,0.5,0.5,62.5,0.7948792341,41361,-10.49735258,0.5,55.15333612,-189.5,-108.5,-72.5,-11.5,0.5,0.5,20.5,62.5,144.5,0.7193491453,41359,-11.65485142,0.5,74.98618713,-243.5,-139.5,-95.5,-32.5,0.5,0.5,57.5,100.5,197.5,0.6627094466,41351,-12.63757829,0.5,166.03157,-461.5,-275.5,-201.5,-95.5,0.5,69.5,174.5,245.5,426.5,0.5270247394,0.3070673856,0.270388549,0.1980463744,0.09226528688,,,,
utc_day,conservative,,21364,9115,0.4266523123,9115,-26.1816237,-19.5,28.93331222,-120.5,-77.5,-63.5,-38.5,-19.5,-5.5,0.5,0.5,0.5,0.1356006583,9115,-39.07849698,-26.5,42.85706168,-199.5,-129.5,-91.5,-56.5,-26.5,-9.5,0.5,0.5,0.5,0.1194733955,9115,-42.88288535,-28.5,47.8869038,-213.5,-147.5,-101.5,-60.5,-28.5,-9.5,0.5,0.5,0.5,0.1188151399,9115,-52.50394953,-34.5,63.47228963,-280.1,-174.5,-139.5,-75.5,-34.5,-12.5,0.5,0.5,75.5,0.1318705431,0.7478880965,0.5443773999,0.3106966539,0.1041140976,2026-08-17,,,
utc_day,conservative,,172794,83622,0.4839404146,83622,-27.07597283,-23.5,32.45321677,-114.29,-69.5,-53.5,-37.5,-23.5,-8.5,-0.5,0.5,0.5,0.09444882926,83622,-40.06053431,-31.5,42.14061874,-178.5,-110.5,-87.5,-54.5,-31.5,-13.5,-0.5,0.5,0.5,0.0870105953,83622,-43.43099304,-34.5,45.37982376,-201.5,-124.5,-97.5,-59.5,-34.5,-14.5,-0.5,0.5,1.5,0.0895936476,83621,-53.45864675,-39.5,67.40288491,-266.5,-167.5,-126.5,-79.5,-39.5,-17.5,0.5,1.5,105.5,0.1132371055,0.7928774724,0.6248475282,0.3152041329,0.09159072971,2026-08-18,,,
utc_day,conservative,,172796,107550,0.622410241,107550,-31.37555556,-26.5,72.31302947,-153.5,-92.5,-72.5,-45.5,-26.5,-8.5,0.5,0.5,39.5,0.1219432822,107550,-51.65569503,-38.5,96.76234001,-276.5,-165.5,-123.5,-75.5,-38.5,-14.5,0.5,0.5,99.5,0.1048907485,107550,-55.9532636,-40.5,114.2418397,-347.5,-194.5,-144.5,-84.5,-40.5,-14.5,0.5,18.5,157.5,0.1234495583,107550,-66.99785216,-49.5,213.4356648,-613.5,-314.5,-223.5,-119.5,-49.5,-8.5,60.5,149.5,426.5,0.2007345421,0.7865922827,0.6567549977,0.4287401209,0.1916132032,2026-08-19,,,
utc_day,conservative,,147124,118727,0.8069859438,118727,-39.34618073,-32.5,44.32080164,-186.5,-110,-86.5,-56.5,-32.5,-11.5,0.5,0.5,28.37,0.1027651671,118725,-58.31833228,-45.5,74.19756748,-288.5,-181.5,-140.5,-88.5,-45.5,-15.5,0.5,6.5,109.5,0.1233522847,118711,-62.74859112,-49.5,90.93519004,-337.5,-213.5,-164.5,-99.5,-49.5,-14.5,0.5,49.5,166.5,0.1492532284,118678,-70.84754125,-61.5,178.1386544,-574.5,-343.5,-259.5,-150.5,-61.5,0.5,107.5,190.5,407.5,0.2727885539,0.7743343077,0.6820850637,0.4975191852,0.2456301438,2026-08-20,,,
utc_day,midpoint,,21364,11118,0.5204081633,11118,-17.34547581,-4.5,27.77702718,-110.5,-68.5,-51.5,-27.5,-4.5,0.5,0.5,0.5,0.5,0.4365893146,11118,-26.75157402,-10.5,40.3960573,-194.5,-105.5,-76.5,-39.5,-10.5,0.5,0.5,0.5,0.5,0.4078071596,11108,-29.80059417,-12.5,45.73141899,-213.5,-122.5,-91.5,-42.5,-12.5,0.5,0.5,0.5,0.5,0.397371264,11108,-38.69364422,-19.5,59.34245725,-251.5,-158.5,-123.5,-58.5,-19.5,0.5,0.5,0.5,55.43,0.3450666187,0.5128736046,0.385667987,0.2202016565,0.07490097227,2026-08-17,,,
utc_day,midpoint,,172794,100564,0.5819878005,100564,-17.43578219,-7.5,30.32260569,-102.5,-60.5,-45.5,-29.5,-7.5,0.5,0.5,0.5,0.5,0.4190565212,100564,-26.85086114,-13.5,40.54609405,-160.5,-98.5,-74.5,-39.5,-13.5,0.5,0.5,0.5,0.5,0.3918101905,100564,-29.45281115,-16.5,44.33701437,-180.5,-109.5,-82.5,-44.5,-16.5,0.5,0.5,0.5,27.5,0.3774213436,100564,-38.06436697,-25.5,65.97514951,-251.5,-149.35,-111.5,-63.5,-25.5,0.5,0.5,24.5,117.5,0.3294220596,0.5441012688,0.4308698938,0.2202676902,0.06424764329,2026-08-18,,,
utc_day,midpoint,,172796,119092,0.6892057687,119092,-21.8935067,-11.5,68.4908595,-138.5,-83.5,-62.5,-36.5,-11.5,0.5,0.5,0.5,39.5,0.3783377557,119092,-37.65936419,-22.5,92.36405487,-256.5,-148.5,-108.5,-60.5,-22.5,0.5,0.5,0.5,99.5,0.335412958,119092,-41.6124047,-25.5,109.2908074,-322.5,-175.5,-126.5,-68.5,-25.5,0.5,0.5,26.5,160.5,0.3273267726,119092,-51.31242653,-33.5,204.2992151,-580.5,-290.5,-202.5,-99.5,-33.5,0.5,68.5,153.5,420.5,0.3266970074,0.6037517214,0.5051976623,0.3322725288,0.1494726766,2026-08-19,,,
utc_day,midpoint,,147124,124309,0.8449267285,124309,-28.50178185,-17.5,43.10226981,-170.5,-99.5,-76.5,-45.5,-17.5,0.5,0.5,0.5,36.5,0.3402569404,124302,-44.04174913,-29.5,72.53520142,-268.5,-165.5,-124.5,-73.5,-29.5,0.5,0.5,17.5,119.5,0.3114109186,124288,-48.20294397,-34.5,89.19341318,-314.63,-196.5,-148.5,-84.5,-34.5,0.5,3.5,61.5,176.63,0.3050495623,124254,-55.98601252,-45.5,175.7667107,-546.5,-326.5,-243.5,-134.5,-45.5,8.5,121.5,203.5,412.5,0.3412767396,0.6313722966,0.5559265577,0.4036431514,0.1978147528,2026-08-20,,,
utc_day,optimistic,,21364,20613,0.9648474069,20613,-0.9133313928,0.5,9.489522337,-50.5,-0.5,0.5,0.5,0.5,0.5,0.5,0.5,0.5,0.9482365498,20613,-1.559501286,0.5,16.30538119,-73.38,-13.5,0.5,0.5,0.5,0.5,0.5,0.5,24.5,0.9341192451,20612,-1.720454104,0.5,19.74182591,-89.5,-23.5,0.5,0.5,0.5,0.5,0.5,0.5,45.5,0.9207257908,20602,-2.409814581,0.5,39.34244145,-152.5,-63.5,-29.5,0.5,0.5,0.5,12.5,45.5,127.5,0.8318609844,0.06602949738,0.04783621192,0.02522802251,0.007519891325,2026-08-17,,,
utc_day,optimistic,,172794,166024,0.9608203989,166024,-1.110402713,0.5,10.35459028,-44.5,-10.5,0.5,0.5,0.5,0.5,0.5,0.5,0.5,0.9348286995,166024,-1.950199971,0.5,18.81346736,-77.5,-26.5,0.5,0.5,0.5,0.5,0.5,0.5,38.5,0.9142352913,166024,-2.215818195,0.5,23.37347008,-93.5,-35.5,-3.5,0.5,0.5,0.5,0.5,0.5,59.5,0.8934190238,166014,-3.154721891,0.5,48.93336101,-165.5,-79.5,-44.5,0.5,0.5,0.5,30.5,62.5,144.5,0.7883913405,0.0907097769,0.06792993784,0.03153158579,0.00820363321,2026-08-18,,,
utc_day,optimistic,,172796,166844,0.9655547582,166844,-2.886648606,0.5,54.09149567,-88.5,-34.5,-6.5,0.5,0.5,0.5,0.5,0.5,40.5,0.887265949,166844,-4.969753183,0.5,71.1810955,-171.5,-69.5,-32.5,0.5,0.5,0.5,0.5,27.5,116.5,0.8415885498,166844,-5.444945578,0.5,86.86774174,-218.5,-92.5,-47.5,0.5,0.5,0.5,11.5,57.5,171.5,0.8070532953,166841,-6.990173279,0.5,173.0315031,-447.5,-197.5,-116.5,-26.5,0.5,1.5,94.5,169.5,400.5,0.6858865627,0.173095826,0.1446321114,0.0956702069,0.04447867469,2026-08-19,,,
utc_day,optimistic,,147124,142702,0.9699437209,142702,-5.565402027,0.5,28.16033688,-108.5,-53.5,-29.5,0.5,0.5,0.5,0.5,0.5,57.5,0.8214881361,142697,-8.462767262,0.5,54.64951511,-191.5,-99.5,-61.5,-0.5,0.5,0.5,15.5,57.5,143.5,0.7498826184,142688,-9.202403145,0.5,74.2605674,-244.5,-128.5,-84.5,-20.5,0.5,0.5,50.5,94.5,200.5,0.6956856919,142648,-10.45765451,0.5,166.2670388,-474.5,-264.5,-185.5,-80.5,0.5,57.5,159.5,237.5,441.5,0.5489666872,0.2741505943,0.2376093294,0.1672600359,0.07748374075,2026-08-20,,,
segment,conservative,,9116,3891,0.4268319438,3891,-25.98830635,-19.5,28.83961597,-120.5,-76.5,-63.5,-35.5,-19.5,-6.5,0.5,0.5,0.5,0.1362117708,3891,-42.34939604,-26.5,47.9559935,-213.5,-151.5,-105.5,-60.5,-26.5,-8.5,0.5,0.5,0.5,0.1277306605,3891,-48.42778206,-29.5,55.50000974,-232.5,-175.5,-116.5,-64.5,-29.5,-10.5,0.5,0.5,0.5,0.1254176304,3891,-57.75134927,-34.5,66.64773716,-265.5,-187.5,-153.5,-86.5,-34.5,-12.5,0.5,0.5,40.5,0.1382677975,0.7602158828,0.5492161398,0.3518375739,0.1508609612,,0,1,
segment,conservative,,58964,29185,0.4949630283,29185,-25.64139113,-22.5,26.71457743,-118.5,-69.5,-52.5,-37.5,-22.5,-7.5,0.5,0.5,0.5,0.1115298955,29185,-36.96296042,-28.5,39.25515407,-176.66,-105.5,-80.5,-50.5,-28.5,-10.5,-0.5,0.5,0.5,0.09724173377,29185,-39.72806236,-30.5,41.36098093,-176.5,-119.5,-92.5,-54.5,-30.5,-11.5,-0.5,0.5,0.5,0.09898920678,29184,-48.90109306,-38.5,57.74287593,-239.5,-151.2,-117.5,-71.5,-38.5,-14.5,0.5,0.5,75.5,0.1104372259,0.7611444235,0.5870824053,0.2813774199,0.07366798013,,1,1,
segment,conservative,,165602,79372,0.4792937283,79372,-27.63254044,-24.5,32.53080037,-112.5,-71.5,-54.5,-37.5,-24.5,-9.5,-0.5,0.5,0.5,0.09048530968,79372,-41.07136648,-32.5,41.57516604,-173.5,-113.5,-89.5,-56.5,-32.5,-14.5,-0.5,0.5,0.5,0.08385828756,79372,-44.29662223,-34.5,45.2196997,-194.5,-125.5,-98.5,-62.5,-34.5,-15.5,-0.5,0.5,3.5,0.08644106234,79372,-55.1640062,-40.5,67.59517089,-267.5,-170.5,-130.5,-81.5,-40.5,-18.5,0.5,0.5,108.79,0.1093206672,0.8038225067,0.6347830469,0.3251398478,0.09652018344,,2,1,
segment,conservative,,145274,97566,0.6715998733,97566,-32.74331734,-27.5,75.93962121,-158.5,-97.5,-76.5,-47.5,-27.5,-8.5,0.5,0.5,44.5,0.122757928,97566,-54.25741037,-40.5,101.8142415,-294.5,-174.5,-131.5,-80.5,-40.5,-15.5,0.5,0.5,109.5,0.1072402271,97554,-58.89197778,-43.5,120.6285593,-361.5,-205.5,-154.5,-90.5,-43.5,-15.5,0.5,32.5,172.5,0.1302458126,97554,-69.83760276,-54.5,226.674787,-644.5,-338.5,-244.5,-133.5,-54.5,-3.5,83.5,173.5,452.5,0.2296061668,0.7845603461,0.6665436579,0.4559013469,0.212712959,,2,2,
segment,conservative,,236,189,0.8008474576,189,-28.82275132,-20.5,23.01772122,-100.5,-75.5,-58.5,-43.5,-20.5,-10.5,-0.5,0.5,0.5,0.07936507937,187,-34.78342246,-28.5,37.65191299,-154.5,-117.5,-77.5,-45.5,-28.5,-10.5,-2.9,0.5,63.5,0.07486631016,187,-45.16042781,-37.5,41.80399008,-154.5,-117.5,-109.5,-63,-37.5,-13.5,-4.5,0.5,63.5,0.06417112299,171,-52.92105263,-30.5,77.75019138,-232.5,-217.5,-201.5,-107.5,-30.5,8.5,32.5,35.5,63.5,0.2923976608,0.8663101604,0.6470588235,0.4010695187,0.128342246,,2,3,
segment,conservative,,34076,25052,0.7351801855,25052,-33.81923599,-29.5,34.10562522,-135.5,-93.5,-75.5,-49.5,-29.5,-11.5,0.5,0.5,17.5,0.1013891106,25052,-52.94036404,-40.5,60.94069911,-230.5,-152.5,-117.5,-76.5,-40.5,-16.5,-0.5,0.5,45.99,0.09639948906,25052,-57.58107137,-44.5,69.63416663,-258.5,-172.5,-135.5,-84.5,-44.5,-17.5,0.5,0.5,86.5,0.1031454574,25039,-71.63215384,-60.5,109.4306207,-406.5,-257.5,-199.5,-118.5,-60.5,-13.5,35.6,85.5,213.5,0.1843923479,0.8079594444,0.6889669487,0.4548938209,0.182779818,,2,4,
segment,conservative,,32396,26415,0.8153784418,26415,-41.44694302,-32.5,53.74415148,-229.5,-122.8,-93.5,-57.5,-32.5,-9.5,0.5,0.5,36.5,0.1201968578,26415,-59.71881507,-44.5,90.18214518,-357.36,-208.5,-152.5,-89.5,-44.5,-10.5,0.5,26.5,144.5,0.1529812606,26415,-63.04792731,-47.5,109.8032651,-406.36,-244.5,-178.5,-100.5,-47.5,-8.5,12.5,71.5,214.5,0.1843270869,26415,-69.99806928,-57.5,226.5175026,-720.5,-403.5,-289.5,-159.5,-57.5,9.5,143.1,252.5,560.08,0.3016846489,0.7378762067,0.6522051864,0.4849895892,0.2519780428,,2,5,
segment,conservative,,68414,57344,0.8381910135,57344,-41.22193255,-33.75,44.52007758,-188.5,-114.5,-90.5,-60.5,-33.75,-11.5,0.5,0.5,33.5,0.1007254464,57344,-60.65459333,-50.5,73.58889912,-283.5,-185.5,-146.5,-94.5,-50.5,-16.5,0.5,23.5,119.5,0.1284702846,57342,-65.64216456,-55.5,92.27269698,-336.5,-220.5,-174.5,-108.5,-55.5,-14.5,7.5,63.5,171.5,0.1597607338,57338,-70.94076354,-64.5,183.5491576,-569.5,-360.5,-279.5,-164.5,-64.5,13.5,130.5,213.5,415.13,0.2992954062,0.7714240871,0.6893725367,0.5269610408,0.2784520945,,2,6,
segment,midpoint,,9116,4626,0.507459412,4626,-18.89018591,-8.5,28.45547955,-120.5,-67.5,-54.5,-28.5,-8.5,0.5,0.5,0.5,0.5,0.4085603113,4626,-31.59511457,-13.5,46.19542074,-213.5,-126.5,-94.5,-43.5,-13.5,0.5,0.5,0.5,0.5,0.3819714656,4616,-36.04831023,-14.5,53.55237456,-232.5,-150.5,-109.5,-53.5,-14.5,0.5,0.5,0.5,0.5,0.3773830156,4616,-45.24761698,-23.5,65.14302786,-265.5,-175.5,-147.5,-66.5,-23.5,0.5,0.5,0.5,40.5,0.3275563258,0.5413778163,0.4163778163,0.2666811092,0.1165511265,,0,1,
segment,midpoint,,58964,34551,0.5859677091,34551,-16.75659171,-6.5,25.7470732,-103.5,-61.5,-45.5,-28.5,-6.5,0.5,0.5,0.5,0.5,0.4233451998,34551,-24.60924431,-10.5,37.64403075,-154.5,-94.5,-68.5,-38.5,-10.5,0.5,0.5,0.5,0.5,0.3957338427,34551,-26.65119678,-13.5,40.98627639,-164.5,-100.5,-77.5,-39.5,-13.5,0.5,0.5,0.5,27.5,0.3834910712,34551,-35.01413852,-23.5,56.31788506,-222.5,-138.5,-101.5,-55.5,-23.5,0.5,0.5,3.5,86.5,0.325026772,0.5232844201,0.4027090388,0.1979971636,0.05015773784,,1,1,
segment,midpoint,,165602,95807,0.5785376988,95807,-17.76187544,-7.5,30.40367608,-102.5,-60.5,-45.5,-29.5,-7.5,0.5,0.5,0.5,0.5,0.4144373584,95807,-27.63286086,-15.5,40.23319831,-160.5,-100.5,-76.5,-41.5,-15.5,0.5,0.5,0.5,0.5,0.387915288,95807,-30.27386308,-17.5,44.00453887,-179.5,-112.5,-84.5,-45.5,-17.5,0.5,0.5,0.5,20.5,0.3716847412,95807,-39.5709969,-27.5,66.07357016,-255.5,-151.5,-115.5,-66.5,-27.5,0.5,0.5,21.5,117.5,0.3233792938,0.5537173693,0.4398843508,0.226528333,0.06837704969,,2,1,
segment,midpoint,,145274,105854,0.7286506877,105854,-23.34210327,-13.5,72.60391751,-144.5,-87.5,-66.5,-39.5,-13.5,0.5,0.5,0.5,46.5,0.3659096491,105849,-40.4485588,-25.5,98.03445356,-273.02,-158.5,-115.5,-65.5,-25.5,0.5,0.5,0.5,109.5,0.319549547,105837,-44.81941571,-28.5,116.3517909,-338.14,-188.5,-136.5,-75.5,-28.5,0.5,0.5,39.5,176.5,0.3139261317,105837,-54.42082164,-37.5,218.9865793,-619.14,-316.5,-223.5,-114.5,-37.5,0.5,92.5,179.5,451.14,0.3333238848,0.618753366,0.5268667857,0.3622740629,0.1696571142,,2,2,
segment,midpoint,,236,193,0.8177966102,193,-21.91968912,-15.5,24.71219811,-100.5,-71.9,-58.5,-38.5,-15.5,0.5,0.5,0.5,0.5,0.3575129534,191,-25.46335079,-17.5,38.92142851,-154.5,-117.5,-63.5,-41.5,-17.5,0.5,0.5,11.5,63.5,0.3455497382,190,-31.26052632,-28.5,44.35984134,-154.5,-117.5,-93.5,-54.25,-28.5,0.5,0.5,40.5,63.5,0.3315789474,174,-40.34482759,-19.5,78.7637431,-232.5,-217.5,-135.2,-99.5,-19.5,19.5,35.5,63.5,100.5,0.3793103448,0.6105263158,0.5105263158,0.2947368421,0.09473684211,,2,3,
segment,midpoint,,34076,26997,0.792258481,26997,-22.55798792,-12.5,33.26105172,-125.54,-81.5,-63.5,-39.5,-12.5,0.5,0.5,0.5,25.5,0.3840056303,26997,-37.54481979,-23.5,59.65043509,-219.5,-135.5,-103.5,-60.5,-23.5,0.5,0.5,0.5,62.54,0.3447790495,26997,-42.05422825,-28.5,68.65995622,-250.5,-156.5,-117.5,-68.5,-28.5,0.5,0.5,0.5,101.5,0.3245916213,26984,-54.58304921,-41.5,109.3063826,-388.84,-235.5,-182.5,-104.5,-41.5,0.5,48.5,102.5,237.5,0.2986584643,0.6088454273,0.5203911546,0.3400007408,0.1377190058,,2,4,
segment,midpoint,,32396,27728,0.8559081368,27728,-29.53624495,-13.5,51.98872994,-204.5,-110.5,-80.5,-46.5,-13.5,0.5,0.5,0.5,45.5,0.3679313329,27728,-44.20645196,-26.5,87.99991607,-334.23,-185.5,-135.5,-72.5,-26.5,0.5,0.5,38.5,156.5,0.3382862089,27728,-47.41230886,-30.5,107.6213768,-389.96,-221.5,-158.5,-84.5,-30.5,0.5,25.5,81.5,220.5,0.3349682631,27728,-54.42859204,-42.5,222.9066713,-697.5,-380.5,-270.5,-142.5,-42.5,26.5,151.8,264.5,568.5,0.3668493941,0.5995383728,0.5296090594,0.3898946913,0.203296307,,2,5,
segment,midpoint,,68414,59327,0.8671763089,59327,-30.77029009,-20.5,43.26619709,-173.5,-104.5,-80.5,-50.5,-20.5,0.5,0.5,0.5,42.37,0.3161461055,59327,-46.9861783,-34.5,71.86934063,-264.5,-171.5,-132.5,-80.5,-34.5,0.5,0.5,30.5,129.5,0.2934077233,59326,-51.45330041,-39.5,90.66228084,-313.5,-204.5,-159.5,-93.5,-39.5,0.5,21.5,73.5,182.5,0.2920136197,59321,-56.74993678,-49.5,181.6984868,-543.3,-344.5,-263.5,-150.5,-49.5,28.5,145.5,223.5,420.5,0.3535678765,0.6488723325,0.5781782018,0.4411725045,0.2280450393,,2,6,
segment,optimistic,,9116,8777,0.9628126371,8777,-1.031160989,0.5,9.578760186,-53.5,-4.5,0.5,0.5,0.5,0.5,0.5,0.5,0.5,0.943830466,8777,-2.102312863,0.5,18.12748623,-90.5,-16.5,0.5,0.5,0.5,0.5,0.5,0.5,10.74,0.9316395124,8776,-2.175079763,0.5,21.40889061,-101.5,-24.5,0.5,0.5,0.5,0.5,0.5,0.5,39.5,0.9204649043,8766,-2.936116815,0.5,42.50368089,-165.5,-67.5,-31.5,0.5,0.5,0.5,9.5,45.25,140.5,0.8315080995,0.06551959891,0.04899726527,0.02848678213,0.01059708295,,0,1,
segment,optimistic,,58964,56448,0.9573298962,56448,-1.0720929,0.5,10.24690916,-43.5,-7.5,0.5,0.5,0.5,0.5,0.5,0.5,0.5,0.9376240079,56448,-1.78125,0.5,17.98569988,-71.5,-22.5,0.5,0.5,0.5,0.5,0.5,0.5,33.5,0.9186862245,56448,-2.018920068,0.5,21.0975763,-86.5,-30.5,-0.5,0.5,0.5,0.5,0.5,0.5,49.5,0.8978706066,56438,-2.883084092,0.5,41.79531428,-143.5,-69.5,-39.5,0.5,0.5,0.5,26.5,52.5,125.5,0.7877671073,0.08475056689,0.06099418934,0.02623653628,0.006466128118,,1,1,
segment,optimistic,,165602,159199,0.961335008,159199,-1.172953348,0.5,10.32323924,-45.5,-11.5,0.5,0.5,0.5,0.5,0.5,0.5,0.5,0.9338563684,159199,-2.035157256,0.5,18.43965683,-78.52,-27.5,0.5,0.5,0.5,0.5,0.5,0.5,39.5,0.9137683026,159199,-2.30280341,0.5,23.25911396,-94.5,-36.5,-3.5,0.5,0.5,0.5,0.5,0.5,61.5,0.8934101345,159196,-3.295010553,0.5,48.93567743,-165.5,-81.5,-44.5,0.5,0.5,0.5,30.5,64.5,144.5,0.7904532777,0.09177821469,0.06956073845,0.03265724031,0.00848623421,,2,1,
segment,optimistic,,145274,140573,0.9676404587,140573,-3.521013993,0.5,59.05131662,-95.5,-40.5,-14.5,0.5,0.5,0.5,0.5,0.5,48.5,0.8690431306,140572,-6.011275361,0.5,78.04254145,-184.79,-82.5,-42.5,0.5,0.5,0.5,0.5,39.5,130.5,0.8133696611,140570,-6.582784378,0.5,95.4318014,-240.5,-107.5,-61.5,0.5,0.5,0.5,29.5,71.5,189.5,0.7734865192,140562,-8.346235113,0.5,190.8079868,-492.5,-228.5,-143.5,-42.5,0.5,22.5,118.5,198.5,439.195,0.64594983,0.2042541083,0.1732161912,0.1180550615,0.05559507719,,2,2,
segment,optimistic,,236,230,0.9745762712,230,-2.982608696,0.5,13.13042243,-56.18,-37.5,-8.7,0.5,0.5,0.5,0.5,0.5,8.34,0.8869565217,228,-4.030701754,0.5,23.12509413,-106.7,-43.5,-29.7,0.5,0.5,0.5,0.5,15.1,50.15,0.8157894737,226,-4.800884956,0.5,34.166653,-116.625,-63.5,-42.5,0.5,0.5,0.5,18,40,107.5,0.7566371681,217,-3.168202765,0.5,76.3696575,-221.02,-113.5,-99.5,-34.5,0.5,29.5,69.9,110.5,237.62,0.5806451613,0.2168141593,0.1725663717,0.07522123894,0.02212389381,,2,3,
segment,optimistic,,34076,33106,0.9715342176,33106,-2.750437987,0.5,16.84148681,-74.5,-31.5,-2.5,0.5,0.5,0.5,0.5,0.5,26.5,0.8920437383,33106,-4.68365251,0.5,33.61745596,-129.5,-59.5,-28.5,0.5,0.5,0.5,0.5,18.5,86.5,0.8425360962,33103,-5.082364136,0.5,44.04796367,-158.5,-78.5,-44.5,0.5,0.5,0.5,9.5,48.5,124.5,0.7974805909,33096,-6.90541153,0.5,98.96217589,-298.5,-170.5,-116.5,-44.5,0.5,27.5,99.5,145.5,267.55,0.6194706309,0.1777180316,0.1464217745,0.08920641634,0.03168897079,,2,4,
segment,optimistic,,32396,31583,0.9749043092,31583,-6.01228509,0.5,33.47591222,-125.68,-57.5,-31.5,0.5,0.5,0.5,0.5,0.5,65.5,0.8181933319,31581,-8.440850511,0.5,66.66458607,-232.5,-109.5,-66.5,-1.5,0.5,0.5,29.5,69.5,170.7,0.7427250562,31581,-8.899512365,0.5,91.4581108,-306.5,-145.5,-90.5,-22.5,0.5,0.5,62.5,110.5,247.5,0.6870903391,31573,-9.66024768,0.5,209.4084358,-607.78,-312.5,-212.5,-86.5,0.5,66.5,185.5,285.5,574.78,0.5467646407,0.2805167664,0.2439441436,0.1749152972,0.08897754979,,2,5,
segment,optimistic,,68414,66267,0.9686175344,66267,-6.731940483,0.5,30.55852854,-116.5,-60.5,-36.5,0.5,0.5,0.5,0.5,0.5,66.5,0.7906197655,66267,-10.29400003,0.5,58.33569761,-197.5,-112.5,-74.5,-14.5,0.5,0.5,28.5,69.5,155.5,0.7104893839,66265,-11.31048819,0.5,79.5519552,-255.5,-145.5,-99.5,-34.5,0.5,0.5,64.5,108.5,210.5,0.6524711386,66257,-12.23998219,0.5,175.6419173,-482.5,-290.5,-210.5,-99.5,0.5,73.5,183.5,261.5,452.38,0.5205789577,0.3160944692,0.2778691617,0.204693277,0.0981815438,,2,6,
side,conservative,,257039,160846,0.6257649617,160846,-32.48173097,-26.5,46.24740392,-157.5,-94,-72.5,-45.5,-26.5,-8.5,0.5,0.5,18.05,0.108190443,160846,-49.24844883,-37.5,68.58450436,-251.5,-154.5,-117.5,-72.5,-37.5,-13.5,0.5,0.5,84.05,0.1074568221,160834,-53.32124737,-39.5,82.21374146,-299.5,-182.5,-136.5,-80.5,-39.5,-13.5,0.5,15.5,141.5,0.1242523347,160831,-61.35703627,-46.5,165.9237014,-513.5,-291.5,-207.5,-111.5,-46.5,-6.5,58.5,139.5,368.5,0.2048734386,0.7763097355,0.6501796884,0.4133765249,0.1763930512,,,,0
side,conservative,,257039,158168,0.6153463093,158168,-33.66123995,-27.5,59.26854223,-162.5,-96.5,-74.5,-46.5,-27.5,-9.5,0.5,0.5,16.5,0.1077841283,158166,-52.24979136,-38.5,82.87046294,-272.5,-164.5,-123.5,-75.5,-38.5,-15.5,0.5,0.5,79.5,0.1075262699,158164,-56.35616196,-40.5,97.71933355,-318.5,-189.5,-141.5,-83.5,-40.5,-15.5,0.5,11.5,129.5,0.1238334893,158133,-67.62907805,-50.5,171.8141544,-544.5,-297.5,-215.5,-117.5,-50.5,-8.5,51.5,132.9,356.5,0.2003629856,0.7889405933,0.6591070029,0.429155813,0.189708151,,,,1
side,midpoint,,257039,179164,0.6970304117,179164,-22.15558929,-10.5,43.40925011,-140.5,-82.5,-61.5,-36.5,-10.5,0.5,0.5,0.5,23.5,0.3842233931,179159,-35.00358899,-20.5,65.45087079,-232.5,-138.5,-101.5,-56.5,-20.5,0.5,0.5,0.5,90.5,0.3499517189,179136,-38.52033092,-23.5,78.54954343,-276.5,-162.5,-118.5,-64.5,-23.5,0.5,0.5,24.5,145.5,0.3407243658,179134,-45.78233334,-31.5,159.1772653,-482.5,-265.5,-185.5,-92.5,-31.5,0.5,65.5,144.5,367.5,0.3367758215,0.584807074,0.4906104859,0.3138174348,0.133942926,,,,0
side,midpoint,,257039,175919,0.6844058684,175919,-23.46048181,-13.5,56.43290709,-146.5,-86.5,-65.5,-37.5,-13.5,0.5,0.5,0.5,22.5,0.3723929763,175917,-38.00572145,-22.5,79.17661763,-250.5,-146.5,-107.5,-59.5,-22.5,0.5,0.5,0.5,84.5,0.340461695,175916,-41.72043191,-25.5,93.77605897,-298.5,-171.5,-124.5,-68.5,-25.5,0.5,0.5,20.5,134.5,0.3310045704,175884,-51.87468445,-33.5,164.578389,-515.5,-272.5,-195.5,-99.5,-33.5,0.5,60.5,138.5,352.5,0.3294500921,0.6027194798,0.5058550672,0.3303849565,0.1460128698,,,,1
side,optimistic,,257039,248055,0.9650481055,248055,-2.981141279,0.5,28.80626654,-82.5,-33.5,-5.5,0.5,0.5,0.5,0.5,0.5,36.5,0.8861341235,248053,-4.653862279,0.5,46.37835666,-151.5,-64.5,-30.5,0.5,0.5,0.5,0.5,23.5,107.5,0.8420498845,248047,-4.904510032,0.5,59.58779705,-192.5,-85.5,-43.5,0.5,0.5,0.5,7.5,54.5,157.5,0.8075001915,248017,-4.807364011,0.5,136.2901153,-382.5,-181.5,-107.5,-25.5,0.5,1.5,92.5,162.5,361.5,0.6862513457,0.1697379932,0.1410256927,0.08999504126,0.0392425629,,,,0
side,optimistic,,257039,248128,0.9653321091,248128,-2.980344822,0.5,40.98378947,-86.5,-34.5,-6.5,0.5,0.5,0.5,0.5,0.5,36.5,0.8874572801,248125,-4.990655919,0.5,56.98349416,-159.5,-67.5,-31.5,0.5,0.5,0.5,0.5,23.5,104.5,0.8446831234,248121,-5.675944398,0.5,71.48181763,-201.5,-88.5,-46.5,0.5,0.5,0.5,6.5,51.5,152.5,0.8097944148,248088,-8.219172229,0.5,138.5768318,-397.5,-188.5,-113.5,-26.5,0.5,0.5,87.5,155.5,351.5,0.6875100771,0.1705458224,0.1423418413,0.0937445843,0.04135079256,,,,1
