queue_cell,threshold,latency_ms,statistic,blocks,block_mean,block_median,block_worst,block_best,frac_blocks_positive,block_bootstrap_p05,block_bootstrap_p95
conservative,0.1,0,net_per_eligible_opportunity,120,23.75834356,26.28201389,3.559861111,49.45833333,1,21.69226381,25.80657488
conservative,0.1,25,net_per_eligible_opportunity,120,23.20562196,25.51631944,3.348194444,48.46611111,1,21.15175641,25.19401338
conservative,0.1,50,net_per_eligible_opportunity,120,22.61915974,24.81430556,3.338055556,47.04638889,1,20.59643871,24.63474367
conservative,0.1,100,net_per_eligible_opportunity,120,21.67599304,23.93090278,3.169305556,44.44027778,1,19.7235108,23.65495682
conservative,0.2,0,net_per_eligible_opportunity,120,15.66533694,15.83895833,0.6808333333,35.80277778,1,13.93279452,17.36966301
conservative,0.2,25,net_per_eligible_opportunity,120,15.05627908,15.00027778,0.66375,34.35569444,1,13.3677394,16.69018401
conservative,0.2,50,net_per_eligible_opportunity,120,14.44904488,14.25769816,0.66375,33.18263889,1,12.84968656,16.02360165
conservative,0.2,100,net_per_eligible_opportunity,120,13.53712891,13.36447364,0.55125,30.63111111,1,12.01377344,15.00718054
conservative,0.3,0,net_per_eligible_opportunity,120,9.65206378,8.104027778,0.1921824104,28.89208333,1,8.372015934,10.82596152
conservative,0.3,25,net_per_eligible_opportunity,120,9.147763071,7.606041667,0.1866666667,27.93166667,1,7.91422766,10.25522989
conservative,0.3,50,net_per_eligible_opportunity,120,8.674111039,7.262986111,0.1111111111,26.71347222,1,7.515493385,9.717548576
conservative,0.3,100,net_per_eligible_opportunity,120,7.916003164,6.530902778,0.03972222222,23.95819444,1,6.853648098,8.874168229
conservative,0.4,0,net_per_eligible_opportunity,120,5.634359234,3.945416667,0,19.86958333,0.9916666667,4.770908878,6.447263955
conservative,0.4,25,net_per_eligible_opportunity,120,5.252804912,3.716666667,0,18.56930556,0.9916666667,4.449437572,6.015044438
conservative,0.4,50,net_per_eligible_opportunity,120,4.885523669,3.514583333,0,17.35791667,0.9916666667,4.139647136,5.584871846
conservative,0.4,100,net_per_eligible_opportunity,120,4.332658552,3.106180556,0,15.60361111,0.9916666667,3.671233272,4.961671421
conservative,0.5,0,net_per_eligible_opportunity,120,3.024129941,1.549305556,-0.003333333333,13.94722222,0.9583333333,2.524181963,3.534918636
conservative,0.5,25,net_per_eligible_opportunity,120,2.758490575,1.365833333,-0.1173611111,13.20986111,0.95,2.303488293,3.22206325
conservative,0.5,50,net_per_eligible_opportunity,120,2.519650716,1.271875,-0.1686111111,12.00027778,0.95,2.099335117,2.943538106
conservative,0.5,100,net_per_eligible_opportunity,120,2.155410072,1.145625,-0.1734722222,10.19777778,0.9416666667,1.786020862,2.520672329
conservative,0.6,0,net_per_eligible_opportunity,120,1.376048342,0.5660416667,-0.1323611111,7.675,0.8916666667,1.127019335,1.643546993
conservative,0.6,25,net_per_eligible_opportunity,120,1.220784115,0.4486111111,-0.1323611111,7.147083333,0.875,1.002904855,1.466074531
conservative,0.6,50,net_per_eligible_opportunity,120,1.093760355,0.3715972222,-0.2788888889,6.49,0.85,0.891441102,1.316173396
conservative,0.6,100,net_per_eligible_opportunity,120,0.8845389164,0.3249358634,-0.8484722222,5.348611111,0.8166666667,0.7185680038,1.064444934
conservative,0.7,0,net_per_eligible_opportunity,120,0.4584443708,0.2133123996,-3.028194444,3.678333333,0.7583333333,0.3577720457,0.5677934539
conservative,0.7,25,net_per_eligible_opportunity,120,0.4039842813,0.1948611111,-2.094166667,2.800416667,0.7166666667,0.3157645181,0.5071725349
conservative,0.7,50,net_per_eligible_opportunity,120,0.3539614126,0.1207638889,-2.134444444,2.505833333,0.6833333333,0.2714069252,0.4489260162
conservative,0.7,100,net_per_eligible_opportunity,120,0.2641844054,0.05854166667,-2.280555556,2.190416667,0.6416666667,0.1942047827,0.3408376082
conservative,0.8,0,net_per_eligible_opportunity,120,0.1225387017,0.04041666667,-2.236527778,1.336111111,0.625,0.07251709961,0.1702200871
conservative,0.8,25,net_per_eligible_opportunity,120,0.1070066786,0.01791666667,-1.200416667,1.232916667,0.5666666667,0.07402440451,0.1442412819
conservative,0.8,50,net_per_eligible_opportunity,120,0.08706777059,0.009311503522,-1.137638889,1.089166667,0.5333333333,0.05694791713,0.1194391507
conservative,0.8,100,net_per_eligible_opportunity,120,0.05749952162,0,-1.196805556,0.7519444444,0.4833333333,0.03144307877,0.08373882082
conservative,0.9,0,net_per_eligible_opportunity,120,0.0131763174,0,-1.095,0.4945833333,0.275,-0.005847317666,0.02976522721
conservative,0.9,25,net_per_eligible_opportunity,120,0.008389065978,0,-1.208611111,0.4945833333,0.225,-0.01244783689,0.02435668212
conservative,0.9,50,net_per_eligible_opportunity,120,0.004412718711,0,-1.208611111,0.4945833333,0.1916666667,-0.01557102567,0.02061473348
conservative,0.9,100,net_per_eligible_opportunity,120,0.000361698255,0,-1.208611111,0.4945833333,0.1166666667,-0.01889875814,0.01649252158
midpoint,0.1,0,net_per_eligible_opportunity,120,17.18949488,18.17215278,2.530833333,37.24486111,1,15.59793452,18.77925231
midpoint,0.1,25,net_per_eligible_opportunity,120,16.62222251,17.64826389,2.319166667,35.83416667,1,15.04667493,18.13693619
midpoint,0.1,50,net_per_eligible_opportunity,120,16.03758978,16.65652778,2.290555556,34.45569444,1,14.53241118,17.54929356
midpoint,0.1,100,net_per_eligible_opportunity,120,15.11837684,15.76222222,2.152083333,31.75013889,1,13.67971356,16.5192655
midpoint,0.2,0,net_per_eligible_opportunity,120,10.41235935,9.472937013,0.2975,26.51444444,1,9.196868098,11.59298796
midpoint,0.2,25,net_per_eligible_opportunity,120,9.784439508,8.736041667,0.2804166667,25.07069444,1,8.618005405,10.91909751
midpoint,0.2,50,net_per_eligible_opportunity,120,9.179997386,8.238900389,0.2540277778,23.94375,1,8.111196141,10.24322025
midpoint,0.2,100,net_per_eligible_opportunity,120,8.305784372,7.107413305,0.2529166667,21.37305556,1,7.310030032,9.281460771
midpoint,0.3,0,net_per_eligible_opportunity,120,5.9473309,4.441597222,0.02125,20.77236111,1,5.12250566,6.733099122
midpoint,0.3,25,net_per_eligible_opportunity,120,5.436363276,3.974791667,0.01041666667,19.36888889,1,4.688086871,6.152274129
midpoint,0.3,50,net_per_eligible_opportunity,120,4.975212002,3.762083333,-0.05708333333,18.32541667,0.9916666667,4.267508079,5.643916795
midpoint,0.3,100,net_per_eligible_opportunity,120,4.285531603,3.016388889,-0.07458333333,15.75458333,0.9916666667,3.661596415,4.852796998
midpoint,0.4,0,net_per_eligible_opportunity,120,3.208395367,2.110555556,0,12.87958333,0.9916666667,2.696845075,3.705959833
midpoint,0.4,25,net_per_eligible_opportunity,120,2.841087288,1.744093684,0,11.47263889,0.9916666667,2.388668254,3.28062016
midpoint,0.4,50,net_per_eligible_opportunity,120,2.512997802,1.504509908,0,10.32263889,0.9916666667,2.102223591,2.916762269
midpoint,0.4,100,net_per_eligible_opportunity,120,2.04939048,1.001152689,-0.009861111111,8.364166667,0.9833333333,1.707565172,2.384383177
midpoint,0.5,0,net_per_eligible_opportunity,120,1.626035507,0.7534027778,-0.4065277778,8.761527778,0.9416666667,1.3544603,1.910521211
midpoint,0.5,25,net_per_eligible_opportunity,120,1.387980884,0.6640277778,-0.0425,8.064027778,0.9333333333,1.152510103,1.632347358
midpoint,0.5,50,net_per_eligible_opportunity,120,1.181774375,0.4636805556,-0.4693055556,6.965833333,0.9166666667,0.9733324566,1.399494504
midpoint,0.5,100,net_per_eligible_opportunity,120,0.9121959985,0.3241336052,-1.200694444,5.39375,0.9166666667,0.7478905935,1.090308814
midpoint,0.6,0,net_per_eligible_opportunity,120,0.6970777115,0.3138101557,-2.7325,4.114444444,0.875,0.5598408865,0.8464421144
midpoint,0.6,25,net_per_eligible_opportunity,120,0.5797007939,0.2643055556,-2.260972222,3.660416667,0.85,0.4642926258,0.7093678158
midpoint,0.6,50,net_per_eligible_opportunity,120,0.4868306832,0.1840277778,-2.74875,3.231666667,0.825,0.3802817853,0.6031617728
midpoint,0.6,100,net_per_eligible_opportunity,120,0.3446307644,0.1361712668,-3.073194444,2.638333333,0.7833333333,0.2531376725,0.4360584196
midpoint,0.7,0,net_per_eligible_opportunity,120,0.2263717698,0.1165972222,-3.764166667,1.834444444,0.7583333333,0.1495152437,0.3002267172
midpoint,0.7,25,net_per_eligible_opportunity,120,0.1873106918,0.09340277778,-2.990833333,1.909861111,0.7,0.1250431039,0.2526064928
midpoint,0.7,50,net_per_eligible_opportunity,120,0.1496614038,0.04534722222,-2.9325,1.855,0.65,0.08707676297,0.2084318718
midpoint,0.7,100,net_per_eligible_opportunity,120,0.09574619517,0.01895833333,-2.96375,1.459305556,0.6,0.03918976361,0.1445614501
midpoint,0.8,0,net_per_eligible_opportunity,120,0.06325635772,0.005555555556,-2.423611111,1.065555556,0.5416666667,0.01791449972,0.1047156237
midpoint,0.8,25,net_per_eligible_opportunity,120,0.05515548358,0,-1.422083333,0.9623611111,0.4833333333,0.02629313105,0.08536915368
midpoint,0.8,50,net_per_eligible_opportunity,120,0.03296121195,0,-1.341111111,0.8440277778,0.425,0.007457686193,0.05917227399
midpoint,0.8,100,net_per_eligible_opportunity,120,0.01994124154,0,-1.400277778,0.6919444444,0.375,-0.005816347701,0.04375485103
midpoint,0.9,0,net_per_eligible_opportunity,120,0.007971362832,0,-1.202083333,0.4945833333,0.2416666667,-0.01250221073,0.02543300255
midpoint,0.9,25,net_per_eligible_opportunity,120,0.004790751726,0,-1.286388889,0.4945833333,0.2,-0.01707398157,0.02170222893
midpoint,0.9,50,net_per_eligible_opportunity,120,-8.050703095e-05,0,-1.286388889,0.4945833333,0.1416666667,-0.0211823341,0.01703630961
midpoint,0.9,100,net_per_eligible_opportunity,120,-0.00329145412,0,-1.286388889,0.4945833333,0.075,-0.02318216489,0.01357021684
optimistic,0.1,0,net_per_eligible_opportunity,120,2.894050414,2.442430556,-4.017222222,8.870416667,0.9916666667,2.530251898,3.26612622
optimistic,0.1,25,net_per_eligible_opportunity,120,2.607146691,2.282638889,-2.660694444,8.208055556,0.9916666667,2.278547369,2.937428923
optimistic,0.1,50,net_per_eligible_opportunity,120,2.318936187,2.065902778,-2.731527778,7.905138889,0.9916666667,2.022258025,2.625639624
optimistic,0.1,100,net_per_eligible_opportunity,120,1.905853445,1.543888889,-3.701805556,6.963611111,0.9916666667,1.641037217,2.17049303
optimistic,0.2,0,net_per_eligible_opportunity,120,1.988912198,1.474722222,-4.322638889,6.631805556,0.9916666667,1.67602515,2.289298517
optimistic,0.2,25,net_per_eligible_opportunity,120,1.716850938,1.268819444,-3.081666667,6.112222222,0.9916666667,1.44400142,1.96656538
optimistic,0.2,50,net_per_eligible_opportunity,120,1.468955789,1.067013889,-3.4,5.807361111,0.9916666667,1.231130863,1.688393908
optimistic,0.2,100,net_per_eligible_opportunity,120,1.112858023,0.7591666667,-4.22625,4.99,0.9916666667,0.9187608503,1.302207833
optimistic,0.3,0,net_per_eligible_opportunity,120,1.177721021,0.725,-5.598611111,5.112361111,0.9833333333,0.9405837398,1.399288547
optimistic,0.3,25,net_per_eligible_opportunity,120,0.9833793818,0.6268055556,-4.398888889,4.445972222,0.975,0.7798441463,1.164240257
optimistic,0.3,50,net_per_eligible_opportunity,120,0.8250547214,0.5085416667,-4.642638889,4.195277778,0.975,0.6440646693,0.9799997629
optimistic,0.3,100,net_per_eligible_opportunity,120,0.6001740819,0.3611805556,-5.146388889,3.31875,0.975,0.4568573325,0.7334059251
optimistic,0.4,0,net_per_eligible_opportunity,120,0.6720901959,0.3188194444,-4.329861111,3.616388889,0.9583333333,0.5267352394,0.8247359068
optimistic,0.4,25,net_per_eligible_opportunity,120,0.5406992211,0.2714583333,-3.354861111,3.130833333,0.95,0.4231308488,0.6670913968
optimistic,0.4,50,net_per_eligible_opportunity,120,0.4432670453,0.2184571592,-3.447638889,3.091944444,0.9333333333,0.3383706961,0.5548605351
optimistic,0.4,100,net_per_eligible_opportunity,120,0.3039012074,0.140679515,-3.97,2.1825,0.8916666667,0.2081558737,0.3907697177
optimistic,0.5,0,net_per_eligible_opportunity,120,0.3297964689,0.1802083333,-5.221666667,2.37375,0.8833333333,0.2161067108,0.4429001962
optimistic,0.5,25,net_per_eligible_opportunity,120,0.2574941545,0.1315277778,-4.174166667,2.06875,0.8416666667,0.165395798,0.3453568432
optimistic,0.5,50,net_per_eligible_opportunity,120,0.202141487,0.09430555556,-4.188194444,1.928333333,0.8083333333,0.1127090393,0.2831667148
optimistic,0.5,100,net_per_eligible_opportunity,120,0.1286887388,0.05180555556,-4.352777778,1.509861111,0.775,0.04647732099,0.1968292415
optimistic,0.6,0,net_per_eligible_opportunity,120,0.1295684823,0.07118055556,-4.825416667,1.42125,0.8,0.04558773256,0.2011917587
optimistic,0.6,25,net_per_eligible_opportunity,120,0.09865961627,0.05222222222,-3.802083333,1.566111111,0.75,0.03083415457,0.1549365669
optimistic,0.6,50,net_per_eligible_opportunity,120,0.07650851508,0.03217139414,-3.760138889,1.548333333,0.6833333333,0.01157465799,0.132408642
optimistic,0.6,100,net_per_eligible_opportunity,120,0.04546430388,0.0172311828,-3.68125,1.488333333,0.6333333333,-0.01712637878,0.09649821701
optimistic,0.7,0,net_per_eligible_opportunity,120,0.02187224351,0.01965277778,-4.493055556,0.8493055556,0.6833333333,-0.05292537094,0.07146355659
optimistic,0.7,25,net_per_eligible_opportunity,120,0.01812924995,0.01180555556,-3.39125,0.9463888889,0.625,-0.0384093713,0.05707576531
optimistic,0.7,50,net_per_eligible_opportunity,120,0.009636341574,0.006388888889,-3.310277778,0.9354166667,0.55,-0.04589898842,0.04777011758
optimistic,0.7,100,net_per_eligible_opportunity,120,0.002979926914,0,-3.06875,0.8754166667,0.4666666667,-0.04774350973,0.03772301827
optimistic,0.8,0,net_per_eligible_opportunity,120,0.005899181862,0,-2.597083333,0.4426388889,0.4083333333,-0.03558496479,0.03553943514
optimistic,0.8,25,net_per_eligible_opportunity,120,0.008270055585,0,-1.43125,0.4945833333,0.35,-0.01445407774,0.02677559717
optimistic,0.8,50,net_per_eligible_opportunity,120,0.003713824341,0,-1.350277778,0.4945833333,0.2916666667,-0.01860348895,0.02175607983
optimistic,0.8,100,net_per_eligible_opportunity,120,0.0009520831486,0,-1.350277778,0.4945833333,0.225,-0.02157874262,0.01832455505
optimistic,0.9,0,net_per_eligible_opportunity,120,-0.002829413769,0,-1.286388889,0.4945833333,0.1166666667,-0.02413395416,0.01404058007
optimistic,0.9,25,net_per_eligible_opportunity,120,-0.004363714431,0,-1.286388889,0.4945833333,0.075,-0.02498669982,0.01185368731
optimistic,0.9,50,net_per_eligible_opportunity,120,-0.00508827771,0,-1.286388889,0.4945833333,0.05,-0.02593475634,0.0112965232
optimistic,0.9,100,net_per_eligible_opportunity,120,-0.005616823869,0,-1.286388889,0.4945833333,0.025,-0.02596827602,0.01055333195
conservative,0.1,0,adverse_markout_avoided,120,92869.27224,98798.25,3613.5,197889.5,1,83851.52026,101310.0879
conservative,0.1,25,adverse_markout_avoided,120,90650.21227,94918.75,3310.5,193124,1,81829.59715,98815.90051
conservative,0.1,50,adverse_markout_avoided,120,88390.69387,93091.75,3310.5,187875,1,79781.29357,96429.67953
conservative,0.1,100,adverse_markout_avoided,120,84689.3123,89768,3310.5,177056.5,1,76452.69937,92500.5838
conservative,0.2,0,adverse_markout_avoided,120,62421.05551,60172.75,2008,163483,1,54844.11247,69389.12738
conservative,0.2,25,adverse_markout_avoided,120,59988.65654,57603,2008,157749.5,1,52721.28452,66761.31091
conservative,0.2,50,adverse_markout_avoided,120,57642.46039,54203.25,2008,152715,1,50552.40141,64136.97403
conservative,0.2,100,adverse_markout_avoided,120,54064.23147,50483.5,1988.5,140836,1,47399.94311,60031.26596
conservative,0.3,0,adverse_markout_avoided,120,39428.67245,31101.25,118,136531,1,33766.09274,44661.39163
conservative,0.3,25,adverse_markout_avoided,120,37372.18951,29068,118,131401.5,1,32016.46993,42332.1183
conservative,0.3,50,adverse_markout_avoided,120,35505.16424,27654.5,118,126388.5,1,30336.80754,40237.63376
conservative,0.3,100,adverse_markout_avoided,120,32507.90489,24374.25,118,114654,1,27745.291,36880.15058
conservative,0.4,0,adverse_markout_avoided,120,23690.58453,14950.5,0,98975,0.9916666667,19799.32735,27292.48092
conservative,0.4,25,adverse_markout_avoided,120,22096.59835,14045.5,0,91369.5,0.9916666667,18441.77812,25487.82337
conservative,0.4,50,adverse_markout_avoided,120,20646.49895,13318,0,86428.5,0.9916666667,17353.24626,23817.04626
conservative,0.4,100,adverse_markout_avoided,120,18442.50595,11817.75,0,76340.5,0.9916666667,15449.46714,21285.81989
conservative,0.5,0,adverse_markout_avoided,120,13095.0921,5680.25,0,67701,0.9666666667,10591.13263,15550.95582
conservative,0.5,25,adverse_markout_avoided,120,11958.20183,5209.5,0,63348,0.9666666667,9665.702851,14226.97458
conservative,0.5,50,adverse_markout_avoided,120,10999.4532,4882.75,0,58655.5,0.9583333333,8896.971343,13098.46048
conservative,0.5,100,adverse_markout_avoided,120,9533.493921,4289,0,50989,0.95,7680.996781,11413.66053
conservative,0.6,0,adverse_markout_avoided,120,6115.278993,2322,0,38957.5,0.9166666667,4857.737147,7376.880589
conservative,0.6,25,adverse_markout_avoided,120,5438.145109,1821.25,0,34335.5,0.8916666667,4330.600091,6565.833618
conservative,0.6,50,adverse_markout_avoided,120,4915.412737,1503.25,0,31519.5,0.8666666667,3923.974351,5949.912155
conservative,0.6,100,adverse_markout_avoided,120,4067.244186,1227.5,0,25931,0.825,3219.392591,4946.977101
conservative,0.7,0,adverse_markout_avoided,120,2186.474366,783.25,0,18006,0.775,1749.711068,2669.310278
conservative,0.7,25,adverse_markout_avoided,120,1915.315102,783.25,0,14436.5,0.7333333333,1528.727416,2347.917478
conservative,0.7,50,adverse_markout_avoided,120,1701.403473,602,0,12889.5,0.7,1346.486845,2090.407095
conservative,0.7,100,adverse_markout_avoided,120,1319.038279,336,0,11399.5,0.6666666667,1025.715433,1646.568788
conservative,0.8,0,adverse_markout_avoided,120,643.5190533,174.25,0,5553,0.6416666667,506.0258021,799.394208
conservative,0.8,25,adverse_markout_avoided,120,537.9065092,172.75,0,5094,0.5916666667,425.9018623,669.9763062
conservative,0.8,50,adverse_markout_avoided,120,447.7641261,66.75,0,4576.5,0.5666666667,347.8021219,563.9982717
conservative,0.8,100,adverse_markout_avoided,120,325.1446886,17,0,3142.5,0.5083333333,246.2756892,413.8610215
conservative,0.9,0,adverse_markout_avoided,120,114.171781,0,0,2494,0.3,73.27157057,166.7987771
conservative,0.9,25,adverse_markout_avoided,120,93.73699636,0,0,1954.5,0.25,55.83771177,140.7227527
conservative,0.9,50,adverse_markout_avoided,120,77.89813177,0,0,1954.5,0.2166666667,41.43164193,123.3824477
conservative,0.9,100,adverse_markout_avoided,120,63.33733146,0,0,1954.5,0.1416666667,28.25093279,105.8100513
midpoint,0.1,0,adverse_markout_avoided,120,71223.42939,70695.75,2883.5,161069,1,63647.06507,78222.21224
midpoint,0.1,25,adverse_markout_avoided,120,68857.40375,67737.25,2833,154580,1,61537.85403,75714.56287
midpoint,0.1,50,adverse_markout_avoided,120,66487.45451,65363.5,2833,148836,1,59339.36193,73068.30881
midpoint,0.1,100,adverse_markout_avoided,120,62697.88308,61017,2833,137958,1,55964.16276,68982.65492
midpoint,0.2,0,adverse_markout_avoided,120,44649.03715,37320.5,1092,137159.5,1,38844.84989,50125.30974
midpoint,0.2,25,adverse_markout_avoided,120,42044.71188,33893.5,1030.5,130360,1,36521.60809,47356.93036
midpoint,0.2,50,adverse_markout_avoided,120,39614.00189,31939.5,935.5,125020,1,34427.48076,44606.66783
midpoint,0.2,100,adverse_markout_avoided,120,36006.72483,27764.75,921,112828.5,1,31283.53335,40540.19993
midpoint,0.3,0,adverse_markout_avoided,120,26559.69672,17554.25,96,109942,1,22449.89593,30547.89272
midpoint,0.3,25,adverse_markout_avoided,120,24405.80009,16265.75,57,102722.5,1,20585.76477,28043.43882
midpoint,0.3,50,adverse_markout_avoided,120,22487.58767,14981.5,57,97762.5,1,18943.06518,25914.498
midpoint,0.3,100,adverse_markout_avoided,120,19590.65735,11847.75,29.5,85529,1,16518.71279,22667.79302
midpoint,0.4,0,adverse_markout_avoided,120,15043.59291,8546.25,0,74367.5,0.9916666667,12346.49566,17686.79901
midpoint,0.4,25,adverse_markout_avoided,120,13459.22256,6858,0,67388,0.9916666667,11005.22044,15813.08288
midpoint,0.4,50,adverse_markout_avoided,120,12067.91071,5691.75,0,62206.5,0.9916666667,9867.176795,14220.19487
midpoint,0.4,100,adverse_markout_avoided,120,10063.43952,3915.75,0,52262.5,0.9833333333,8200.194644,11877.48624
midpoint,0.5,0,adverse_markout_avoided,120,8035.443829,3453,0,48884.5,0.9583333333,6437.079567,9674.665056
midpoint,0.5,25,adverse_markout_avoided,120,6956.192802,2708.75,0,44707,0.9583333333,5539.409936,8390.612632
midpoint,0.5,50,adverse_markout_avoided,120,6057.220305,2059.75,0,39974,0.9333333333,4800.715584,7314.162279
midpoint,0.5,100,adverse_markout_avoided,120,4861.57903,1631.75,0,34643,0.9333333333,3839.872226,5923.019221
midpoint,0.6,0,adverse_markout_avoided,120,3607.075485,1419.5,0,23485,0.8916666667,2854.910795,4387.962478
midpoint,0.6,25,adverse_markout_avoided,120,3032.840932,1093.75,0,20581,0.8666666667,2395.265695,3694.345605
midpoint,0.6,50,adverse_markout_avoided,120,2604.765017,821,0,18228,0.8333333333,2065.838192,3213.793215
midpoint,0.6,100,adverse_markout_avoided,120,1970.254874,612.25,0,15646,0.8,1546.876959,2451.353347
midpoint,0.7,0,adverse_markout_avoided,120,1315.828746,528,0,10076.5,0.775,1045.339868,1631.516519
midpoint,0.7,25,adverse_markout_avoided,120,1096.102288,407.25,0,8516,0.7333333333,866.1726538,1353.762049
midpoint,0.7,50,adverse_markout_avoided,120,907.8645848,299.5,0,8233,0.675,700.327476,1159.495841
midpoint,0.7,100,adverse_markout_avoided,120,654.9697947,127.5,0,7235,0.6333333333,492.6199164,860.3907982
midpoint,0.8,0,adverse_markout_avoided,120,425.6215563,98.75,0,4257.5,0.5916666667,326.4307625,540.044662
midpoint,0.8,25,adverse_markout_avoided,120,345.3498252,65,0,3886,0.55,265.6694022,439.6969253
midpoint,0.8,50,adverse_markout_avoided,120,246.3744674,15,0,3368.5,0.5083333333,178.823033,324.6355182
midpoint,0.8,100,adverse_markout_avoided,120,177.4777217,0,0,2692.5,0.4166666667,116.9698691,246.6770281
midpoint,0.9,0,adverse_markout_avoided,120,90.4397084,0,0,1978,0.2583333333,53.78150514,135.2638607
midpoint,0.9,25,adverse_markout_avoided,120,76.88512463,0,0,1780.5,0.2166666667,44.06349569,121.0520459
midpoint,0.9,50,adverse_markout_avoided,120,59.34931184,0,0,1780.5,0.1583333333,27.91241182,100.6576012
midpoint,0.9,100,adverse_markout_avoided,120,47.81277565,0,0,1780.5,0.09166666667,17.65684129,87.30973004
optimistic,0.1,0,adverse_markout_avoided,120,17700.35323,13796.25,274,73311,1,15190.28648,20109.86313
optimistic,0.1,25,adverse_markout_avoided,120,15639.85597,12305.25,223.5,64694,1,13454.94153,17756.50334
optimistic,0.1,50,adverse_markout_avoided,120,13851.00905,10820,223.5,58939.5,1,11936.33646,15737.3502
optimistic,0.1,100,adverse_markout_avoided,120,11208.20535,7870.5,223.5,50172.5,1,9617.884072,12717.29045
optimistic,0.2,0,adverse_markout_avoided,120,11210.908,7066.75,156,55548,1,9390.003685,13041.58267
optimistic,0.2,25,adverse_markout_avoided,120,9613.348509,5909,156,47636.5,1,8067.338139,11132.57044
optimistic,0.2,50,adverse_markout_avoided,120,8281.012279,5060,156,42973,1,6952.051022,9598.306515
optimistic,0.2,100,adverse_markout_avoided,120,6373.705741,3564.75,128.5,35543,1,5320.993862,7404.618179
optimistic,0.3,0,adverse_markout_avoided,120,6787.272975,3259.5,0,40246,0.9916666667,5608.901171,7988.976369
optimistic,0.3,25,adverse_markout_avoided,120,5664.382245,2859.75,0,33938.5,0.9916666667,4684.297594,6696.374482
optimistic,0.3,50,adverse_markout_avoided,120,4812.286505,2177.25,0,30548.5,0.9916666667,3947.081755,5654.757803
optimistic,0.3,100,adverse_markout_avoided,120,3599.02982,1390,0,24117,0.9916666667,2889.033393,4267.795858
optimistic,0.4,0,adverse_markout_avoided,120,4016.014265,1425.75,0,27523.5,0.975,3208.695642,4850.445017
optimistic,0.4,25,adverse_markout_avoided,120,3285.040732,1254.5,0,26332,0.9666666667,2582.824404,3976.247106
optimistic,0.4,50,adverse_markout_avoided,120,2752.120184,988,0,25603.5,0.9583333333,2131.040812,3337.039631
optimistic,0.4,100,adverse_markout_avoided,120,2017.086259,715.75,0,22717,0.925,1527.560314,2487.274728
optimistic,0.5,0,adverse_markout_avoided,120,2140.433287,719.75,0,20890,0.8916666667,1661.816026,2647.953675
optimistic,0.5,25,adverse_markout_avoided,120,1712.31219,605.5,0,20206,0.8666666667,1306.361209,2152.018495
optimistic,0.5,50,adverse_markout_avoided,120,1420.421245,468,0,19864,0.85,1057.349663,1808.89932
optimistic,0.5,100,adverse_markout_avoided,120,1048.490524,298,0,18397,0.8416666667,762.9957723,1374.723273
optimistic,0.6,0,adverse_markout_avoided,120,957.3072942,284.25,0,12365.5,0.8166666667,721.3566356,1217.680555
optimistic,0.6,25,adverse_markout_avoided,120,753.6271101,224.25,0,11758.5,0.775,553.1245628,981.8011551
optimistic,0.6,50,adverse_markout_avoided,120,632.1928528,153.5,0,11618,0.725,448.3820444,845.9524918
optimistic,0.6,100,adverse_markout_avoided,120,476.988813,108,0,11032,0.6833333333,315.2854944,668.1982585
optimistic,0.7,0,adverse_markout_avoided,120,356.6647547,80.75,0,6071.5,0.7,252.8429802,475.8538367
optimistic,0.7,25,adverse_markout_avoided,120,288.5336706,71,0,5841,0.6583333333,194.5488514,397.4459185
optimistic,0.7,50,adverse_markout_avoided,120,242.0655164,49,0,5841,0.6083333333,157.4143649,351.1010193
optimistic,0.7,100,adverse_markout_avoided,120,193.6880388,1,0,5841,0.5083333333,112.1918141,297.9840894
optimistic,0.8,0,adverse_markout_avoided,120,143.3209454,0,0,2193,0.4416666667,97.92739924,200.0747611
optimistic,0.8,25,adverse_markout_avoided,120,110.9753999,0,0,2193,0.375,67.31444199,163.2973103
optimistic,0.8,50,adverse_markout_avoided,120,91.42649591,0,0,2193,0.3166666667,52.6061194,138.9722597
optimistic,0.8,100,adverse_markout_avoided,120,75.80591038,0,0,2193,0.25,38.32558562,123.7020748
optimistic,0.9,0,adverse_markout_avoided,120,49.97118548,0,0,1780.5,0.125,20.00518357,86.1596068
optimistic,0.9,25,adverse_markout_avoided,120,43.56982643,0,0,1780.5,0.08333333333,14.13035678,80.40896231
optimistic,0.9,50,adverse_markout_avoided,120,39.73069115,0,0,1780.5,0.05833333333,11.57332773,77.92774051
optimistic,0.9,100,adverse_markout_avoided,120,37.83270406,0,0,1780.5,0.03333333333,8.877259766,75.91302075
conservative,0.1,0,favourable_markout_sacrificed,120,7483.786087,2669,9.5,71208.5,1,5859.572362,9209.5674
conservative,0.1,25,favourable_markout_sacrificed,120,7249.939209,2579,9.5,65085,1,5675.770778,8905.737747
conservative,0.1,50,favourable_markout_sacrificed,120,7097.788519,2558.25,9.5,64346,1,5564.346416,8697.049397
conservative,0.1,100,favourable_markout_sacrificed,120,6789.464978,2469,8.5,61791,1,5353.913039,8339.991125
conservative,0.2,0,favourable_markout_sacrificed,120,6094.001925,1616,0.5,68852.5,1,4639.22993,7706.375953
conservative,0.2,25,favourable_markout_sacrificed,120,5851.515131,1566.25,0.5,62795,1,4468.282238,7372.164125
conservative,0.2,50,favourable_markout_sacrificed,120,5690.284657,1552,0.5,61657.5,1,4351.793195,7165.326386
conservative,0.2,100,favourable_markout_sacrificed,120,5392.613265,1379,0.5,58657.5,1,4129.986893,6786.252762
conservative,0.3,0,favourable_markout_sacrificed,120,4704.089524,922.25,0,63328,0.975,3434.620804,6113.183498
conservative,0.3,25,favourable_markout_sacrificed,120,4461.882124,907,0,57466.5,0.975,3268.707399,5734.985801
conservative,0.3,50,favourable_markout_sacrificed,120,4298.786159,847,0,56764,0.975,3146.095634,5561.838965
conservative,0.3,100,favourable_markout_sacrificed,120,4029.834277,792,0,54129,0.975,2948.515302,5234.761205
conservative,0.4,0,favourable_markout_sacrificed,120,3418.072648,489,0,51943,0.9,2409.11657,4489.273898
conservative,0.4,25,favourable_markout_sacrificed,120,3196.681262,446.5,0,46470.5,0.8916666667,2253.995756,4177.490107
conservative,0.4,50,favourable_markout_sacrificed,120,3068.228887,432.25,0,45732,0.8916666667,2172.332126,4025.892215
conservative,0.4,100,favourable_markout_sacrificed,120,2853.317132,414.25,0,44260,0.8916666667,2003.239024,3757.472728
conservative,0.5,0,favourable_markout_sacrificed,120,2212.471178,157.25,0,45624.5,0.825,1427.724888,3027.523388
conservative,0.5,25,favourable_markout_sacrificed,120,2030.870204,133.5,0,40548,0.825,1331.656436,2772.303344
conservative,0.5,50,favourable_markout_sacrificed,120,1931.760024,117.25,0,39652,0.825,1269.40033,2642.716516
conservative,0.5,100,favourable_markout_sacrificed,120,1776.928346,117.25,0,38595,0.825,1159.497988,2445.833966
conservative,0.6,0,favourable_markout_sacrificed,120,1163.521494,51.25,0,32518,0.6583333333,679.7513493,1708.535526
conservative,0.6,25,favourable_markout_sacrificed,120,1044.801108,46.5,0,28050.5,0.6583333333,624.1955386,1524.420874
conservative,0.6,50,favourable_markout_sacrificed,120,979.2125806,46.5,0,27565.5,0.6583333333,578.9488447,1434.949251
conservative,0.6,100,favourable_markout_sacrificed,120,884.1904633,17,0,26689,0.65,512.4282647,1325.869246
conservative,0.7,0,favourable_markout_sacrificed,120,537.209967,0.25,0,23419,0.5,261.7839011,914.0853001
conservative,0.7,25,favourable_markout_sacrificed,120,462.1007295,0,0,19010,0.4916666667,225.4360935,772.7558583
conservative,0.7,50,favourable_markout_sacrificed,120,428.1365633,0,0,18683,0.4916666667,200.5467109,731.9785443
conservative,0.7,100,favourable_markout_sacrificed,120,368.942497,0,0,17753.5,0.4916666667,167.2311608,667.0938902
conservative,0.8,0,favourable_markout_sacrificed,120,203.3813373,0,0,12006.5,0.3416666667,74.8975197,391.3244081
conservative,0.8,25,favourable_markout_sacrificed,120,153.6830217,0,0,7665.5,0.3083333333,61.79860676,272.8710196
conservative,0.8,50,favourable_markout_sacrificed,120,135.1972072,0,0,7374,0.3,51.96204703,247.4579099
conservative,0.8,100,favourable_markout_sacrificed,120,119.0005927,0,0,7374,0.2833333333,38.41754135,236.17575
conservative,0.9,0,favourable_markout_sacrificed,120,66.76063043,0,0,6436,0.075,5.958740427,174.0320816
conservative,0.9,25,favourable_markout_sacrificed,120,63.5599509,0,0,6305.5,0.05,4.628863042,167.9051388
conservative,0.9,50,favourable_markout_sacrificed,120,62.03521774,0,0,6305.5,0.05,3.629514428,167.3811042
conservative,0.9,100,favourable_markout_sacrificed,120,62.03521774,0,0,6305.5,0.05,3.629514428,167.3811042
midpoint,0.1,0,favourable_markout_sacrificed,120,9448.278095,4412.75,28.5,77715.5,1,7538.002239,11450.70346
midpoint,0.1,25,favourable_markout_sacrificed,120,9120.434591,4270.75,22.5,71456.5,1,7266.95769,11027.50918
midpoint,0.1,50,favourable_markout_sacrificed,120,8852.147664,4246.25,22.5,70308.5,1,7056.946008,10684.39841
midpoint,0.1,100,favourable_markout_sacrificed,120,8368.763141,4053.75,17,67556.5,1,6688.166181,10132.01697
midpoint,0.2,0,favourable_markout_sacrificed,120,7211.997018,2352.25,1,73094,1,5535.810448,8991.095273
midpoint,0.2,25,favourable_markout_sacrificed,120,6864.799713,2017.25,1,66805,1,5289.739269,8532.175352
midpoint,0.2,50,favourable_markout_sacrificed,120,6608.909697,1993.75,1,65697,1,5109.927022,8199.53365
midpoint,0.2,100,favourable_markout_sacrificed,120,6145.519856,1907.75,0,62579,0.9916666667,4757.676125,7631.487371
midpoint,0.3,0,favourable_markout_sacrificed,120,5162.635333,1155.5,0,66406,0.9916666667,3833.933747,6611.026649
midpoint,0.3,25,favourable_markout_sacrificed,120,4846.954893,1056.75,0,60377.5,0.9916666667,3611.406233,6184.057276
midpoint,0.3,50,favourable_markout_sacrificed,120,4588.025342,1035,0,59404.5,0.9916666667,3417.056955,5872.789553
midpoint,0.3,100,favourable_markout_sacrificed,120,4173.010482,830.5,0,56953,0.9916666667,3112.17865,5357.25136
midpoint,0.4,0,favourable_markout_sacrificed,120,3500.40773,449.5,0,53105.5,0.9833333333,2512.021882,4629.663948
midpoint,0.4,25,favourable_markout_sacrificed,120,3237.406544,405,0,47572.5,0.9833333333,2330.858961,4266.240175
midpoint,0.4,50,favourable_markout_sacrificed,120,3026.951056,382,0,46632.5,0.9833333333,2180.438927,3995.606149
midpoint,0.4,100,favourable_markout_sacrificed,120,2690.040006,344.25,0,45167.5,0.9833333333,1935.360291,3584.922018
midpoint,0.5,0,favourable_markout_sacrificed,120,2184.358193,187.5,0,46391.5,0.925,1427.085188,3017.070333
midpoint,0.5,25,favourable_markout_sacrificed,120,1961.216352,186.25,0,41089,0.925,1286.933978,2684.339598
midpoint,0.5,50,favourable_markout_sacrificed,120,1804.46555,186.25,0,40112.5,0.9166666667,1169.119715,2491.105636
midpoint,0.5,100,favourable_markout_sacrificed,120,1578.669314,186,0,38965.5,0.9166666667,1018.697375,2205.12886
midpoint,0.6,0,favourable_markout_sacrificed,120,1098.791886,40.5,0,32809.5,0.775,628.2827978,1640.099112
midpoint,0.6,25,favourable_markout_sacrificed,120,946.5824275,31.75,0,28211.5,0.775,533.0517846,1413.077639
midpoint,0.6,50,favourable_markout_sacrificed,120,852.7548433,27.5,0,27596.5,0.775,472.0270949,1301.967424
midpoint,0.6,100,favourable_markout_sacrificed,120,730.1213626,27.5,0,26709.5,0.775,394.7638514,1158.763678
midpoint,0.7,0,favourable_markout_sacrificed,120,501.8247187,1.5,0,23627.5,0.6166666667,229.8963517,880.8175112
midpoint,0.7,25,favourable_markout_sacrificed,120,422.7125316,1.5,0,19283,0.6166666667,195.8889217,732.3118537
midpoint,0.7,50,favourable_markout_sacrificed,120,369.9349223,1.5,0,18790,0.6166666667,158.7023228,674.3377298
midpoint,0.7,100,favourable_markout_sacrificed,120,311.110689,1.25,0,17904.5,0.6083333333,119.3212819,602.512622
midpoint,0.8,0,favourable_markout_sacrificed,120,198.7861313,0,0,12105,0.4166666667,70.48884296,387.3176189
midpoint,0.8,25,favourable_markout_sacrificed,120,147.6764924,0,0,7908,0.4,56.55517603,268.1061768
midpoint,0.8,50,favourable_markout_sacrificed,120,128.5312204,0,0,7616.5,0.375,43.83111654,248.4130008
midpoint,0.8,100,favourable_markout_sacrificed,120,106.4834949,0,0,7616.5,0.3583333333,28.56796181,230.990033
midpoint,0.9,0,favourable_markout_sacrificed,120,61.76639427,0,0,6305.5,0.06666666667,4.386314549,166.4387462
midpoint,0.9,25,favourable_markout_sacrificed,120,59.66201048,0,0,6305.5,0.04166666667,1.589890762,164.9465929
midpoint,0.9,50,favourable_markout_sacrificed,120,59.66201048,0,0,6305.5,0.04166666667,1.589890762,164.9465929
midpoint,0.9,100,favourable_markout_sacrificed,120,59.66201048,0,0,6305.5,0.04166666667,1.589890762,164.9465929
optimistic,0.1,0,favourable_markout_sacrificed,120,7303.863651,2246.75,7,61824.5,1,5705.891117,8963.146265
optimistic,0.1,25,favourable_markout_sacrificed,120,6274.468586,1869.5,6.5,52421.5,1,4958.425633,7676.593012
optimistic,0.1,50,favourable_markout_sacrificed,120,5522.442856,1745.25,6.5,48865.5,1,4364.896468,6758.863151
optimistic,0.1,100,favourable_markout_sacrificed,120,4364.318696,1209.75,5,45394.5,1,3420.438362,5320.615141
optimistic,0.2,0,favourable_markout_sacrificed,120,4060.898829,726,0.5,54278.5,1,3013.824679,5221.560287
optimistic,0.2,25,favourable_markout_sacrificed,120,3442.273796,648.5,0.5,46895.5,1,2557.993837,4388.227125
optimistic,0.2,50,favourable_markout_sacrificed,120,3002.012263,593,0.5,45472.5,1,2212.263332,3849.354018
optimistic,0.2,100,favourable_markout_sacrificed,120,2375.062777,470.5,0,43368.5,0.9916666667,1695.638689,3101.406941
optimistic,0.3,0,favourable_markout_sacrificed,120,2552.727989,235.75,0,50957,0.9916666667,1746.275236,3429.955838
optimistic,0.3,25,favourable_markout_sacrificed,120,2128.92857,233.75,0,44793.5,0.9916666667,1452.193391,2876.53642
optimistic,0.3,50,favourable_markout_sacrificed,120,1846.53886,169,0,44160,0.9916666667,1216.308817,2518.834906
optimistic,0.3,100,favourable_markout_sacrificed,120,1442.623708,150,0,42644,0.9916666667,887.1745578,2072.861109
optimistic,0.4,0,favourable_markout_sacrificed,120,1599.913346,88.5,0,43111,0.9583333333,1005.000679,2268.443032
optimistic,0.4,25,favourable_markout_sacrificed,120,1341.423971,59.5,0,38409.5,0.9583333333,828.7770392,1929.047093
optimistic,0.4,50,favourable_markout_sacrificed,120,1159.139261,58,0,38015,0.9583333333,682.0371135,1721.815243
optimistic,0.4,100,favourable_markout_sacrificed,120,925.7769185,54.5,0,37009,0.9583333333,492.8293533,1477.414396
optimistic,0.5,0,favourable_markout_sacrificed,120,954.4013124,34,0,39688,0.8916666667,495.1986148,1554.035977
optimistic,0.5,25,favourable_markout_sacrificed,120,786.2357619,9,0,35233,0.8833333333,395.4651112,1323.922152
optimistic,0.5,50,favourable_markout_sacrificed,120,693.5352201,9,0,34941.5,0.8833333333,322.8794648,1233.037658
optimistic,0.5,100,favourable_markout_sacrificed,120,586.0045924,4.75,0,34067,0.8666666667,237.5579584,1120.98905
optimistic,0.6,0,favourable_markout_sacrificed,120,491.4934824,1.5,0,29737,0.6916666667,183.9014116,966.9664624
optimistic,0.6,25,favourable_markout_sacrificed,120,398.9286824,1.5,0,25446,0.675,141.0322228,809.6211456
optimistic,0.6,50,favourable_markout_sacrificed,120,357.1770501,1,0,25154.5,0.675,111.4048469,762.7893933
optimistic,0.6,100,favourable_markout_sacrificed,120,313.7206243,1,0,24284.5,0.6666666667,83.23922669,710.6693701
optimistic,0.7,0,favourable_markout_sacrificed,120,278.2658879,0.5,0,22246.5,0.5166666667,65.36619818,641.5626238
optimistic,0.7,25,favourable_markout_sacrificed,120,223.6065143,0,0,18049.5,0.4833333333,48.49323294,519.8187131
optimistic,0.7,50,favourable_markout_sacrificed,120,207.6577214,0,0,17758,0.4666666667,37.37303889,499.2159967
optimistic,0.7,100,favourable_markout_sacrificed,120,183.236798,0,0,16888.5,0.425,27.24881581,462.6832056
optimistic,0.8,0,favourable_markout_sacrificed,120,122.4196913,0,0,11542.5,0.25,15.85601013,312.6771073
optimistic,0.8,25,favourable_markout_sacrificed,120,81.53752094,0,0,7345.5,0.225,10.92128639,200.6202452
optimistic,0.8,50,favourable_markout_sacrificed,120,78.33684142,0,0,7054,0.2166666667,9.874749793,192.326258
optimistic,0.8,100,favourable_markout_sacrificed,120,72.65374509,0,0,7054,0.2,8.544965825,190.2845279
optimistic,0.9,0,favourable_markout_sacrificed,120,60.16185414,0,0,6305.5,0.04166666667,2.818917502,164.8387101
optimistic,0.9,25,favourable_markout_sacrificed,120,59.28397747,0,0,6305.5,0.03333333333,1.532806884,164.8387101
optimistic,0.9,50,favourable_markout_sacrificed,120,58.05326999,0,0,6305.5,0.025,1.444818423,162.867654
optimistic,0.9,100,favourable_markout_sacrificed,120,58.05326999,0,0,6305.5,0.025,1.444818423,162.867654
conservative,0.1,0,avoidance_efficiency_ticks,120,216.997339,38.56796521,2.307238602,1684.2,1,164.2489025,266.8683803
conservative,0.1,25,avoidance_efficiency_ticks,120,213.8265612,37.49498699,2.475224706,1550.15,1,162.751341,262.8467618
conservative,0.1,50,avoidance_efficiency_ticks,120,208.8375214,35.40892438,2.417283126,1530.513514,1,158.0981078,255.1392699
conservative,0.1,100,avoidance_efficiency_ticks,120,204.6158711,35.77658641,2.399386642,1518.25,1,155.7658587,250.3784115
conservative,0.2,0,avoidance_efficiency_ticks,120,290.3199709,33.93483747,2.054217349,4016,1,216.6510424,377.2546112
conservative,0.2,25,avoidance_efficiency_ticks,120,307.7100206,32.71817636,2.195779919,4424.444444,1,218.4810818,406.9446438
conservative,0.2,50,avoidance_efficiency_ticks,120,295.4714448,33.33800818,2.144362,4267.777778,1,211.0816025,392.6970324
conservative,0.2,100,avoidance_efficiency_ticks,120,278.5143023,33.71064344,2.101495972,4016,1,204.5953709,364.8541303
conservative,0.3,0,avoidance_efficiency_ticks,117,589.596021,25.81746032,1.773015096,10837,1,362.3617283,878.0755555
conservative,0.3,25,avoidance_efficiency_ticks,117,603.2804696,29.37240356,1.881322162,10673,1,383.8012596,891.9904828
conservative,0.3,50,avoidance_efficiency_ticks,117,575.2526442,27.33667837,1.82683567,10545,1,357.9930279,848.2812074
conservative,0.3,100,avoidance_efficiency_ticks,117,561.1375054,25.35208471,1.476343224,10545,1,350.6786577,819.3121642
conservative,0.4,0,avoidance_efficiency_ticks,108,383.8324698,19.65970109,1.700633387,3964,1,273.6532525,499.6092448
conservative,0.4,25,avoidance_efficiency_ticks,107,475.9542721,19.35876289,1.669378698,7635,1,330.8585681,672.902354
conservative,0.4,50,avoidance_efficiency_ticks,107,410.5811267,18.88112709,1.605029586,4491.5,1,295.3196992,548.8564266
conservative,0.4,100,avoidance_efficiency_ticks,107,362.9816012,17.97254074,1.579142012,4460,1,264.5705841,484.965449
conservative,0.5,0,avoidance_efficiency_ticks,99,509.7819151,16.45094192,0.6363636364,8216,1,312.0030075,725.7456523
conservative,0.5,25,avoidance_efficiency_ticks,99,591.9313392,16.22283298,0.3731454006,8216,1,359.8876444,858.8883537
conservative,0.5,50,avoidance_efficiency_ticks,99,505.9083561,15.83071114,0,8216,0.9898989899,314.0432856,770.9760339
conservative,0.5,100,avoidance_efficiency_ticks,99,417.4921386,12.62321483,0,8216,0.9797979798,229.1800888,647.306403
conservative,0.6,0,avoidance_efficiency_ticks,79,246.7109608,11.48531052,0.02755102041,3409.5,1,135.4640651,372.6773899
conservative,0.6,25,avoidance_efficiency_ticks,79,284.2309809,10.46184739,0,3377,0.9873417722,155.3934907,419.4090182
conservative,0.6,50,avoidance_efficiency_ticks,79,247.786437,10.23152709,0,3185,0.9620253165,131.4157031,377.8401184
conservative,0.6,100,avoidance_efficiency_ticks,78,224.2806671,9.264439253,0,3047.5,0.9487179487,123.1333751,344.9603875
conservative,0.7,0,avoidance_efficiency_ticks,60,358.20178,9.506947042,0,8045.5,0.9666666667,130.1297712,650.6179008
conservative,0.7,25,avoidance_efficiency_ticks,59,306.6031821,8.787197232,0,6978,0.9491525424,92.60558392,593.6962844
conservative,0.7,50,avoidance_efficiency_ticks,59,252.8121759,7.3359375,0,5955.5,0.9322033898,71.92220766,497.0156022
conservative,0.7,100,avoidance_efficiency_ticks,59,297.3579118,8.061588331,0,4851,0.9322033898,119.4602865,494.2269397
conservative,0.8,0,avoidance_efficiency_ticks,41,59.47045212,4.739726027,0,1287,0.9512195122,10.59779736,121.6347458
conservative,0.8,25,avoidance_efficiency_ticks,37,100.2905417,4.390243902,0,1801,0.9189189189,33.56690083,201.0900997
conservative,0.8,50,avoidance_efficiency_ticks,36,96.66706878,4.148069106,0,1730.5,0.9166666667,26.93069257,191.4728041
conservative,0.8,100,avoidance_efficiency_ticks,34,54.31386577,4.378591193,0,1063,0.9411764706,16.18271429,113.6422724
conservative,0.9,0,avoidance_efficiency_ticks,9,69.03874907,0.6831517184,0,617,0.6666666667,0.3583607974,205.9124724
conservative,0.9,25,avoidance_efficiency_ticks,6,0.2611947314,0.1549837444,0,0.7525906736,0.5,0.05166124812,0.4711726957
conservative,0.9,50,avoidance_efficiency_ticks,6,0.2254125043,0.1549837444,0,0.5378973105,0.5,0.05166124812,0.4047116078
conservative,0.9,100,avoidance_efficiency_ticks,6,0.2254125043,0.1549837444,0,0.5378973105,0.5,0.05166124812,0.4047116078
midpoint,0.1,0,avoidance_efficiency_ticks,120,33.47416169,17.53926783,1.792544602,135.6339286,1,28.60274388,38.45478239
midpoint,0.1,25,avoidance_efficiency_ticks,120,33.13066844,17.57232456,1.885594732,147.7566667,1,28.34469899,38.15564908
midpoint,0.1,50,avoidance_efficiency_ticks,120,32.8649517,17.2545198,1.844464041,157.3273381,1,28.0984715,37.81744835
midpoint,0.1,100,avoidance_efficiency_ticks,120,33.14682206,16.9036148,1.809100531,166.6470588,1,28.19770644,38.48897807
midpoint,0.2,0,avoidance_efficiency_ticks,120,39.30481088,15.42983532,1.583296851,2008,1,31.43264754,49.4408858
midpoint,0.2,25,avoidance_efficiency_ticks,120,37.30006415,14.4222969,1.652496071,2008,1,30.00289116,46.48533788
midpoint,0.2,50,avoidance_efficiency_ticks,120,35.59541776,14.74608027,1.606321445,2008,1,28.46717518,44.47873258
midpoint,0.2,100,avoidance_efficiency_ticks,119,34.07800593,13.44050104,1.543640838,369.0769231,1,27.45631354,41.71162467
midpoint,0.3,0,avoidance_efficiency_ticks,119,49.23402851,13.6585504,1.289567208,914,1,35.06316847,66.49814572
midpoint,0.3,25,avoidance_efficiency_ticks,119,47.86061594,12.82571429,1.33587015,874,1,33.83997058,64.5385565
midpoint,0.3,50,avoidance_efficiency_ticks,119,45.80618076,12.31004547,0.6753554502,874,1,32.06230042,62.37953873
midpoint,0.3,100,avoidance_efficiency_ticks,119,44.7004955,10.98915009,0.5758293839,730.6666667,1,31.36303851,60.22738643
midpoint,0.4,0,avoidance_efficiency_ticks,118,86.61297016,11.964386,1.23513572,1444.5,1,61.16214739,117.9603687
midpoint,0.4,25,avoidance_efficiency_ticks,118,85.69214974,11.41309158,1.271312208,1433.25,1,59.58919332,115.3131273
midpoint,0.4,50,avoidance_efficiency_ticks,118,69.89072977,10.64220374,1.220683,919,1,50.2270047,91.80311621
midpoint,0.4,100,avoidance_efficiency_ticks,118,62.50221749,9.577544929,0,878,0.9915254237,46.60629478,82.33977448
midpoint,0.5,0,avoidance_efficiency_ticks,111,166.2692638,11.52151463,0,5347,0.990990991,82.48904116,278.2919319
midpoint,0.5,25,avoidance_efficiency_ticks,111,164.6334356,9.669758813,0,5302,0.990990991,84.72222214,276.5503909
midpoint,0.5,50,avoidance_efficiency_ticks,110,84.99990872,7.982392186,0,2619,0.9636363636,49.38305414,132.8881567
midpoint,0.5,100,avoidance_efficiency_ticks,110,71.53813833,7.118895566,0,1458,0.9636363636,46.21540684,101.1556167
midpoint,0.6,0,avoidance_efficiency_ticks,93,113.801259,9.354545455,0,2449.5,0.9784946237,64.15618863,174.2602414
midpoint,0.6,25,avoidance_efficiency_ticks,93,112.3865926,7.898403483,0,2449.5,0.9784946237,62.08691657,176.3625638
midpoint,0.6,50,avoidance_efficiency_ticks,93,60.04764932,7.73245614,0,564,0.9462365591,41.22184136,81.88605019
midpoint,0.6,100,avoidance_efficiency_ticks,93,49.28981876,5.414168937,0,610,0.9139784946,31.80011078,68.56697348
midpoint,0.7,0,avoidance_efficiency_ticks,74,184.3870194,9.019684751,0,2297,0.9594594595,103.4003999,269.1412613
midpoint,0.7,25,avoidance_efficiency_ticks,74,179.4436346,8.09680479,0,3526,0.9324324324,89.61017204,291.2392937
midpoint,0.7,50,avoidance_efficiency_ticks,74,133.8284927,6.311717172,0,3526,0.8918918919,59.01242016,239.274507
midpoint,0.7,100,avoidance_efficiency_ticks,73,62.78478947,5.422885572,0,758.3333333,0.8767123288,37.12853266,95.95984811
midpoint,0.8,0,avoidance_efficiency_ticks,50,51.17949243,3.221231265,0,1333,0.86,16.13416459,100.5566848
midpoint,0.8,25,avoidance_efficiency_ticks,48,73.54672911,2.593029305,0,1221.5,0.8333333333,26.62232177,136.9534203
midpoint,0.8,50,avoidance_efficiency_ticks,45,59.15884507,2.42712671,0,1212,0.8222222222,19.93655536,113.0512895
midpoint,0.8,100,avoidance_efficiency_ticks,43,28.36089332,2.354581673,0,325.6666667,0.7209302326,13.83809431,46.83294751
midpoint,0.9,0,avoidance_efficiency_ticks,8,0.7128227764,0.2059596229,0,2.765171504,0.625,0.1934496602,1.288908208
midpoint,0.9,25,avoidance_efficiency_ticks,5,0.6257916334,0.09822485207,0,2.765171504,0.6,0.03928994083,1.678747873
midpoint,0.9,50,avoidance_efficiency_ticks,5,0.6257916334,0.09822485207,0,2.765171504,0.6,0.03928994083,1.678747873
midpoint,0.9,100,avoidance_efficiency_ticks,5,0.07275733264,0,0,0.2655618111,0.4,0,0.1593370867
optimistic,0.1,0,avoidance_efficiency_ticks,120,10.65152885,5.884834636,0.7660797904,39.14285714,1,9.240571915,12.25793197
optimistic,0.1,25,avoidance_efficiency_ticks,120,10.28258227,5.497273526,0.8172791698,37.81938326,1,8.999734198,11.80482994
optimistic,0.1,50,avoidance_efficiency_ticks,120,10.02118377,5.833726606,0.7987639541,36.95495495,1,8.765076152,11.44477227
optimistic,0.1,100,avoidance_efficiency_ticks,120,9.810688313,5.481710909,0.706429193,44.7,1,8.554642654,11.18079573
optimistic,0.2,0,avoidance_efficiency_ticks,120,18.58626491,8.132524538,0.7133026889,312,1,15.74061553,21.83029995
optimistic,0.2,25,avoidance_efficiency_ticks,120,17.47556861,7.488151183,0.7634314593,312,1,14.86063913,20.6359983
optimistic,0.2,50,avoidance_efficiency_ticks,120,16.49072359,7.669167846,0.7308263236,312,1,13.99007327,19.46302478
optimistic,0.2,100,avoidance_efficiency_ticks,119,16.06544005,7.082299887,0.6491808571,125.1538462,1,13.21498332,19.0732068
optimistic,0.3,0,avoidance_efficiency_ticks,119,27.40954192,8.961783439,0,215,0.9915966387,22.73184194,32.90820885
optimistic,0.3,25,avoidance_efficiency_ticks,119,26.49550248,8.851591567,0,175,0.9915966387,21.96868416,31.45306494
optimistic,0.3,50,avoidance_efficiency_ticks,119,24.75302197,7.782167043,0,175,0.9915966387,20.40673684,29.51052915
optimistic,0.3,100,avoidance_efficiency_ticks,119,22.55494378,8.415714286,0,185,0.9915966387,18.44965533,26.77734989
optimistic,0.4,0,avoidance_efficiency_ticks,115,46.23690735,8.142857143,0,539.6,0.9826086957,34.83412042,58.69954671
optimistic,0.4,25,avoidance_efficiency_ticks,115,46.1892216,8.624678663,0,497,0.9739130435,36.02466376,57.47573006
optimistic,0.4,50,avoidance_efficiency_ticks,115,40.06105671,7.83202785,0,497,0.9652173913,30.28872301,51.60851387
optimistic,0.4,100,avoidance_efficiency_ticks,115,35.5828932,8.177625123,0,490.4,0.9391304348,26.24452865,46.43114016
optimistic,0.5,0,avoidance_efficiency_ticks,107,57.22319805,8.030534351,0,647.25,0.9345794393,41.80975188,73.93037252
optimistic,0.5,25,avoidance_efficiency_ticks,106,59.81396506,8.850160876,0,594,0.9245283019,42.64252065,74.81769239
optimistic,0.5,50,avoidance_efficiency_ticks,106,50.150711,7.370528597,0,594,0.9056603774,36.42083435,63.30712272
optimistic,0.5,100,avoidance_efficiency_ticks,104,50.54253359,6.214560485,0,594,0.8942307692,35.59012296,67.36390618
optimistic,0.6,0,avoidance_efficiency_ticks,83,94.22393455,9.830188679,0,1095.5,0.9277108434,65.09331852,127.2305166
optimistic,0.6,25,avoidance_efficiency_ticks,81,96.53543284,8.9140625,0,843,0.9012345679,70.42283106,124.0838743
optimistic,0.6,50,avoidance_efficiency_ticks,81,85.00755612,8.6640625,0,511.5,0.8888888889,64.28442523,109.4463531
optimistic,0.6,100,avoidance_efficiency_ticks,80,93.9624992,7.193478945,0,1639,0.8875,61.37779359,137.3723797
optimistic,0.7,0,avoidance_efficiency_ticks,62,172.4913448,7.43758876,0,2611,0.9032258065,95.41555314,244.8644869
optimistic,0.7,25,avoidance_efficiency_ticks,58,138.5117168,15.59649123,0,1192,0.9137931034,90.59626171,191.8383408
optimistic,0.7,50,avoidance_efficiency_ticks,56,113.2929005,10.926951,0,1192,0.8928571429,68.55096587,162.4277723
optimistic,0.7,100,avoidance_efficiency_ticks,51,72.10835255,3,0,664,0.8039215686,39.14602609,109.2826325
optimistic,0.8,0,avoidance_efficiency_ticks,30,36.92361298,3.537831663,0,255,0.7666666667,17.10813018,59.41496029
optimistic,0.8,25,avoidance_efficiency_ticks,27,28.79123507,0.3916513198,0,255,0.5925925926,9.395868346,51.22247135
optimistic,0.8,50,avoidance_efficiency_ticks,26,22.83189174,0.2044386947,0,227,0.5384615385,7.330257178,41.47804503
optimistic,0.8,100,avoidance_efficiency_ticks,24,13.2272564,0,0,91.5,0.4583333333,4.254062769,21.52238657
optimistic,0.9,0,avoidance_efficiency_ticks,5,0.05311236222,0,0,0.2655618111,0.2,0,0.1593370867
optimistic,0.9,25,avoidance_efficiency_ticks,4,0.06639045278,0,0,0.2655618111,0.25,0,0.1327809056
optimistic,0.9,50,avoidance_efficiency_ticks,3,0.08852060371,0,0,0.2655618111,0.3333333333,0,0.1770412074
optimistic,0.9,100,avoidance_efficiency_ticks,3,0.08852060371,0,0,0.2655618111,0.3333333333,0,0.1770412074
conservative,0.1,0,net_markout_lift_over_random,120,0.9450351555,0.9670219278,0.6780241275,1.115429976,1,0.9328685325,0.9563173868
conservative,0.1,25,net_markout_lift_over_random,120,0.9431150807,0.9657349765,0.6784932578,1.119714078,1,0.9301607973,0.9547709099
conservative,0.1,50,net_markout_lift_over_random,120,0.9393751741,0.9632065573,0.6034678439,1.111665084,1,0.9256524597,0.9517357179
conservative,0.1,100,net_markout_lift_over_random,120,0.9361307718,0.9644352587,0.5888314678,1.133704091,1,0.9216216784,0.9493021218
conservative,0.2,0,net_markout_lift_over_random,120,0.8956051619,0.9104590096,0.3983701647,1.261811477,1,0.8771054434,0.9109498414
conservative,0.2,25,net_markout_lift_over_random,120,0.8934207061,0.9121587238,0.4071234466,1.261811477,1,0.873980569,0.9092937023
conservative,0.2,50,net_markout_lift_over_random,120,0.8891124999,0.9125289409,0.4071234466,1.261811477,1,0.8695253116,0.906506058
conservative,0.2,100,net_markout_lift_over_random,120,0.8833228538,0.9007973543,0.4263245524,1.261811477,1,0.8635855456,0.9014069276
conservative,0.3,0,net_markout_lift_over_random,120,0.8423441422,0.8686738409,0.3984459634,1.226079584,1,0.8180199143,0.8669493085
conservative,0.3,25,net_markout_lift_over_random,120,0.8379753972,0.8631451751,0.217841648,1.233539146,1,0.8111902649,0.8646758482
conservative,0.3,50,net_markout_lift_over_random,120,0.8332469072,0.8522015077,0.217841648,1.333172965,1,0.8052539624,0.8627603994
conservative,0.3,100,net_markout_lift_over_random,120,0.8212170833,0.8513094604,0.05263514868,1.363722506,1,0.7899441684,0.8534441106
conservative,0.4,0,net_markout_lift_over_random,119,0.8218083615,0.819441169,0.2282312345,1.747865843,1,0.7857229899,0.8564509467
conservative,0.4,25,net_markout_lift_over_random,119,0.8248293289,0.8261391125,0.146762394,1.883760335,1,0.789183252,0.8609141598
conservative,0.4,50,net_markout_lift_over_random,119,0.818033038,0.8233515259,0.1349408775,1.883760335,1,0.7804525121,0.8548744942
conservative,0.4,100,net_markout_lift_over_random,119,0.8025809918,0.8191735612,0.1314332135,1.883760335,1,0.7587673231,0.8449922781
conservative,0.5,0,net_markout_lift_over_random,116,0.8047957448,0.8013115015,-0.04423774758,2.294432824,0.9913793103,0.7547579556,0.8524860023
conservative,0.5,25,net_markout_lift_over_random,116,0.8008523114,0.7931086273,-0.2608033917,2.661107345,0.9827586207,0.7454119782,0.8547098624
conservative,0.5,50,net_markout_lift_over_random,116,0.7618962726,0.7716086917,-0.4148383281,2.661107345,0.9827586207,0.6970160393,0.8184086068
conservative,0.5,100,net_markout_lift_over_random,116,0.7437699591,0.7636464812,-0.4426055895,2.661107345,0.974137931,0.6782711189,0.8053149415
conservative,0.6,0,net_markout_lift_over_random,110,0.7976952299,0.7848211559,-0.4342020063,2.439772345,0.9727272727,0.7283993843,0.8576934545
conservative,0.6,25,net_markout_lift_over_random,108,0.8132886858,0.7792093776,-0.4342020063,3.378301929,0.9722222222,0.741698006,0.8887243962
conservative,0.6,50,net_markout_lift_over_random,107,0.7743652945,0.7724458296,-0.6967445244,3.378301929,0.953271028,0.7003157073,0.8491288308
conservative,0.6,100,net_markout_lift_over_random,103,0.7517010197,0.728598851,-0.6967445244,4.143844095,0.9514563107,0.6658318657,0.8549215455
conservative,0.7,0,net_markout_lift_over_random,95,0.8127574534,0.7877680625,-1.926012269,2.658144759,0.9578947368,0.7219840473,0.9044672479
conservative,0.7,25,net_markout_lift_over_random,91,0.8709833601,0.7962849949,-1.581685567,3.769396926,0.9450549451,0.7493118874,0.9960469698
conservative,0.7,50,net_markout_lift_over_random,88,0.8378507792,0.7982807933,-1.758661781,3.769396926,0.9318181818,0.7231972568,0.9548114476
conservative,0.7,100,net_markout_lift_over_random,84,0.8032709296,0.7203051425,-2.265155069,3.769396926,0.9166666667,0.6786965756,0.942265497
conservative,0.8,0,net_markout_lift_over_random,79,0.9641488778,0.8195221938,-5.791571302,10.83705171,0.9493670886,0.7085706098,1.237894431
conservative,0.8,25,net_markout_lift_over_random,74,1.220651319,0.8604875004,-3.956302387,26.96767375,0.9189189189,0.726779911,1.895387333
conservative,0.8,50,net_markout_lift_over_random,71,1.187961464,0.7661323387,-4.124341101,26.96767375,0.9014084507,0.6935524625,1.87129392
conservative,0.8,100,net_markout_lift_over_random,63,1.167889235,0.6641061268,-4.820934531,26.96767375,0.9206349206,0.592208951,2.058261777
conservative,0.9,0,net_markout_lift_over_random,39,1.622902128,1.0413333,-7.939520264,26.96767375,0.8461538462,0.6436079816,2.963677653
conservative,0.9,25,net_markout_lift_over_random,33,1.761863304,1.0413333,-12.51897248,26.96767375,0.8181818182,0.3413927179,3.449105685
conservative,0.9,50,net_markout_lift_over_random,29,1.831158781,0.8611466672,-12.51897248,26.96767375,0.7931034483,0.3062563253,3.756181911
conservative,0.9,100,net_markout_lift_over_random,20,1.947530053,0.6545361735,-12.51897248,26.96767375,0.7,-0.2085616418,4.662301372
midpoint,0.1,0,net_markout_lift_over_random,120,0.8719922016,0.8865605753,0.5673035792,1.165302131,1,0.8577962596,0.8857820498
midpoint,0.1,25,net_markout_lift_over_random,120,0.8685603795,0.8873660249,0.5657013228,1.196161049,1,0.8524410484,0.8837007792
midpoint,0.1,50,net_markout_lift_over_random,120,0.8641766944,0.8832674583,0.5009137938,1.23402589,1,0.8475401101,0.879796254
midpoint,0.1,100,net_markout_lift_over_random,120,0.8621577953,0.8801590957,0.4877290703,1.359276514,1,0.8449359798,0.8790308189
midpoint,0.2,0,net_markout_lift_over_random,120,0.8172372131,0.8213412171,0.2598097338,2.336455266,1,0.791933875,0.8399808176
midpoint,0.2,25,net_markout_lift_over_random,120,0.8074707223,0.81936066,0.2662314545,2.336455266,1,0.7838810154,0.8297243098
midpoint,0.2,50,net_markout_lift_over_random,120,0.7944708408,0.8147755191,0.281066473,2.336455266,1,0.7694620902,0.8186445276
midpoint,0.2,100,net_markout_lift_over_random,120,0.7889070315,0.7910512528,0.286055711,2.483720633,1,0.7633868706,0.8131541121
midpoint,0.3,0,net_markout_lift_over_random,120,0.7672902637,0.7825738314,0.06275335532,1.921581338,1,0.7307276676,0.8043027533
midpoint,0.3,25,net_markout_lift_over_random,120,0.7494693785,0.7736756048,0.0352631241,1.90509523,1,0.7114242804,0.7884017862
midpoint,0.3,50,net_markout_lift_over_random,120,0.7270926311,0.7486681884,-0.1532688816,1.971104228,0.9916666667,0.6881171736,0.7726741368
midpoint,0.3,100,net_markout_lift_over_random,120,0.7096760959,0.7335577682,-0.2188849264,2.100469512,0.9916666667,0.6666207112,0.7579386956
midpoint,0.4,0,net_markout_lift_over_random,119,0.7873397408,0.7526438773,0.02503942055,2.623849753,1,0.7341778817,0.8358718933
midpoint,0.4,25,net_markout_lift_over_random,119,0.7780777412,0.7362883271,0.02544587035,2.784493616,1,0.7215320232,0.8326549671
midpoint,0.4,50,net_markout_lift_over_random,119,0.7324367479,0.7065576142,0.02544587035,2.784493616,1,0.6764741452,0.7852172747
midpoint,0.4,100,net_markout_lift_over_random,119,0.7162500846,0.6749436144,-0.1374144046,2.888874417,0.9915966387,0.6513335681,0.7814138443
midpoint,0.5,0,net_markout_lift_over_random,116,0.8099262765,0.7389133691,-0.08202500125,3.526623009,0.974137931,0.7417849076,0.8822824715
midpoint,0.5,25,net_markout_lift_over_random,116,0.7890648016,0.7275776841,-0.06967490937,3.97712974,0.9655172414,0.7173518891,0.874040505
midpoint,0.5,50,net_markout_lift_over_random,116,0.699448336,0.6681964704,-0.2874090011,3.97712974,0.9482758621,0.6236563684,0.7796169522
midpoint,0.5,100,net_markout_lift_over_random,116,0.6717088892,0.6257047271,-0.3661757729,3.97712974,0.9482758621,0.5962557089,0.7548603856
midpoint,0.6,0,net_markout_lift_over_random,109,0.8266023517,0.7315710294,-1.165898174,3.858871723,0.9633027523,0.7308130215,0.9183001338
midpoint,0.6,25,net_markout_lift_over_random,106,0.8220205179,0.7009541872,-1.168368035,5.431891061,0.9622641509,0.7161684864,0.935479814
midpoint,0.6,50,net_markout_lift_over_random,105,0.7242047125,0.6590809422,-1.638957112,5.431891061,0.9428571429,0.6099920987,0.8387873971
midpoint,0.6,100,net_markout_lift_over_random,104,0.6316407848,0.5880830082,-2.250832947,5.431891061,0.9038461538,0.5285361278,0.7571116715
midpoint,0.7,0,net_markout_lift_over_random,96,0.8310890475,0.7324458207,-4.488809624,4.105845949,0.9479166667,0.6749523287,0.9831683054
midpoint,0.7,25,net_markout_lift_over_random,93,0.8362241952,0.6700470746,-4.415791995,6.060723374,0.9032258065,0.6312903568,1.022849089
midpoint,0.7,50,net_markout_lift_over_random,89,0.755535998,0.6296338847,-4.623202903,6.060723374,0.8764044944,0.5795967702,0.9438216613
midpoint,0.7,100,net_markout_lift_over_random,85,0.6560944447,0.5574753755,-5.865440777,6.060723374,0.8470588235,0.4474784213,0.8656189125
midpoint,0.8,0,net_markout_lift_over_random,78,0.9757670221,0.6956421051,-9.393093345,13.42814124,0.8333333333,0.5953239055,1.395403537
midpoint,0.8,25,net_markout_lift_over_random,74,1.275566369,0.5551832475,-6.613814287,33.41552129,0.7837837838,0.655970186,2.072612555
midpoint,0.8,50,net_markout_lift_over_random,69,1.171902463,0.5303140311,-6.565504521,33.41552129,0.7391304348,0.4923056558,2.154593577
midpoint,0.8,100,net_markout_lift_over_random,62,1.004896255,0.4385797649,-7.661648442,33.41552129,0.7258064516,0.2333900023,2.086960648
midpoint,0.9,0,net_markout_lift_over_random,34,1.961691978,1.499873342,-18.63546657,33.41552129,0.8529411765,0.2982941259,3.864745724
midpoint,0.9,25,net_markout_lift_over_random,28,2.165800183,1.736245036,-23.93091041,33.41552129,0.8571428571,-0.4384593634,4.833719989
midpoint,0.9,50,net_markout_lift_over_random,21,2.106885974,0.9618182621,-23.93091041,33.41552129,0.8095238095,-1.137202024,5.534692928
midpoint,0.9,100,net_markout_lift_over_random,14,1.985726298,0.5800794609,-23.93091041,33.41552129,0.6428571429,-2.751607214,7.224946908
optimistic,0.1,0,net_markout_lift_over_random,120,5.417857197,3.102908987,-3.483919152,268.78,0.9916666667,3.841626633,7.387275501
optimistic,0.1,25,net_markout_lift_over_random,120,5.295720613,2.959661419,-2.966755007,242.7185185,0.9916666667,3.713578032,7.221646766
optimistic,0.1,50,net_markout_lift_over_random,120,5.157776623,2.912388603,-4.071185235,242.7185185,0.9916666667,3.613604674,7.085242073
optimistic,0.1,100,net_markout_lift_over_random,120,4.972973998,2.908200352,-8.748592638,293.2755556,0.9916666667,3.530649761,6.765917921
optimistic,0.2,0,net_markout_lift_over_random,120,7.848723328,3.85722124,-6.331290584,626.1466667,0.9916666667,5.153043642,11.28600418
optimistic,0.2,25,net_markout_lift_over_random,120,7.683272609,3.689053185,-5.730510217,626.1466667,0.9916666667,4.933577952,11.14742249
optimistic,0.2,50,net_markout_lift_over_random,120,7.440262176,3.518758501,-8.509986762,626.1466667,0.9916666667,4.640994807,10.94365112
optimistic,0.2,100,net_markout_lift_over_random,120,7.679953252,3.164683294,-16.82547094,785.2,0.9916666667,4.44247895,12.03607547
optimistic,0.3,0,net_markout_lift_over_random,120,9.625402249,4.21683905,-13.39142935,593.9333333,0.9833333333,5.92031666,14.69100287
optimistic,0.3,25,net_markout_lift_over_random,120,9.501164086,3.933252249,-13.24570504,593.9333333,0.975,5.661506248,14.88307908
optimistic,0.3,50,net_markout_lift_over_random,120,9.329262564,3.365937708,-17.65381699,593.9333333,0.975,5.358147394,14.6458607
optimistic,0.3,100,net_markout_lift_over_random,120,7.773042032,3.240177091,-29.92958827,593.9333333,0.975,4.884774367,11.48055446
optimistic,0.4,0,net_markout_lift_over_random,119,8.752040616,4.099321546,-15.75740418,593.9333333,0.9663865546,6.280982371,11.67351526
optimistic,0.4,25,net_markout_lift_over_random,119,8.871281748,3.96809004,-14.42094673,593.9333333,0.9579831933,6.420811163,11.86981648
optimistic,0.4,50,net_markout_lift_over_random,119,8.038772707,3.865849863,-17.93970235,593.9333333,0.9411764706,5.712209489,10.95256678
optimistic,0.4,100,net_markout_lift_over_random,118,7.295104704,3.499484499,-30.9866929,593.9333333,0.906779661,4.882538449,10.38413962
optimistic,0.5,0,net_markout_lift_over_random,114,7.397409699,4.059197633,-34.41636101,123.75,0.9298245614,5.020902793,10.12778037
optimistic,0.5,25,net_markout_lift_over_random,112,7.482097808,4.005790855,-33.05828725,123.75,0.9017857143,5.148562335,10.03355486
optimistic,0.5,50,net_markout_lift_over_random,112,5.926747345,3.423512598,-35.49172517,123.75,0.8660714286,3.956515733,8.265815109
optimistic,0.5,100,net_markout_lift_over_random,112,5.339388795,2.942765908,-47.8157585,123.75,0.8303571429,3.252585687,7.756424658
optimistic,0.6,0,net_markout_lift_over_random,104,9.468229681,4.344771193,-52.04397312,189.75,0.9230769231,6.321833177,13.57458741
optimistic,0.6,25,net_markout_lift_over_random,101,9.507559429,3.912938046,-49.03002483,189.75,0.8910891089,5.91882769,13.53714104
optimistic,0.6,50,net_markout_lift_over_random,96,7.170846924,3.715252341,-53.10713952,189.75,0.8541666667,3.879022692,11.0565116
optimistic,0.6,100,net_markout_lift_over_random,91,5.862766335,3.533898649,-62.39152217,189.75,0.8351648352,2.562991119,9.906201652
optimistic,0.7,0,net_markout_lift_over_random,90,9.328355459,5.11189699,-102.5101229,189.75,0.9111111111,5.296597525,14.17658644
optimistic,0.7,25,net_markout_lift_over_random,84,10.12386497,5.244158737,-83.81984985,189.75,0.8928571429,5.335154966,15.08721987
optimistic,0.7,50,net_markout_lift_over_random,79,8.178668132,4.65361491,-85.37582553,189.75,0.835443038,4.218001633,13.68519314
optimistic,0.7,100,net_markout_lift_over_random,71,7.163179596,2.925701367,-86.68431631,189.75,0.7887323944,2.717266372,13.02807294
optimistic,0.8,0,net_markout_lift_over_random,60,8.175366831,5.029136343,-140.0527089,95.94195246,0.8166666667,2.503795045,13.25251817
optimistic,0.8,25,net_markout_lift_over_random,56,11.32074508,3.920039612,-84.90119698,238.7486322,0.75,4.062242862,19.81965204
optimistic,0.8,50,net_markout_lift_over_random,50,9.201014685,2.870131747,-88.99772893,238.7486322,0.7,1.594017099,17.79434992
optimistic,0.8,100,net_markout_lift_over_random,43,8.446905522,1.577311992,-88.99772893,238.7486322,0.6279069767,-0.479462408,19.34800307
optimistic,0.9,0,net_markout_lift_over_random,19,17.73260085,10.83025348,-152.6161837,238.7486322,0.7368421053,-6.935565901,45.50271335
optimistic,0.9,25,net_markout_lift_over_random,13,20.60445002,10.83025348,-152.6161837,238.7486322,0.6923076923,-16.00799539,59.26014935
optimistic,0.9,50,net_markout_lift_over_random,9,26.05656427,14.89448312,-152.6161837,238.7486322,0.6666666667,-27.0320883,89.06891817
optimistic,0.9,100,net_markout_lift_over_random,6,33.07087738,29.58255057,-152.6161837,238.7486322,0.5,-45.28649575,116.9290395
