queue_cell,threshold,latency_ms,mechanism_name,eligible_opportunities,baseline_fills,baseline_fill_rate,baseline_unfilled,cancelled_opportunities,cancel_rate,orders_unaffected,fills_prevented,surviving_fills,surviving_fill_rate,fill_rate_reduction,adverse_fills_avoided,favourable_fills_sacrificed,non_negative_fills_sacrificed,prevented_fills_markout_censored,cancel_too_late,cancel_too_late_rate,cancel_without_baseline_fill,unnecessary_cancel_rate,total_baseline_negative_ticks,total_baseline_positive_ticks,adverse_markout_avoided,favourable_markout_sacrificed,net_markout_preserved,net_per_eligible_opportunity,net_per_baseline_fill,net_per_cancelled_order,avoidance_efficiency_ticks,fraction_baseline_negative_removed,fraction_baseline_positive_removed,prevented_share_of_baseline_fills,baseline_negative_to_positive_ratio,random_match_adverse_avoided,random_match_favourable_sacrificed,random_match_net_markout,net_markout_lift_over_random,avoidance_efficiency_lift,catastrophic_25_avoided,catastrophic_25_avoidance_efficiency,catastrophic_25_random_match,catastrophic_25_avoidance_lift,catastrophic_50_avoided,catastrophic_50_avoidance_efficiency,catastrophic_50_random_match,catastrophic_50_avoidance_lift,catastrophic_100_avoided,catastrophic_100_avoidance_efficiency,catastrophic_100_random_match,catastrophic_100_avoidance_lift,baseline_observed,baseline_mean,baseline_median,baseline_p1,baseline_p5,baseline_p10,baseline_p25,baseline_p50,baseline_p75,baseline_p90,baseline_frac_favourable,baseline_cat_25_rate,baseline_cat_50_rate,baseline_cat_100_rate,surviving_observed,surviving_mean,surviving_median,surviving_p1,surviving_p5,surviving_p10,surviving_p25,surviving_p50,surviving_p75,surviving_p90,surviving_frac_favourable,surviving_cat_25_rate,surviving_cat_50_rate,surviving_cat_100_rate,baseline_cat_25_per_opportunity,surviving_cat_25_per_opportunity,baseline_cat_50_per_opportunity,surviving_cat_50_per_opportunity,baseline_cat_100_per_opportunity,surviving_cat_100_per_opportunity
conservative,0.3,0,at_quote,58358,58358,1,0,35421,0.6069604853,22937,19796,38562,0.6607834401,0.3392165599,12788,7007,7007,1,15625,0.441122498,0,0,2915326,396252.5,1017048.5,201239,815809.5,13.97939443,13.97939443,23.03180317,5.053933383,0.3488627001,0.5078554709,0.3392165599,7.357243172,988926.8566,134415.4099,854511.4467,0.9547086855,0.6869330352,9728,1.38832596,9636.124816,1.009534454,6911,0.9862994149,6720.8977,1.028285254,3492,0.4983587841,3273.779019,1.066657212,58357,-43.16660384,-22.5,-319.5,-192.5,-138.5,-72.5,-22.5,0.5,0.5,0.3516459037,0.4867796494,0.339513683,0.1653786178,38562,-44.16949328,-22.5,-319.5,-190.5,-135.5,-71.5,-22.5,0.5,0.5,0.3504486282,0.4843887765,0.334578082,0.1597168197,0.4867713081,0.3200760821,0.3395078652,0.2210836561,0.165375784,0.1055382295
conservative,0.3,0,trade_through,218597,218597,1,0,104861,0.4797000874,113736,56713,161884,0.7405591111,0.2594408889,52059,4654,4654,0,48148,0.4591602216,0,0,14466607,1216793.5,3679425.5,358997.5,3320428,15.18972356,15.18972356,31.66504229,10.24916747,0.2543392172,0.2950356819,0.2594408889,11.88912252,3753229.38,315685.9873,3437543.393,0.9659304976,0.8620625667,39293,8.442844865,40276.64136,0.9755778702,25957,5.577352815,26555.85051,0.9774493944,11676,2.508809626,11768.23872,0.9921620623,218582,-60.61712996,-45.5,-324.5,-194.5,-147.5,-89.5,-45.5,-20.5,-2.5,0.0685692326,0.7102323156,0.4682819262,0.2075193749,161869,-61.34210689,-46.5,-328.5,-193.5,-146.5,-89.5,-46.5,-21.5,-3.5,0.06384174857,0.716326165,0.4719927843,0.2080941996,0.7101835798,0.5304327141,0.468249793,0.3495061689,0.207505135,0.1540917762
conservative,0.3,0,unfilled,151579,0,0,151579,8053,0.05312741211,143526,0,0,0,0,0,0,0,0,0,,8053,1,-0,0,0,0,0,0,,0,,,,,,,,,,,0,,,,0,,,,0,,,,0,,,,,,,,,,,,,,0,,,,,,,,,,,,,,0,0,0,0,0,0
conservative,0.3,50,at_quote,58358,58358,1,0,35421,0.6069604853,22937,18744,39614,0.6788101032,0.3211898968,11990,6753,6753,1,16677,0.4708223935,0,0,2915326,396252.5,951822,190178,761644,13.05123548,13.05123548,21.50261145,5.004900672,0.3264890444,0.4799414515,0.3211898968,7.357243172,936373.2572,127272.2996,809100.9576,0.9413460617,0.6802684858,9119,1.350362802,9124.0414,0.9994474598,6466,0.9575003702,6363.735426,1.016069897,3250,0.4812675848,3099.803694,1.048453489,58357,-43.16660384,-22.5,-319.5,-192.5,-138.5,-72.5,-22.5,0.5,0.5,0.3516459037,0.4867796494,0.339513683,0.1653786178,39614,-44.36384864,-23.5,-319.5,-191.5,-136.5,-71.5,-23.5,0.5,0.5,0.3475538951,0.4868985712,0.3369263392,0.1615842884,0.4867713081,0.3305116694,0.3395078652,0.2287090031,0.165375784,0.1096850475
conservative,0.3,50,trade_through,218597,218597,1,0,104861,0.4797000874,113736,50382,168215,0.7695210822,0.2304789178,46203,4179,4179,0,54479,0.5195353849,0,0,14466607,1216793.5,3277315,321807.5,2955507.5,13.52034795,13.52034795,28.18500205,10.18408521,0.2265434459,0.2644717448,0.2304789178,11.88912252,3334247.926,280445.2491,3053802.677,0.9678122042,0.8565884649,34877,8.345776502,35780.46912,0.974749657,23088,5.524766691,23591.36107,0.9786633306,10451,2.500837521,10454.52371,0.9996629485,218582,-60.61712996,-45.5,-324.5,-194.5,-147.5,-89.5,-45.5,-20.5,-2.5,0.0685692326,0.7102323156,0.4682819262,0.2075193749,168200,-61.20277051,-46.5,-327.5,-193.5,-146.5,-89.5,-46.5,-21.5,-3.5,0.0642627824,0.7156183115,0.4712841855,0.2075445898,0.7101835798,0.5506342722,0.468249793,0.3626307772,0.207505135,0.1596956957
conservative,0.3,50,unfilled,151579,0,0,151579,8053,0.05312741211,143526,0,0,0,0,0,0,0,0,0,,8053,1,-0,0,0,0,0,0,,0,,,,,,,,,,,0,,,,0,,,,0,,,,0,,,,,,,,,,,,,,0,,,,,,,,,,,,,,0,0,0,0,0,0
conservative,0.3,100,at_quote,58358,58358,1,0,35421,0.6069604853,22937,17830,40528,0.6944720518,0.3055279482,11326,6503,6503,1,17591,0.4966262951,0,0,2915326,396252.5,896053.5,179932.5,716121,12.27117105,12.27117105,20.2174134,4.979942478,0.3073596229,0.4540854632,0.3055279482,7.357243172,890713.5711,121066.2133,769647.3578,0.9304533989,0.6768761562,8612,1.324311856,8679.132424,0.9922650767,6100,0.9380286022,6053.425237,1.007693952,3059,0.4703982777,2948.650228,1.037423826,58357,-43.16660384,-22.5,-319.5,-192.5,-138.5,-72.5,-22.5,0.5,0.5,0.3516459037,0.4867796494,0.339513683,0.1653786178,40528,-44.48658952,-23.5,-319.5,-191.5,-136.5,-72.5,-23.5,0.5,0.5,0.3458843269,0.4884277537,0.3383586656,0.1626529807,0.4867713081,0.3391994242,0.3395078652,0.2349806368,0.165375784,0.1129579492
conservative,0.3,100,trade_through,218597,218597,1,0,104861,0.4797000874,113736,45833,172764,0.7903310658,0.2096689342,41987,3846,3846,0,59028,0.562916623,0,0,14466607,1216793.5,2976168,300012.5,2676155.5,12.24241641,12.24241641,25.52098015,9.920146661,0.2057267471,0.2465599134,0.2096689342,11.88912252,3033198.071,255123.7962,2778074.274,0.9633131571,0.8343884627,31650,8.229329173,32549.84401,0.9723548901,20982,5.455538222,21461.29276,0.9776671066,9469,2.462038482,9510.582853,0.9956277282,218582,-60.61712996,-45.5,-324.5,-194.5,-147.5,-89.5,-45.5,-20.5,-2.5,0.0685692326,0.7102323156,0.4682819262,0.2075193749,172749,-61.20821539,-46.5,-327.5,-193.5,-146.5,-89.5,-46.5,-21.5,-3.5,0.06449820259,0.7154542139,0.4710649555,0.2077638655,0.7101835798,0.5653965974,0.468249793,0.3722649442,0.207505135,0.1641879806
conservative,0.3,100,unfilled,151579,0,0,151579,8053,0.05312741211,143526,0,0,0,0,0,0,0,0,0,,8053,1,-0,0,0,0,0,0,,0,,,,,,,,,,,0,,,,0,,,,0,,,,0,,,,,,,,,,,,,,0,,,,,,,,,,,,,,0,0,0,0,0,0
conservative,0.5,0,at_quote,58358,58358,1,0,25619,0.438997224,32739,5897,52461,0.8989513006,0.1010486994,3861,2035,2035,1,19722,0.7698192748,0,0,2915326,396252.5,314801.5,90363.5,224438,3.845882313,3.845882313,8.760607362,3.48372407,0.1079815774,0.2280452489,0.1010486994,7.357243172,294589.9006,40040.79976,254549.1009,0.8817080839,0.4735094367,2867,1.408845209,2870.490404,0.9987840391,2083,1.023587224,2002.077881,1.040419066,1128,0.5542997543,975.220998,1.156660903,58357,-43.16660384,-22.5,-319.5,-192.5,-138.5,-72.5,-22.5,0.5,0.5,0.3516459037,0.4867796494,0.339513683,0.1653786178,52461,-43.73983531,-23.5,-319.5,-190.5,-137.5,-71.5,-23.5,0.5,0.5,0.3523760508,0.4868378414,0.3379653457,0.1624635443,0.4867713081,0.4376435107,0.3395078652,0.3038143871,0.165375784,0.1460468145
conservative,0.5,0,trade_through,218597,218597,1,0,78676,0.359913448,139921,18493,200104,0.9154014008,0.08459859925,16438,2055,2055,0,60183,0.7649473791,0,0,14466607,1216793.5,1244522.5,173018,1071504.5,4.901734699,4.901734699,13.61920408,7.193023269,0.08602725573,0.1421917523,0.08459859925,11.88912252,1223854.688,102939.0257,1120915.662,0.9559189294,0.6050087598,12309,5.989781022,13133.42494,0.9372269651,8439,4.106569343,8659.343422,0.9745542576,4134,2.011678832,3837.392462,1.077294033,218582,-60.61712996,-45.5,-324.5,-194.5,-147.5,-89.5,-45.5,-20.5,-2.5,0.0685692326,0.7102323156,0.4682819262,0.2075193749,200089,-60.86446032,-46.5,-323.5,-192.5,-146.5,-89.5,-46.5,-21.5,-3.5,0.06463623687,0.7143571111,0.4693861232,0.206038313,0.7101835798,0.6538744814,0.468249793,0.4296445056,0.207505135,0.1885936221
conservative,0.5,0,unfilled,151579,0,0,151579,1724,0.01137360716,149855,0,0,0,0,0,0,0,0,0,,1724,1,-0,0,0,0,0,0,,0,,,,,,,,,,,0,,,,0,,,,0,,,,0,,,,,,,,,,,,,,0,,,,,,,,,,,,,,0,0,0,0,0,0
conservative,0.5,50,at_quote,58358,58358,1,0,25619,0.438997224,32739,5384,52974,0.9077418692,0.09225813085,3449,1934,1934,1,20235,0.7898434755,0,0,2915326,396252.5,280386.5,84835,195551.5,3.350894479,3.350894479,7.633065303,3.30508045,0.0961767226,0.2140932865,0.09225813085,7.357243172,268962.5276,36557.51499,232405.0126,0.8414254832,0.4492281107,2555,1.321096174,2620.776723,0.9749018211,1851,0.9570837642,1827.910346,1.012631721,993,0.5134436401,890.3832208,1.115250127,58357,-43.16660384,-22.5,-319.5,-192.5,-138.5,-72.5,-22.5,0.5,0.5,0.3516459037,0.4867796494,0.339513683,0.1653786178,52974,-43.86155472,-23.5,-319.5,-190.5,-137.5,-72.5,-23.5,0.5,0.5,0.3508702382,0.4880129875,0.3390719976,0.163438668,0.4867713081,0.4429898214,0.3395078652,0.3077898489,0.165375784,0.148360122
conservative,0.5,50,trade_through,218597,218597,1,0,78676,0.359913448,139921,15301,203296,0.930003614,0.06999638604,13576,1725,1725,0,63375,0.8055188367,0,0,14466607,1216793.5,1029334.5,145130,884204.5,4.044906838,4.044906838,11.23855432,7.092499828,0.07115244784,0.1192724978,0.06999638604,11.88912252,1012610.208,85171.14756,927439.0608,0.9533828555,0.5965536832,10097,5.853333333,10866.51895,0.9291844096,6957,4.033043478,7164.690083,0.9710119935,3412,1.977971014,3175.036071,1.07463346,218582,-60.61712996,-45.5,-324.5,-194.5,-147.5,-89.5,-45.5,-20.5,-2.5,0.0685692326,0.7102323156,0.4682819262,0.2075193749,203281,-60.83012677,-46.5,-323.5,-192.5,-146.5,-89.5,-46.5,-21.5,-3.5,0.06524466133,0.7140214777,0.4693060345,0.2063547503,0.7101835798,0.6639935589,0.468249793,0.4364241046,0.207505135,0.1918965036
conservative,0.5,50,unfilled,151579,0,0,151579,1724,0.01137360716,149855,0,0,0,0,0,0,0,0,0,,1724,1,-0,0,0,0,0,0,,0,,,,,,,,,,,0,,,,0,,,,0,,,,0,,,,,,,,,,,,,,0,,,,,,,,,,,,,,0,0,0,0,0,0
conservative,0.5,100,at_quote,58358,58358,1,0,25619,0.438997224,32739,4972,53386,0.914801741,0.08519825902,3131,1840,1840,1,20647,0.8059252898,0,0,2915326,396252.5,254470,80206,174264,2.986120155,2.986120155,6.802139037,3.172705284,0.08728697923,0.2024113413,0.08519825902,7.357243172,248380.6997,33760.02313,214620.6765,0.8119627745,0.431235615,2315,1.258152174,2420.226944,0.956521869,1680,0.9130434783,1688.033106,0.9952411443,907,0.4929347826,822.2483978,1.103072992,58357,-43.16660384,-22.5,-319.5,-192.5,-138.5,-72.5,-22.5,0.5,0.5,0.3516459037,0.4867796494,0.339513683,0.1653786178,53386,-43.92180534,-23.5,-319.5,-190.5,-137.5,-72.5,-23.5,0.5,0.5,0.3499232008,0.4887423669,0.3396583374,0.1637882591,0.4867713081,0.4471023681,0.3395078652,0.3107200384,0.165375784,0.1498337846
conservative,0.5,100,trade_through,218597,218597,1,0,78676,0.359913448,139921,13036,205561,0.9403651468,0.05963485318,11524,1512,1512,0,65640,0.834307794,0,0,14466607,1216793.5,880730.5,131328,749402.5,3.428237807,3.428237807,9.525172861,6.706342136,0.06088023958,0.1079295706,0.05963485318,11.88912252,862713.9844,72563.30172,790150.6827,0.9484298583,0.5640737679,8589,5.680555556,9257.953147,0.9277428676,5938,3.927248677,6104.104302,0.9727880958,2886,1.908730159,2705.03694,1.066898554,218582,-60.61712996,-45.5,-324.5,-194.5,-147.5,-89.5,-45.5,-20.5,-2.5,0.0685692326,0.7102323156,0.4682819262,0.2075193749,205546,-60.81563738,-45.5,-323.5,-192.5,-146.5,-89.5,-45.5,-21.5,-3.5,0.06556196666,0.7134899244,0.4690920767,0.2066398762,0.7101835798,0.6708920982,0.468249793,0.4410856508,0.207505135,0.194302758
conservative,0.5,100,unfilled,151579,0,0,151579,1724,0.01137360716,149855,0,0,0,0,0,0,0,0,0,,1724,1,-0,0,0,0,0,0,,0,,,,,,,,,,,0,,,,0,,,,0,,,,0,,,,,,,,,,,,,,0,,,,,,,,,,,,,,0,0,0,0,0,0
conservative,0.7,0,at_quote,58358,58358,1,0,20445,0.3503375715,37913,647,57711,0.9889132595,0.01108674046,417,230,230,0,19798,0.9683541208,0,0,2915326,396252.5,39894,17385,22509,0.3857054731,0.3857054731,1.100953778,2.294736842,0.01368423291,0.04387354023,0.01108674046,7.357243172,32321.46273,4393.148626,27928.3141,0.8059562749,0.3119017258,319,1.386956522,314.9410364,1.012888011,247,1.073913043,219.6615888,1.124456949,148,0.6434782609,106.9981322,1.383201715,58357,-43.16660384,-22.5,-319.5,-192.5,-138.5,-72.5,-22.5,0.5,0.5,0.3516459037,0.4867796494,0.339513683,0.1653786178,57710,-43.26051811,-22.5,-319.5,-192.5,-137.5,-72.5,-22.5,0.5,0.5,0.3516028418,0.4867094091,0.3390400277,0.1646681684,0.4867713081,0.4813050482,0.3395078652,0.3352753693,0.165375784,0.1628397135
conservative,0.7,0,trade_through,218597,218597,1,0,65431,0.2993224976,153166,3143,215454,0.9856219436,0.01437805642,2724,419,419,0,62288,0.9519646651,0,0,14466607,1216793.5,220513.5,46563.5,173950,0.7957565749,0.7957565749,2.658525775,4.735758695,0.01524293153,0.03826738062,0.01437805642,11.88912252,208001.6917,17495.1256,190506.5661,0.9130918874,0.398327016,2112,5.040572792,2232.106991,0.9461912033,1463,3.491646778,1471.709099,0.9940823228,794,1.894988067,652.1886394,1.217439176,218582,-60.61712996,-45.5,-324.5,-194.5,-147.5,-89.5,-45.5,-20.5,-2.5,0.0685692326,0.7102323156,0.4682819262,0.2075193749,215439,-60.694041,-45.5,-324.5,-193.5,-146.5,-89.5,-45.5,-20.5,-2.5,0.06762471047,0.7107905254,0.4683228199,0.2068613389,0.7101835798,0.7005219651,0.468249793,0.4615571119,0.207505135,0.2038728802
conservative,0.7,0,unfilled,151579,0,0,151579,283,0.001867013241,151296,0,0,0,0,0,0,0,0,0,,283,1,-0,0,0,0,0,0,,0,,,,,,,,,,,0,,,,0,,,,0,,,,0,,,,,,,,,,,,,,0,,,,,,,,,,,,,,0,0,0,0,0,0
conservative,0.7,50,at_quote,58358,58358,1,0,20445,0.3503375715,37913,564,57794,0.9903355153,0.009664484732,355,209,209,0,19881,0.9724137931,0,0,2915326,396252.5,34222,15547.5,18674.5,0.3199989719,0.3199989719,0.9134018097,2.201125583,0.0117386529,0.03923634551,0.009664484732,7.357243172,28175.12362,3829.576236,24345.54738,0.7670601818,0.2991780388,270,1.291866029,274.5390178,0.9834667661,212,1.014354067,191.482436,1.107151154,126,0.6028708134,93.27194215,1.350888564,58357,-43.16660384,-22.5,-319.5,-192.5,-138.5,-72.5,-22.5,0.5,0.5,0.3516459037,0.4867796494,0.339513683,0.1653786178,57793,-43.26473794,-22.5,-319.5,-192.5,-137.5,-72.5,-22.5,0.5,0.5,0.3514612496,0.48685827,0.3391587216,0.1648123475,0.4867713081,0.4821446931,0.3395078652,0.3358751157,0.165375784,0.1632166969
conservative,0.7,50,trade_through,218597,218597,1,0,65431,0.2993224976,153166,2335,216262,0.9893182432,0.01068175684,2014,321,321,0,63096,0.9643135517,0,0,14466607,1216793.5,168427,35417,133010,0.6084712965,0.6084712965,2.032828476,4.755541124,0.01164246737,0.02910682873,0.01068175684,11.88912252,154528.7783,12997.49229,141531.286,0.9397922097,0.3999909259,1567,4.881619938,1658.278659,0.9449557778,1086,3.38317757,1093.363267,0.9932654893,612,1.906542056,484.5244903,1.263094048,218582,-60.61712996,-45.5,-324.5,-194.5,-147.5,-89.5,-45.5,-20.5,-2.5,0.0685692326,0.7102323156,0.4682819262,0.2075193749,216247,-60.65658021,-45.5,-324.5,-193.5,-147.5,-89.5,-45.5,-20.5,-2.5,0.06782521838,0.7106549455,0.4683163235,0.2069300383,0.7101835798,0.7030151374,0.468249793,0.4632817468,0.207505135,0.2047054626
conservative,0.7,50,unfilled,151579,0,0,151579,283,0.001867013241,151296,0,0,0,0,0,0,0,0,0,,283,1,-0,0,0,0,0,0,,0,,,,,,,,,,,0,,,,0,,,,0,,,,0,,,,,,,,,,,,,,0,,,,,,,,,,,,,,0,0,0,0,0,0
conservative,0.7,100,at_quote,58358,58358,1,0,20445,0.3503375715,37913,512,57846,0.9912265671,0.008773432948,312,200,200,0,19933,0.9749572022,0,0,2915326,396252.5,30360.5,15229,15131.5,0.2592875013,0.2592875013,0.7401076058,1.993597741,0.0104141012,0.03843256509,0.008773432948,7.357243172,25577.41718,3476.494739,22100.92244,0.6846546807,0.2709707556,235,1.175,249.2269098,0.9429158361,180,0.9,173.828027,1.035506202,111,0.555,84.67240138,1.310934829,58357,-43.16660384,-22.5,-319.5,-192.5,-138.5,-72.5,-22.5,0.5,0.5,0.3516459037,0.4867796494,0.339513683,0.1653786178,57845,-43.28709482,-22.5,-319.5,-192.5,-137.5,-72.5,-22.5,0.5,0.5,0.3513008903,0.4870256721,0.339407036,0.1649235025,0.4867713081,0.4827444395,0.3395078652,0.3364234552,0.165375784,0.1634737311
conservative,0.7,100,trade_through,218597,218597,1,0,65431,0.2993224976,153166,1721,216876,0.9921270649,0.007872935127,1472,249,249,0,63710,0.9736974828,0,0,14466607,1216793.5,126769.5,28689,98080.5,0.4486818209,0.4486818209,1.498991304,4.418749346,0.008762904806,0.02357754212,0.007872935127,11.88912252,113894.6584,9579.736289,104314.9221,0.9402346088,0.3716632022,1120,4.497991968,1222.225941,0.9163608483,794,3.18875502,805.8578937,0.9852853787,445,1.787148594,357.1163374,1.246092529,218582,-60.61712996,-45.5,-324.5,-194.5,-147.5,-89.5,-45.5,-20.5,-2.5,0.0685692326,0.7102323156,0.4682819262,0.2075193749,216861,-60.64591144,-45.5,-324.5,-193.5,-147.5,-89.5,-45.5,-20.5,-2.5,0.06796519429,0.7107040916,0.4683368609,0.2071142345,0.7101835798,0.7050599962,0.468249793,0.4646175382,0.207505135,0.2054694255
conservative,0.7,100,unfilled,151579,0,0,151579,283,0.001867013241,151296,0,0,0,0,0,0,0,0,0,,283,1,-0,0,0,0,0,0,,0,,,,,,,,,,,0,,,,0,,,,0,,,,0,,,,,,,,,,,,,,0,,,,,,,,,,,,,,0,0,0,0,0,0
midpoint,0.3,0,at_quote,260091,260091,1,0,132048,0.5076992283,128043,63538,196553,0.7557085789,0.2442914211,39934,23598,23598,6,68510,0.5188264873,0,0,11836540,1401129.5,2895264.5,535469,2359795.5,9.072961002,9.072961002,17.87074019,5.406969404,0.2446039552,0.3821695282,0.2442914211,8.447855819,2891565.177,342283.9167,2549281.261,0.9256709083,0.6400404458,30399,1.28820239,30814.91985,0.9865026469,20479,0.867827782,20586.19376,0.9947929295,9398,0.3982540893,9231.772803,1.018005989,260073,-40.12492839,-22.5,-286.5,-170.5,-123.5,-67.5,-22.5,0.5,0.5,0.3665701553,0.4850176681,0.3240205635,0.1453053566,196541,-41.08870414,-22.5,-286.5,-169.5,-123.5,-67.5,-22.5,0.5,0.5,0.3649976341,0.4871299118,0.3245633227,0.1444584082,0.4849841017,0.3681057784,0.3239981391,0.2452603127,0.1452953005,0.1091617934
midpoint,0.3,0,trade_through,44971,44971,1,0,13625,0.3029730271,31346,3926,41045,0.9126992951,0.0873007049,3381,545,545,0,9699,0.711853211,0,0,2959783,549112,268270.5,79432.5,188838,4.199106091,4.199106091,13.85966972,3.37733925,0.09063857046,0.1446562814,0.0873007049,5.39012624,258391.1422,47937.86467,210453.2776,0.8972917988,0.6265788777,2489,4.566972477,2618.322741,0.9506085559,1708,3.133944954,1735.363412,0.9842318838,827,1.517431193,791.9046941,1.044317588,44968,-53.60858833,-41.5,-377.5,-200.5,-147.5,-86.5,-41.5,-16.5,4.5,0.1103228963,0.6669631738,0.4420476783,0.201721224,41042,-54.13559281,-41.5,-374.5,-199.5,-146.5,-86.5,-41.5,-16.5,1.5,0.1075970957,0.6701184153,0.4427172165,0.2008674041,0.6669186809,0.6115719019,0.4420181895,0.4040381579,0.2017077672,0.1833181384
midpoint,0.3,0,unfilled,123472,0,0,123472,2662,0.02155954386,120810,0,0,0,0,0,0,0,0,0,,2662,1,-0,0,0,0,0,0,,0,,,,,,,,,,,0,,,,0,,,,0,,,,0,,,,,,,,,,,,,,0,,,,,,,,,,,,,,0,0,0,0,0,0
midpoint,0.3,50,at_quote,260091,260091,1,0,132048,0.5076992283,128043,54990,205101,0.7885739991,0.2114260009,33591,21395,21395,4,77058,0.5835605234,0,0,11836540,1401129.5,2458696.5,480983,1977713.5,7.603929009,7.603929009,14.97723176,5.111815802,0.2077208796,0.3432823304,0.2114260009,8.447855819,2502552.317,296235.2069,2206317.11,0.8963867847,0.6051021598,25620,1.197476046,26669.27575,0.9606560087,17393,0.8129469502,17816.65767,0.97622126,8040,0.3757887357,7989.788574,1.00628445,260073,-40.12492839,-22.5,-286.5,-170.5,-123.5,-67.5,-22.5,0.5,0.5,0.3665701553,0.4850176681,0.3240205635,0.1453053566,205087,-41.23955687,-23.5,-286.5,-169.5,-123.5,-67.5,-23.5,0.5,0.5,0.3605299214,0.4901334556,0.3260860025,0.145060389,0.4849841017,0.3864801166,0.3239981391,0.2571253907,0.1452953005,0.1143830429
midpoint,0.3,50,trade_through,44971,44971,1,0,13625,0.3029730271,31346,3129,41842,0.9304218274,0.0695781726,2688,441,441,0,10496,0.7703486239,0,0,2959783,549112,219846.5,65512.5,154334,3.431856085,3.431856085,11.32726606,3.355794696,0.07427791159,0.1193062617,0.0695781726,5.39012624,205936.2924,38206.20951,167730.0829,0.9201330931,0.6225818369,1983,4.496598639,2086.788553,0.9502639822,1378,3.124716553,1383.074915,0.9963307013,670,1.519274376,631.1436037,1.061565064,44968,-53.60858833,-41.5,-377.5,-200.5,-147.5,-86.5,-41.5,-16.5,4.5,0.1103228963,0.6669631738,0.4420476783,0.201721224,41839,-53.9290375,-41.5,-374.5,-199.5,-146.5,-86.5,-41.5,-16.5,2.5,0.1080331748,0.6694471665,0.44217118,0.200793518,0.6669186809,0.6228235974,0.4420181895,0.4113762202,0.2017077672,0.1868092771
midpoint,0.3,50,unfilled,123472,0,0,123472,2662,0.02155954386,120810,0,0,0,0,0,0,0,0,0,,2662,1,-0,0,0,0,0,0,,0,,,,,,,,,,,0,,,,0,,,,0,,,,0,,,,,,,,,,,,,,0,,,,,,,,,,,,,,0,0,0,0,0,0
midpoint,0.3,100,at_quote,260091,260091,1,0,132048,0.5076992283,128043,48474,211617,0.8136267691,0.1863732309,29035,19435,19435,4,83574,0.6329062159,0,0,11836540,1401129.5,2145342,437058.5,1708283.5,6.568022346,6.568022346,12.93683736,4.908592328,0.1812473916,0.3119329798,0.1863732309,8.447855819,2206014.203,261133.0318,1944881.171,0.8783485211,0.5810459403,22277,1.146231026,23509.11935,0.9475897277,15145,0.779264214,15705.4858,0.9643127374,7006,0.3604836635,7043.044396,0.9947402865,260073,-40.12492839,-22.5,-286.5,-170.5,-123.5,-67.5,-22.5,0.5,0.5,0.3665701553,0.4850176681,0.3240205635,0.1453053566,211603,-41.24292661,-23.5,-286.5,-170.5,-123.5,-67.5,-23.5,0.5,0.5,0.3586905668,0.4908389768,0.3266683365,0.145479979,0.4849841017,0.3993333103,0.3239981391,0.2657685195,0.1452953005,0.1183585745
midpoint,0.3,100,trade_through,44971,44971,1,0,13625,0.3029730271,31346,2666,42305,0.9407173512,0.05928264882,2282,384,384,0,10959,0.8043302752,0,0,2959783,549112,188160,59947.5,128212.5,2.85100398,2.85100398,9.410091743,3.138746403,0.0635722281,0.1091717172,0.05928264882,5.39012624,175463.7762,32552.81386,142910.9623,0.8971495113,0.5823140801,1682,4.380208333,1778.005203,0.9460039807,1173,3.0546875,1178.420493,0.9954002046,564,1.46875,537.7529074,1.048808834,44968,-53.60858833,-41.5,-377.5,-200.5,-147.5,-86.5,-41.5,-16.5,4.5,0.1103228963,0.6669631738,0.4420476783,0.201721224,42302,-53.95627866,-41.5,-374.5,-199.5,-146.5,-86.5,-41.5,-16.5,2.5,0.1081981939,0.6692354971,0.4421776748,0.2011016028,0.6669186809,0.6295167997,0.4420181895,0.4159347135,0.2017077672,0.1891663516
midpoint,0.3,100,unfilled,123472,0,0,123472,2662,0.02155954386,120810,0,0,0,0,0,0,0,0,0,,2662,1,-0,0,0,0,0,0,,0,,,,,,,,,,,0,,,,0,,,,0,,,,0,,,,,,,,,,,,,,0,,,,,,,,,,,,,,0,0,0,0,0,0
midpoint,0.5,0,at_quote,260091,260091,1,0,94824,0.3645800893,165267,17858,242233,0.9313394158,0.06866058418,11760,6097,6097,1,76966,0.8116721505,0,0,11836540,1401129.5,885526,216931,668595,2.570619514,2.570619514,7.050904834,4.08206296,0.07481290985,0.154825803,0.06866058418,8.447855819,812703.7511,96202.36998,716501.3811,0.9331384665,0.4832069874,8837,1.449401345,8660.846088,1.020339111,6087,0.9983598491,5785.958768,1.052029619,2967,0.4866327702,2594.683476,1.143492078,260073,-40.12492839,-22.5,-286.5,-170.5,-123.5,-67.5,-22.5,0.5,0.5,0.3665701553,0.4850176681,0.3240205635,0.1453053566,242216,-40.32275118,-22.5,-285.5,-169.5,-123.5,-67.5,-22.5,0.5,0.5,0.3684232256,0.4842908809,0.3227780163,0.143768372,0.4849841017,0.451007532,0.3239981391,0.3005947918,0.1452953005,0.1338877547
midpoint,0.5,0,trade_through,44971,44971,1,0,10796,0.2400658202,34175,818,44153,0.9818105001,0.0181894999,653,165,165,0,9978,0.9242311967,0,0,2959783,549112,71377.5,43161,28216.5,0.6274376821,0.6274376821,2.613606891,1.653749913,0.02411578822,0.07860145107,0.0181894999,5.39012624,53836.97258,9988.072669,43848.89991,0.6434939088,0.3068109798,481,2.915151515,545.539481,0.8816960399,352,2.133333333,361.570879,0.9735297294,207,1.254545455,164.9969536,1.254568618,44968,-53.60858833,-41.5,-377.5,-200.5,-147.5,-86.5,-41.5,-16.5,4.5,0.1103228963,0.6669631738,0.4420476783,0.201721224,44150,-53.96272933,-41.5,-374.5,-199.5,-146.5,-86.5,-41.5,-16.5,2.5,0.1086296716,0.6684258211,0.4422650057,0.2007701019,0.6669186809,0.6562228992,0.4420181895,0.434190923,0.2017077672,0.1971048009
midpoint,0.5,0,unfilled,123472,0,0,123472,399,0.003231501879,123073,0,0,0,0,0,0,0,0,0,,399,1,-0,0,0,0,0,0,,0,,,,,,,,,,,0,,,,0,,,,0,,,,0,,,,,,,,,,,,,,0,,,,,,,,,,,,,,0,0,0,0,0,0
midpoint,0.5,50,at_quote,260091,260091,1,0,94824,0.3645800893,165267,14109,245982,0.9457536016,0.05424639838,8819,5289,5289,1,80715,0.8512085548,0,0,11836540,1401129.5,665401.5,180294.5,485107,1.865143354,1.865143354,5.115867291,3.690636708,0.05621587896,0.1286779702,0.05424639838,8.447855819,642089.6642,76006.22903,566083.4352,0.8569531801,0.4368725967,6579,1.243902439,6842.640691,0.9614709141,4522,0.8549820382,4571.289745,0.9892175409,2216,0.4189827945,2049.971395,1.080990694,260073,-40.12492839,-22.5,-286.5,-170.5,-123.5,-67.5,-22.5,0.5,0.5,0.3665701553,0.4850176681,0.3240205635,0.1453053566,245965,-40.45414388,-22.5,-285.86,-169.5,-123.5,-67.5,-22.5,0.5,0.5,0.3660927368,0.4860894843,0.3242209257,0.1446303336,0.4849841017,0.4596891088,0.3239981391,0.3066119166,0.1452953005,0.1367752056
midpoint,0.5,50,trade_through,44971,44971,1,0,10796,0.2400658202,34175,588,44383,0.9869249072,0.01307509284,468,120,120,0,10208,0.9455353835,0,0,2959783,549112,55898,34574.5,21323.5,0.4741611261,0.4741611261,1.975129678,1.616740661,0.018885844,0.06296438614,0.01307509284,5.39012624,38699.4375,7179.690378,31519.74713,0.6765124071,0.2999448602,342,2.85,392.1481844,0.8721192998,254,2.116666667,259.9066954,0.9772737851,152,1.266666667,118.6041671,1.281573858,44968,-53.60858833,-41.5,-377.5,-200.5,-147.5,-86.5,-41.5,-16.5,4.5,0.1103228963,0.6669631738,0.4420476783,0.201721224,44380,-53.83838441,-41.5,-374.5,-199.5,-146.5,-86.5,-41.5,-16.5,2.5,0.109080667,0.6680937359,0.4421811627,0.2009689049,0.6669186809,0.65931378,0.4420181895,0.4363701052,0.2017077672,0.1983278113
midpoint,0.5,50,unfilled,123472,0,0,123472,399,0.003231501879,123073,0,0,0,0,0,0,0,0,0,,399,1,-0,0,0,0,0,0,,0,,,,,,,,,,,0,,,,0,,,,0,,,,0,,,,,,,,,,,,,,0,,,,,,,,,,,,,,0,0,0,0,0,0
midpoint,0.5,100,at_quote,260091,260091,1,0,94824,0.3645800893,165267,11497,248594,0.9557962405,0.04420375945,6904,4593,4593,0,83327,0.8787543238,0,0,11836540,1401129.5,530691.5,155638,375053.5,1.442008758,1.442008758,3.955259217,3.40978103,0.04483501936,0.1110803819,0.04420375945,8.447855819,523219.5669,61935.19138,461284.3755,0.8130635241,0.4036268023,5187,1.129327237,5575.862217,0.9302597155,3577,0.7787938167,3725.006605,0.9602667536,1747,0.3803614196,1670.46007,1.045819671,260073,-40.12492839,-22.5,-286.5,-170.5,-123.5,-67.5,-22.5,0.5,0.5,0.3665701553,0.4850176681,0.3240205635,0.1453053566,248576,-40.47195626,-22.5,-286.5,-170.5,-123.5,-67.5,-22.5,0.5,0.5,0.3650473095,0.4865835801,0.3246170185,0.1449979081,0.4849841017,0.4650410818,0.3239981391,0.3102452603,0.1452953005,0.1385784206
midpoint,0.5,100,trade_through,44971,44971,1,0,10796,0.2400658202,34175,479,44492,0.9893486914,0.01065130862,373,106,106,0,10317,0.9556317155,0,0,2959783,549112,48205.5,32352,15853.5,0.3525271842,0.3525271842,1.468460541,1.490031528,0.01628683589,0.05891694226,0.01065130862,5.39012624,31525.56218,5848.76138,25676.8008,0.6174250492,0.2764372228,273,2.575471698,319.4540482,0.8545830036,208,1.962264151,211.7267128,0.9823984762,125,1.179245283,96.6180205,1.293754512,44968,-53.60858833,-41.5,-377.5,-200.5,-147.5,-86.5,-41.5,-16.5,4.5,0.1103228963,0.6669631738,0.4420476783,0.201721224,44489,-53.82942975,-41.5,-374.5,-199.5,-146.5,-86.5,-41.5,-16.5,2.5,0.1091280991,0.6680078222,0.4421317629,0.2010834139,0.6669186809,0.6608481021,0.4420181895,0.4373929866,0.2017077672,0.1989281982
midpoint,0.5,100,unfilled,123472,0,0,123472,399,0.003231501879,123073,0,0,0,0,0,0,0,0,0,,399,1,-0,0,0,0,0,0,,0,,,,,,,,,,,0,,,,0,,,,0,,,,0,,,,,,,,,,,,,,0,,,,,,,,,,,,,,0,0,0,0,0,0
midpoint,0.7,0,at_quote,260091,260091,1,0,76951,0.295861833,183140,2599,257492,0.9900073436,0.009992656416,1809,790,790,0,74352,0.9662252602,0,0,11836540,1401129.5,144886,40504.5,104381.5,0.4013268433,0.4013268433,1.356467102,3.57703465,0.0122405703,0.02890846278,0.009992656416,8.447855819,118278.4774,14001.00569,104277.4717,1.000997611,0.4234251539,1398,1.769620253,1260.47368,1.109106855,973,1.23164557,842.0711636,1.155484289,503,0.6367088608,377.622486,1.332018136,260073,-40.12492839,-22.5,-286.5,-170.5,-123.5,-67.5,-22.5,0.5,0.5,0.3665701553,0.4850176681,0.3240205635,0.1453053566,257474,-40.12455238,-22.5,-286.5,-170.5,-123.5,-67.5,-22.5,0.5,0.5,0.3672021253,0.4844838702,0.323512277,0.1448185059,0.4849841017,0.4796090599,0.3239981391,0.3202571408,0.1452953005,0.143361362
midpoint,0.7,0,trade_through,44971,44971,1,0,9160,0.2036868204,35811,114,44857,0.997465033,0.002534966979,85,29,29,0,9046,0.9875545852,0,0,2959783,549112,11858.5,19232,-7373.5,-0.1639612195,-0.1639612195,-0.8049672489,0.6166025374,0.004006543723,0.03502382028,0.002534966979,5.39012624,7502.952169,1391.980788,6110.971382,-1.206600316,0.114394823,67,2.310344828,76.02872963,0.8812458176,53,1.827586207,50.3900736,1.051794455,40,1.379310345,22.99468546,1.739532383,44968,-53.60858833,-41.5,-377.5,-200.5,-147.5,-86.5,-41.5,-16.5,4.5,0.1103228963,0.6669631738,0.4420476783,0.201721224,44854,-53.90922772,-41.5,-376.5,-200.5,-147.5,-86.5,-41.5,-16.5,3.5,0.1099567486,0.6671645784,0.4419895661,0.2013421323,0.6669186809,0.6654288319,0.4420181895,0.4408396522,0.2017077672,0.2008183051
midpoint,0.7,0,unfilled,123472,0,0,123472,48,0.0003887521057,123424,0,0,0,0,0,0,0,0,0,,48,1,-0,0,0,0,0,0,,0,,,,,,,,,,,0,,,,0,,,,0,,,,0,,,,,,,,,,,,,,0,,,,,,,,,,,,,,0,0,0,0,0,0
midpoint,0.7,50,at_quote,260091,260091,1,0,76951,0.295861833,183140,1841,258250,0.9929217082,0.007078291829,1190,651,651,0,75110,0.9760756845,0,0,11836540,1401129.5,98999,30541.5,68457.5,0.2632059548,0.2632059548,0.8896245663,3.241458344,0.008363846192,0.02179777101,0.007078291829,8.447855819,83782.48436,9917.603491,73864.88087,0.9267936155,0.3837019018,918,1.410138249,892.8557313,1.028161626,629,0.9662058372,596.4805741,1.054518835,351,0.5391705069,267.4886482,1.312205218,260073,-40.12492839,-22.5,-286.5,-170.5,-123.5,-67.5,-22.5,0.5,0.5,0.3665701553,0.4850176681,0.3240205635,0.1453053566,258232,-40.14588819,-22.5,-286.5,-170.5,-123.5,-67.5,-22.5,0.5,0.5,0.366662536,0.4849205366,0.3238947923,0.1449820317,0.4849841017,0.4814545678,0.3239981391,0.3215797548,0.1452953005,0.1439457728
midpoint,0.7,50,trade_through,44971,44971,1,0,9160,0.2036868204,35811,79,44892,0.9982433124,0.001756687643,57,22,22,0,9081,0.9913755459,0,0,2959783,549112,9172.5,13495,-4322.5,-0.09611749794,-0.09611749794,-0.4718886463,0.6796961838,0.003099044761,0.02457604277,0.001756687643,5.39012624,5199.414222,964.6182651,4234.795957,-1.020710335,0.1261002347,44,2,52.68657579,0.835127342,35,1.590909091,34.91943697,1.002307111,27,1.227272727,15.93491361,1.694392619,44968,-53.60858833,-41.5,-377.5,-200.5,-147.5,-86.5,-41.5,-16.5,4.5,0.1103228963,0.6669631738,0.4420476783,0.201721224,44889,-53.79922698,-41.5,-376.5,-200.5,-147.5,-86.5,-41.5,-16.5,3.5,0.1100269554,0.6671567645,0.4420459355,0.2014747488,0.6669186809,0.6659402726,0.4420181895,0.4412399102,0.2017077672,0.2011073803
midpoint,0.7,50,unfilled,123472,0,0,123472,48,0.0003887521057,123424,0,0,0,0,0,0,0,0,0,,48,1,-0,0,0,0,0,0,,0,,,,,,,,,,,0,,,,0,,,,0,,,,0,,,,,,,,,,,,,,0,,,,,,,,,,,,,,0,0,0,0,0,0
midpoint,0.7,100,at_quote,260091,260091,1,0,76951,0.295861833,183140,1369,258722,0.9947364576,0.005263542376,807,562,562,0,75582,0.982209458,0,0,11836540,1401129.5,70258.5,25234,45024.5,0.1731105651,0.1731105651,0.5851061065,2.784279147,0.005935729529,0.0180097557,0.005263542376,8.447855819,62302.12987,7374.904497,54927.22537,0.819711895,0.3295841225,616,1.096085409,663.9432353,0.9277901593,426,0.7580071174,443.5534524,0.9604253955,230,0.409252669,198.9092664,1.15630611,260073,-40.12492839,-22.5,-286.5,-170.5,-123.5,-67.5,-22.5,0.5,0.5,0.3665701553,0.4850176681,0.3240205635,0.1453053566,258704,-40.16322129,-22.5,-286.5,-170.5,-123.5,-67.5,-22.5,0.5,0.5,0.3663375905,0.4852031666,0.3240885336,0.145185231,0.4849841017,0.4826156999,0.3239981391,0.3223602508,0.1452953005,0.1444109946
midpoint,0.7,100,trade_through,44971,44971,1,0,9160,0.2036868204,35811,57,44914,0.9987325165,0.001267483489,40,17,17,0,9103,0.9937772926,0,0,2959783,549112,7806,11800,-3994,-0.08881279046,-0.08881279046,-0.4360262009,0.6615254237,0.002637355509,0.02148924081,0.001267483489,5.39012624,3751.476085,695.9903938,3055.485691,-1.307157161,0.1227291151,30,1.764705882,38.01436481,0.789175359,27,1.588235294,25.1950368,1.071639633,21,1.235294118,11.49734273,1.826509002,44968,-53.60858833,-41.5,-377.5,-200.5,-147.5,-86.5,-41.5,-16.5,4.5,0.1103228963,0.6669631738,0.4420476783,0.201721224,44911,-53.76555855,-41.5,-376.5,-200.5,-147.5,-86.5,-41.5,-16.5,3.5,0.1100843891,0.6671416802,0.442007526,0.2015096524,0.6669186809,0.6662515844,0.4420181895,0.4414178026,0.2017077672,0.2012407996
midpoint,0.7,100,unfilled,123472,0,0,123472,48,0.0003887521057,123424,0,0,0,0,0,0,0,0,0,,48,1,-0,0,0,0,0,0,,0,,,,,,,,,,,0,,,,0,,,,0,,,,0,,,,,,,,,,,,,,0,,,,,,,,,,,,,,0,0,0,0,0,0
optimistic,0.3,0,at_quote,400545,400545,1,0,146572,0.3659314184,253973,21856,378689,0.9454343457,0.0545656543,11295,10559,10559,2,124716,0.8508855716,0,0,5245544,3445922.5,772264.5,257591.5,514673,1.28493178,1.28493178,3.51140054,2.998020121,0.1472229572,0.07475255175,0.0545656543,1.522246655,286226.5405,188029.0159,98197.52463,5.241201364,1.969470657,8381,0.7937304669,3100.747871,2.702896317,5471,0.5181361871,2030.333431,2.694631294,2382,0.2255895445,876.5426706,2.71749463,400532,-4.493077956,0.5,-191.5,-87.5,-45.5,0.5,0.5,0.5,16.5,0.8108515674,0.1418763045,0.0928989444,0.04010665814,378678,-3.393248353,0.5,-184.5,-80.5,-39.5,0.5,0.5,0.5,15.5,0.8297630177,0.1279319105,0.08381263237,0.03613096087,0.1418716998,0.1209477087,0.0928959293,0.07923703953,0.04010535645,0.0341584591
optimistic,0.3,0,trade_through,13677,13677,1,0,1611,0.1177889888,12066,269,13408,0.9803319441,0.01966805586,187,82,82,0,1342,0.8330229671,0,0,1060183.5,401636,36423.5,46403,-9979.5,-0.7296556262,-0.7296556262,-6.194599628,0.7849384738,0.034355845,0.115534962,0.01966805586,2.63966253,20851.7483,7899.399283,12952.34902,-0.7704780027,0.2973631912,148,1.804878049,165.132997,0.8962472836,123,1.5,121.5289172,1.012104797,80,0.9756097561,66.26168019,1.207334311,13676,-48.15351711,-41.5,-535.75,-257.75,-182.5,-98.5,-41.5,-6.5,74,0.2062737643,0.6139221995,0.4518133957,0.2463439602,13407,-49.86402625,-41.5,-517.32,-254.5,-180.5,-98.5,-41.5,-6.5,71.5,0.2042962631,0.6152010144,0.4517043336,0.2453196092,0.6138773123,0.6030562258,0.4517803612,0.4427871609,0.2463259487,0.2404767127
optimistic,0.3,0,unfilled,14312,0,0,14312,152,0.01062045836,14160,0,0,0,0,0,0,0,0,0,,152,1,-0,0,0,0,0,0,,0,,,,,,,,,,,0,,,,0,,,,0,,,,0,,,,,,,,,,,,,,0,,,,,,,,,,,,,,0,0,0,0,0,0
optimistic,0.3,50,at_quote,400545,400545,1,0,146572,0.3659314184,253973,16194,384351,0.9595700858,0.04042991424,7984,8209,8209,1,130378,0.8895150506,0,0,5245544,3445922.5,539364.5,180907,358457.5,0.8949244155,0.8949244155,2.445606937,2.981446268,0.1028233678,0.05249885916,0.04042991424,1.522246655,212076.8941,139318.3512,72758.54291,4.926672328,1.9585829,5907,0.719576075,2297.470307,2.571088724,3799,0.4627847484,1504.356679,2.525331959,1623,0.1977098307,649.4661424,2.498975534,400532,-4.493077956,0.5,-191.5,-87.5,-45.5,0.5,0.5,0.5,16.5,0.8108515674,0.1418763045,0.0928989444,0.04010665814,384339,-3.749720949,0.5,-187.5,-83.5,-41.5,0.5,0.5,0.5,15.5,0.823655679,0.1324846034,0.0869284668,0.03757360039,0.1418716998,0.1271242932,0.0928959293,0.08341135203,0.04010535645,0.03605337727
optimistic,0.3,50,trade_through,13677,13677,1,0,1611,0.1177889888,12066,220,13457,0.9839146012,0.01608539884,150,70,70,0,1391,0.8634388579,0,0,1060183.5,401636,34128,39021.5,-4893.5,-0.3577904511,-0.3577904511,-3.037554314,0.8745947747,0.03219065379,0.0971563804,0.01608539884,2.63966253,17053.47445,6460.47525,10592.9992,-0.4619560438,0.331328253,124,1.771428571,135.0530087,0.9181579973,106,1.514285714,99.39167946,1.066487663,74,1.057142857,54.19170871,1.365522545,13676,-48.15351711,-41.5,-535.75,-257.75,-182.5,-98.5,-41.5,-6.5,74,0.2062737643,0.6139221995,0.4518133957,0.2463439602,13456,-49.30447384,-41.5,-515.85,-253.75,-180,-98.5,-41.5,-6.5,72.5,0.2044441141,0.614744352,0.45132283,0.244872176,0.6138773123,0.6048109966,0.4517803612,0.4440301236,0.2463259487,0.2409154054
optimistic,0.3,50,unfilled,14312,0,0,14312,152,0.01062045836,14160,0,0,0,0,0,0,0,0,0,,152,1,-0,0,0,0,0,0,,0,,,,,,,,,,,0,,,,0,,,,0,,,,0,,,,,,,,,,,,,,0,,,,,,,,,,,,,,0,0,0,0,0,0
optimistic,0.3,100,at_quote,400545,400545,1,0,146572,0.3659314184,253973,12408,388137,0.9690222072,0.03097779276,5912,6496,6496,0,134164,0.9153453593,0,0,5245544,3445922.5,396071.5,134937.5,261134,0.6519467226,0.6519467226,1.781609039,2.935221862,0.07550627733,0.03915859977,0.03097779276,1.522246655,162495.3749,106747.0731,55748.30187,4.684160616,1.928216989,4392,0.6761083744,1760.344051,2.49496682,2789,0.429341133,1152.652691,2.419636047,1170,0.1801108374,497.6272629,2.351157357,400532,-4.493077956,0.5,-191.5,-87.5,-45.5,0.5,0.5,0.5,16.5,0.8108515674,0.1418763045,0.0928989444,0.04010665814,388124,-3.963907153,0.5,-189.5,-84.5,-42.5,0.5,0.5,0.5,16.5,0.8200368954,0.1350960002,0.08868299822,0.03837433398,0.1418716998,0.1309066397,0.0928959293,0.0859329164,0.04010535645,0.03718433634
optimistic,0.3,100,trade_through,13677,13677,1,0,1611,0.1177889888,12066,200,13477,0.9853769101,0.01462308986,138,62,62,0,1411,0.8758535071,0,0,1060183.5,401636,32926,36865,-3939,-0.2880017548,-0.2880017548,-2.445065177,0.8931506849,0.03105688779,0.0917870908,0.01462308986,2.63966253,15503.15859,5873.159319,9629.999269,-0.409034299,0.3383579055,114,1.838709677,122.7754625,0.9285242973,97,1.564516129,90.35607224,1.073530507,69,1.112903226,49.26518973,1.400583259,13676,-48.15351711,-41.5,-535.75,-257.75,-182.5,-98.5,-41.5,-6.5,74,0.2062737643,0.6139221995,0.4518133957,0.2463439602,13476,-49.16047047,-41.5,-515.25,-253.5,-179.5,-98.5,-41.5,-6.5,72.5,0.2047343425,0.6145740576,0.4513208667,0.2448797863,0.6138773123,0.6055421511,0.4517803612,0.4446881626,0.2463259487,0.2412809827
optimistic,0.3,100,unfilled,14312,0,0,14312,152,0.01062045836,14160,0,0,0,0,0,0,0,0,0,,152,1,-0,0,0,0,0,0,,0,,,,,,,,,,,0,,,,0,,,,0,,,,0,,,,,,,,,,,,,,0,,,,,,,,,,,,,,0,0,0,0,0,0
optimistic,0.5,0,at_quote,400545,400545,1,0,104714,0.2614288033,295831,5218,395327,0.9869727496,0.01302725037,3220,1997,1997,1,99496,0.9501690318,0,0,5245544,3445922.5,231180.5,80638.5,150542,0.375842914,0.375842914,1.437649216,2.866875004,0.04407178741,0.02340113569,0.01302725037,1.522246655,68335.01502,44890.89517,23444.11985,6.421311652,1.883318314,2373,1.188282424,740.2865296,3.205515574,1599,0.8007010516,484.7309591,3.298737104,737,0.3690535804,209.26975,3.521770347,400532,-4.493077956,0.5,-191.5,-87.5,-45.5,0.5,0.5,0.5,16.5,0.8108515674,0.1418763045,0.0928989444,0.04010665814,395315,-4.171558125,0.5,-189.5,-85.5,-43.5,0.5,0.5,0.5,15.5,0.8165007652,0.1377458482,0.09008006273,0.03877161251,0.1418716998,0.1359472718,0.0928959293,0.08890386848,0.04010535645,0.03826536344
optimistic,0.5,0,trade_through,13677,13677,1,0,1262,0.09227169701,12415,127,13550,0.9907143379,0.00928566206,83,44,44,0,1135,0.8993660856,0,0,1060183.5,401636,23761,32974,-9213,-0.6736126343,-0.6736126343,-7.300316957,0.7205980469,0.0224121579,0.08209921421,0.00928566206,2.63966253,9844.505703,3729.456167,6115.049536,-1.506610853,0.2729887017,69,1.568181818,77.96241866,0.8850418084,59,1.340909091,57.37610587,1.02830262,43,0.9772727273,31.28339548,1.3745311,13676,-48.15351711,-41.5,-535.75,-257.75,-182.5,-98.5,-41.5,-6.5,74,0.2062737643,0.6139221995,0.4518133957,0.2463439602,13549,-49.28485497,-41.5,-524.02,-254.5,-180.5,-98.5,-41.5,-6.5,72.5,0.2049597756,0.6145841021,0.4516938519,0.2454793712,0.6138773123,0.6088323463,0.4517803612,0.4474665497,0.2463259487,0.2431819844
optimistic,0.5,0,unfilled,14312,0,0,14312,43,0.003004471772,14269,0,0,0,0,0,0,0,0,0,,43,1,-0,0,0,0,0,0,,0,,,,,,,,,,,0,,,,0,,,,0,,,,0,,,,,,,,,,,,,,0,,,,,,,,,,,,,,0,0,0,0,0,0
optimistic,0.5,50,at_quote,400545,400545,1,0,104714,0.2614288033,295831,3560,396985,0.9911121098,0.00888789025,2091,1468,1468,1,101154,0.9660026358,0,0,5245544,3445922.5,146673.5,55207,91466.5,0.2283551162,0.2283551162,0.8734887408,2.656791711,0.02796154222,0.01602096391,0.00888789025,1.522246655,46621.81937,30626.98099,15994.83838,5.718501045,1.745309607,1518,1.034059946,505.0632513,3.005564147,1007,0.6859673025,330.7095083,3.044968393,445,0.303133515,142.775069,3.11679065,400532,-4.493077956,0.5,-191.5,-87.5,-45.5,0.5,0.5,0.5,16.5,0.8108515674,0.1418763045,0.0928989444,0.04010665814,396973,-4.302950075,0.5,-190.5,-86.5,-44.5,0.5,0.5,0.5,16.5,0.8144231472,0.1393243369,0.09119511906,0.03934524514,0.1418716998,0.1380818635,0.0928959293,0.09038185472,0.04010535645,0.03899437017
optimistic,0.5,50,trade_through,13677,13677,1,0,1262,0.09227169701,12415,104,13573,0.9923959933,0.007604006727,66,38,38,0,1158,0.9175911252,0,0,1060183.5,401636,22509.5,27351.5,-4842,-0.3540250055,-0.3540250055,-3.836767036,0.8229713178,0.02123170187,0.0681002201,0.007604006727,2.63966253,8061.642465,3054.042846,5007.59962,-0.9669303394,0.3117714134,57,1.5,63.84324048,0.8928118243,50,1.315789474,46.98515756,1.064165847,40,1.052631579,25.61789866,1.561408316,13676,-48.15351711,-41.5,-535.75,-257.75,-182.5,-98.5,-41.5,-6.5,74,0.2062737643,0.6139221995,0.4518133957,0.2463439602,13572,-48.8792735,-41.5,-523.79,-254.5,-180.5,-98.5,-41.5,-6.5,72.5,0.205054524,0.614426761,0.4515915119,0.2452844091,0.6138773123,0.6097097317,0.4517803612,0.4481245887,0.2463259487,0.2434013307
optimistic,0.5,50,unfilled,14312,0,0,14312,43,0.003004471772,14269,0,0,0,0,0,0,0,0,0,,43,1,-0,0,0,0,0,0,,0,,,,,,,,,,,0,,,,0,,,,0,,,,0,,,,,,,,,,,,,,0,,,,,,,,,,,,,,0,0,0,0,0,0
optimistic,0.5,100,at_quote,400545,400545,1,0,104714,0.2614288033,295831,2587,397958,0.9935413,0.006458700021,1439,1148,1148,0,102127,0.975294612,0,0,5245544,3445922.5,103244,44086,59158,0.1476937672,0.1476937672,0.5649483355,2.34187724,0.01968222934,0.01279367136,0.006458700021,1.522246655,33879.39514,22256.17972,11623.21542,5.089641537,1.538434807,1047,0.9120209059,367.0220874,2.85268935,698,0.6080139373,240.3217691,2.904439338,307,0.2674216028,103.7525571,2.958963215,400532,-4.493077956,0.5,-191.5,-87.5,-45.5,0.5,0.5,0.5,16.5,0.8108515674,0.1418763045,0.0928989444,0.04010665814,397945,-4.373628265,0.5,-190.5,-86.5,-44.5,0.5,0.5,0.5,16.5,0.8132380103,0.1401676111,0.09174885977,0.03959592406,0.1418716998,0.1392577613,0.0928959293,0.09115330362,0.04010535645,0.03933890075
optimistic,0.5,100,trade_through,13677,13677,1,0,1262,0.09227169701,12415,90,13587,0.9934196096,0.006580390436,58,32,32,0,1172,0.9286846276,0,0,1060183.5,401636,21661.5,25672,-4010.5,-0.2932295094,-0.2932295094,-3.177892235,0.8437792147,0.02043184034,0.06391857304,0.006580390436,2.63966253,6976.421364,2642.921693,4333.499671,-0.9254644755,0.3196542001,51,1.59375,55.2489581,0.9230943306,44,1.375,40.66023251,1.082138426,36,1.125,22.16933538,1.623864648,13676,-48.15351711,-41.5,-535.75,-257.75,-182.5,-98.5,-41.5,-6.5,74,0.2062737643,0.6139221995,0.4518133957,0.2463439602,13586,-48.76770205,-41.5,-523.65,-254.5,-180.5,-98.5,-41.5,-6.5,73,0.2052848521,0.6142352422,0.4515677904,0.245326071,0.6138773123,0.6101484244,0.4517803612,0.4485632814,0.2463259487,0.2436937925
optimistic,0.5,100,unfilled,14312,0,0,14312,43,0.003004471772,14269,0,0,0,0,0,0,0,0,0,,43,1,-0,0,0,0,0,0,,0,,,,,,,,,,,0,,,,0,,,,0,,,,0,,,,,,,,,,,,,,0,,,,,,,,,,,,,,0,0,0,0,0,0
optimistic,0.7,0,at_quote,400545,400545,1,0,85264,0.2128699647,315281,581,399964,0.9985494763,0.001450523662,404,177,177,0,84683,0.9931858698,0,0,5245544,3445922.5,35967,15076,20891,0.05215643685,0.05215643685,0.2450154813,2.385712391,0.006856676829,0.004375025846,0.001450523662,1.522246655,7608.785689,4998.392122,2610.393568,8.003007769,1.567231159,305,1.723163842,82.42745759,3.700223311,220,1.242937853,53.97253492,4.076147254,106,0.5988700565,23.3012121,4.549119572,400532,-4.493077956,0.5,-191.5,-87.5,-45.5,0.5,0.5,0.5,16.5,0.8108515674,0.1418763045,0.0928989444,0.04010665814,399951,-4.447371053,0.5,-191,-87.5,-45.5,0.5,0.5,0.5,16.5,0.8115869194,0.1413198117,0.09248382927,0.03989988774,0.1418716998,0.1411102373,0.0928959293,0.09234667765,0.04010535645,0.03984071702
optimistic,0.7,0,trade_through,13677,13677,1,0,890,0.06507274987,12787,39,13638,0.9971484975,0.002851502522,22,17,17,0,851,0.9561797753,0,0,1060183.5,401636,6530,18048,-11518,-0.842143745,-0.842143745,-12.94157303,0.3618129433,0.0061593111,0.0449362109,0.002851502522,2.63966253,3023.115925,1145.266067,1877.849857,-6.133610711,0.1370678786,19,1.117647059,23.94121518,0.7936105105,19,1.117647059,17.61943409,1.078354725,16,0.9411764706,9.606711998,1.665502203,13676,-48.15351711,-41.5,-535.75,-257.75,-182.5,-98.5,-41.5,-6.5,74,0.2062737643,0.6139221995,0.4518133957,0.2463439602,13637,-49.13584366,-41.5,-533.14,-256.5,-181.5,-98.5,-41.5,-6.5,73.5,0.2056170712,0.6142846667,0.4517122534,0.2458751925,0.6138773123,0.6124881187,0.4517803612,0.4503911677,0.2463259487,0.2451561015
optimistic,0.7,0,unfilled,14312,0,0,14312,5,0.0003493571828,14307,0,0,0,0,0,0,0,0,0,,5,1,-0,0,0,0,0,0,,0,,,,,,,,,,,0,,,,0,,,,0,,,,0,,,,,,,,,,,,,,0,,,,,,,,,,,,,,0,0,0,0,0,0
optimistic,0.7,50,at_quote,400545,400545,1,0,85264,0.2128699647,315281,374,400171,0.9990662722,0.0009337277959,236,138,138,0,84890,0.9956136236,0,0,5245544,3445922.5,22930,12172.5,10757.5,0.02685715712,0.02685715712,0.1261669638,1.883754364,0.004371329265,0.003532435799,0.0009337277959,1.522246655,4897.910237,3217.553621,1680.356617,6.401914864,1.237483004,176,1.275362319,53.06001573,3.31699864,129,0.9347826087,34.74307756,3.712969865,65,0.4710144928,14.99940331,4.333505716,400532,-4.493077956,0.5,-191.5,-87.5,-45.5,0.5,0.5,0.5,16.5,0.8108515674,0.1418763045,0.0928989444,0.04010665814,400158,-4.470394194,0.5,-191.5,-87.5,-45.5,0.5,0.5,0.5,16.5,0.8112645505,0.1415690802,0.09266339796,0.03998170723,0.1418716998,0.1414322985,0.0928959293,0.0925738681,0.04010535645,0.03994307756
optimistic,0.7,50,trade_through,13677,13677,1,0,890,0.06507274987,12787,30,13647,0.9978065365,0.002193463479,17,13,13,0,860,0.9662921348,0,0,1060183.5,401636,5918.5,12546.5,-6628,-0.4846091979,-0.4846091979,-7.447191011,0.4717251823,0.005582524157,0.0312384846,0.002193463479,2.63966253,2325.473788,880.9738978,1444.49989,-4.588439255,0.1787066252,15,1.153846154,18.41631937,0.8144949976,15,1.153846154,13.55341084,1.106732481,14,1.076923077,7.38977846,1.894508756,13676,-48.15351711,-41.5,-535.75,-257.75,-182.5,-98.5,-41.5,-6.5,74,0.2062737643,0.6139221995,0.4518133957,0.2463439602,13646,-48.74509014,-41.5,-533.05,-256.5,-181.5,-98.5,-41.5,-6.5,73.5,0.205774586,0.6141726513,0.4517074601,0.2458595926,0.6138773123,0.6127805805,0.4517803612,0.4506836295,0.2463259487,0.2453023324
optimistic,0.7,50,unfilled,14312,0,0,14312,5,0.0003493571828,14307,0,0,0,0,0,0,0,0,0,,5,1,-0,0,0,0,0,0,,0,,,,,,,,,,,0,,,,0,,,,0,,,,0,,,,,,,,,,,,,,0,,,,,,,,,,,,,,0,0,0,0,0,0
optimistic,0.7,100,at_quote,400545,400545,1,0,85264,0.2128699647,315281,283,400262,0.9992934627,0.0007065373429,166,117,117,0,84981,0.996680897,0,0,5245544,3445922.5,17677,10912,6765,0.01688948807,0.01688948807,0.07934180897,1.619959677,0.003369907868,0.003166641153,0.0007065373429,1.522246655,3706.17272,2434.672927,1271.499793,5.32048848,1.064190006,118,1.008547009,40.14969105,2.939001445,92,0.7863247863,26.28954799,3.499489608,46,0.3931623932,11.34981588,4.052929184,400532,-4.493077956,0.5,-191.5,-87.5,-45.5,0.5,0.5,0.5,16.5,0.8108515674,0.1418763045,0.0928989444,0.04010665814,400249,-4.479352853,0.5,-191.5,-87.5,-45.5,0.5,0.5,0.5,16.5,0.81113257,0.1416818031,0.0927347726,0.0400200875,0.1418716998,0.1415771012,0.0928959293,0.09266624224,0.04010535645,0.03999051293
optimistic,0.7,100,trade_through,13677,13677,1,0,890,0.06507274987,12787,21,13656,0.9984645756,0.001535424435,12,9,9,0,869,0.9764044944,0,0,1060183.5,401636,5412,10900,-5488,-0.4012575857,-0.4012575857,-6.166292135,0.4965137615,0.005104776673,0.02713900148,0.001535424435,2.63966253,1627.831652,616.6817284,1011.149923,-5.42748397,0.1880974389,12,1.333333333,12.89142356,0.9308514258,12,1.333333333,9.487387585,1.264837121,11,1.222222222,5.172844922,2.12648942,13676,-48.15351711,-41.5,-535.75,-257.75,-182.5,-98.5,-41.5,-6.5,74,0.2062737643,0.6139221995,0.4518133957,0.2463439602,13655,-48.62947638,-41.5,-532.96,-256.5,-181.5,-98.5,-41.5,-6.5,73.5,0.2059318931,0.6139875503,0.4516294398,0.2459172464,0.6138773123,0.6129999269,0.4517803612,0.4509029758,0.2463259487,0.2455216787
optimistic,0.7,100,unfilled,14312,0,0,14312,5,0.0003493571828,14307,0,0,0,0,0,0,0,0,0,,5,1,-0,0,0,0,0,0,,0,,,,,,,,,,,0,,,,0,,,,0,,,,0,,,,,,,,,,,,,,0,,,,,,,,,,,,,,0,0,0,0,0,0
