queue_cell,threshold,population,fills,fills_with_a_crossing,crossing_rate,lead_p1_ms,lead_p5_ms,lead_p10_ms,lead_p25_ms,lead_p50_ms,lead_p75_ms,lead_p90_ms,lead_mean_ms,frac_lead_le_0ms,frac_lead_0_25ms,frac_lead_25_50ms,frac_lead_50_100ms,frac_lead_100_250ms,frac_lead_250_500ms,frac_lead_gt_100ms,frac_lead_gt_250ms,frac_lead_gt_500ms
conservative,0.1,all_fills,276955,209249,0.7555342926,-5046.273263,-48.9838924,-14.9628976,201.61632,1343.173435,4731.237542,11328.97285,3582.211521,0.1293769624,0.02054968005,0.01943617413,0.03246371548,0.06671477522,0.07515448102,0.798173468,0.7314586928,0.6563042117
conservative,0.1,adverse_fills,241429,180641,0.7482158316,-3156.837747,-42.604075,-13.646117,189.789206,1257.028427,4512.115395,10985.02955,3492.382434,0.1285865335,0.02147353037,0.02053243727,0.03358041641,0.06975160678,0.07787822255,0.7958270824,0.7260754757,0.6481972531
conservative,0.1,catastrophic_25,183651,137884,0.7507936249,-3426.084072,-43.97272725,-15.351347,174.6747855,1205.808599,4389.985146,10902.41125,3425.529593,0.1338806533,0.02174291433,0.02132952337,0.03462330655,0.06971802385,0.07709378898,0.7884236024,0.7187055786,0.6416117896
conservative,0.1,catastrophic_50,122171,90850,0.7436298303,-4165.496688,-46.667118,-16.1764268,176.05829,1197.655753,4378.259177,10989.74408,3425.082549,0.1334617501,0.02104567969,0.02162905889,0.03507980187,0.06919097413,0.07686296092,0.7887837094,0.7195927353,0.6427297744
conservative,0.1,catastrophic_100,55011,40180,0.7303993747,-6376.739039,-50.45236,-14.193735,191.586953,1233.580868,4293.047205,11198.17923,3452.72734,0.1279243405,0.01981085117,0.02078148333,0.03551518168,0.06806869089,0.07585863614,0.7959681434,0.7278994525,0.6520408163
conservative,0.2,all_fills,276955,170275,0.6148110704,-11549.3753,-80.0221423,-49.916805,-7.455874,406.187454,2284.525934,6816.726711,1955.934337,0.2831008662,0.02759066216,0.02601086478,0.03904859786,0.07173102334,0.07776831596,0.624249009,0.5525179856,0.4747496697
conservative,0.2,adverse_fills,241429,146941,0.6086302805,-9668.280942,-66.599103,-44.799403,-8.072364,358.459164,2111.368926,6511.677858,1940.27099,0.289224927,0.02890956234,0.02782749539,0.040785077,0.0744176234,0.07922227289,0.6132529383,0.5388353149,0.459613042
conservative,0.2,catastrophic_25,183651,112564,0.6129234254,-10247.2864,-67.857994,-45.9246582,-9.82832125,333.3560025,2045.379999,6498.589714,1901.748003,0.2981059664,0.02869478697,0.02785082264,0.04178067588,0.07354926975,0.07773355602,0.6035677481,0.5300184784,0.4522849224
conservative,0.2,catastrophic_50,122171,74209,0.6074191093,-10756.21759,-70.1841414,-46.5109116,-8.394999,361.944095,2079.324287,6632.569784,1942.253306,0.2898570254,0.02775943619,0.02677572801,0.04081715156,0.07517956043,0.07980164131,0.6147906588,0.5396110984,0.4598094571
conservative,0.2,catastrophic_100,55011,32765,0.5956081511,-11802.14599,-73.271096,-48.662836,-5.754108,414.975442,2138.316798,6704.330239,1996.735628,0.2770944606,0.02716313139,0.02545399054,0.0413856249,0.0728521288,0.0820082405,0.6289027926,0.5560506638,0.4740424233
conservative,0.3,all_fills,276955,140282,0.5065154989,-14847.64892,-734.5977924,-68.14274,-29.878545,42.211977,928.1004633,3708.984565,873.7066465,0.4546057228,0.02760154546,0.02502815757,0.03894298627,0.06873298071,0.06780627593,0.4538215879,0.3850886072,0.3172823313
conservative,0.3,adverse_fills,241429,121644,0.5038499932,-13292.41754,-80.337274,-59.683778,-28.466084,29.426333,807.76812,3443.241397,939.0298373,0.4669116438,0.02849297951,0.02620762224,0.0401170629,0.06992535596,0.0676564401,0.4382706915,0.3683453356,0.3006888955
conservative,0.3,catastrophic_25,183651,93682,0.5101088478,-14038.33675,-80.551294,-59.852816,-29.497845,20.3707855,775.5873168,3410.419213,910.9908078,0.476729788,0.02815909139,0.02547981469,0.03985824385,0.06895668325,0.06573301168,0.4297730621,0.3608163788,0.2950833671
conservative,0.3,catastrophic_50,122171,61642,0.5045550908,-14452.38435,-82.310285,-60.952194,-28.46345625,29.394275,816.028637,3519.219853,938.0615508,0.4667921223,0.02803283476,0.0257292106,0.0401025275,0.06933584245,0.06686999124,0.4393433049,0.3700074624,0.3031374712
conservative,0.3,catastrophic_100,55011,27329,0.4967915508,-15635.87461,-85.963154,-61.9573,-26.653992,51.33085,927.62989,3784.541627,1022.176846,0.4449851806,0.02857770134,0.02510154049,0.04292143876,0.07036481393,0.0698525376,0.4584141388,0.3880493249,0.3181967873
conservative,0.4,all_fills,276955,118841,0.42909859,-16306.26368,-2233.652838,-80.407931,-43.589077,-12.172628,229.422349,1714.099464,189.5058817,0.6212502419,0.02480625373,0.02193687364,0.0333807356,0.05528395083,0.04954519063,0.2986258951,0.2433419443,0.1937967536
conservative,0.4,adverse_fills,241429,103867,0.4302175795,-14508.30534,-89.6733664,-68.356367,-40.500704,-12.405955,175.536407,1521.213754,318.5992477,0.6361500765,0.02515717215,0.02266359864,0.03407241954,0.05442537091,0.04796518625,0.2819567331,0.2275313622,0.179566176
conservative,0.4,catastrophic_25,183651,80339,0.4374547375,-15092.80026,-89.430378,-68.568631,-40.661577,-13.29752,155.0507715,1469.679222,298.9194921,0.6447055602,0.02521813814,0.02225569151,0.03337109001,0.05301285801,0.04594281731,0.2744495202,0.2214366621,0.1754938448
conservative,0.4,catastrophic_50,122171,52734,0.4316408968,-15583.23417,-91.000748,-69.684495,-39.98981725,-12.602849,182.9477287,1555.910058,310.0905987,0.6335191717,0.02539158797,0.02245230781,0.03341297834,0.05451890621,0.04752152312,0.2852239542,0.230705048,0.1831835249
conservative,0.4,catastrophic_100,55011,23297,0.4234971188,-16680.19604,-91.22749,-70.699661,-39.269953,-10.014854,256.146954,1795.137068,381.6129188,0.6050135211,0.02652702065,0.0247671374,0.03601322059,0.05623041593,0.05198094175,0.3076791003,0.2514486844,0.1994677426
conservative,0.5,all_fills,276955,104295,0.3765774223,-17564.38166,-3412.431338,-89.9456144,-52.106439,-22.404488,-1.356211,528.1449398,-265.493854,0.7661441105,0.01914761014,0.016376624,0.02566757754,0.03883215878,0.03144925452,0.1726640779,0.1338319191,0.1023826646
conservative,0.5,adverse_fills,241429,92107,0.3815076068,-15669.80978,-117.763541,-73.7772322,-47.642965,-21.615605,-2.136625,426.3659934,-70.73750674,0.779615013,0.01894535703,0.0166002584,0.02573094336,0.03693530351,0.02932458988,0.1591084282,0.1221731247,0.09284853486
conservative,0.5,catastrophic_25,183651,71599,0.3898644712,-16166.946,-98.785574,-73.510642,-47.8070985,-21.855574,-2.705752,382.8739156,-89.17664479,0.7880417324,0.01909244543,0.01615944357,0.0244137488,0.0354194891,0.02779368427,0.1522926298,0.1168731407,0.08907945642
conservative,0.5,catastrophic_50,122171,46918,0.3840354912,-16752.89916,-106.499887,-74.518287,-48.068881,-21.581076,-1.960811,442.3498325,-84.7274595,0.7757363912,0.01980050301,0.01673131847,0.02536339997,0.03759751055,0.02949827358,0.1623683874,0.1247708768,0.09527260327
conservative,0.5,catastrophic_100,55011,20632,0.3750522623,-16340.05336,-99.09970705,-75.4504143,-48.754978,-19.382475,4.86965225,603.6557611,-7.748383663,0.7449592865,0.02205312136,0.01948429624,0.02966265995,0.04110120202,0.03378247383,0.1838406359,0.1427394339,0.1089569601
conservative,0.6,all_fills,276955,93320,0.336950046,-17733.75774,-3935.547269,-97.3557958,-56.406047,-28.6395735,-9.588027,36.632336,-533.7255808,0.8821045864,0.01267681097,0.01006215174,0.01543077583,0.020852979,0.01567723961,0.0797256751,0.0588726961,0.04319545649
conservative,0.6,adverse_fills,241429,83340,0.3451946535,-15769.1524,-193.1506722,-76.2767194,-52.056929,-27.1143115,-9.537568,18.042693,-294.8478474,0.8907607391,0.0124550036,0.009827213823,0.01514278858,0.01924646028,0.01431485481,0.07181425486,0.05256779458,0.03825293976
conservative,0.6,catastrophic_25,183651,65290,0.3555112687,-16144.67578,-137.814464,-76.143649,-51.98986,-27.233829,-9.8284345,10.055219,-309.7027615,0.8939653852,0.01249808546,0.009756471129,0.01536223005,0.01879307704,0.0134476949,0.06841782815,0.04962475111,0.03617705621
conservative,0.6,catastrophic_50,122171,42629,0.3489289602,-16962.66072,-173.200847,-76.9344292,-52.110202,-26.807825,-9.214382,27.513929,-326.3994903,0.8855473973,0.01313659715,0.01053273593,0.01604541509,0.02061976589,0.01426259119,0.07473785451,0.05411808863,0.03985549743
conservative,0.6,catastrophic_100,55011,18587,0.337877879,-16987.66964,-137.9044725,-77.7165938,-53.264405,-25.934435,-7.7633485,72.648216,-280.6540304,0.8660354011,0.01393447033,0.01221283693,0.01996018723,0.02157421854,0.01775434443,0.08785710443,0.06628288589,0.04852854145
conservative,0.7,all_fills,276955,85876,0.3100720334,-17548.91355,-3856.053472,-98.98559,-58.40393925,-31.650283,-13.612881,-3.80582,-636.0464919,0.9558665984,0.005962084867,0.004413340165,0.007755368205,0.007976617448,0.00528669244,0.02600260841,0.01802599096,0.01273929852
conservative,0.7,adverse_fills,241429,77433,0.320727833,-14766.82526,-182.2978202,-77.499746,-54.028292,-30.102193,-12.958565,-3.807576,-374.5043222,0.9594358994,0.005798561337,0.004171348133,0.007554918446,0.007490346493,0.004571694239,0.02303927266,0.01554892617,0.01097723193
conservative,0.7,catastrophic_25,183651,61162,0.3330338523,-15058.73665,-113.5328351,-76.9973883,-53.83052875,-30.011772,-13.3342715,-3.860154,-378.805526,0.9602530983,0.005657107354,0.004054805271,0.007880710245,0.007619109905,0.004251005526,0.0221542788,0.0145351689,0.01028416337
conservative,0.7,catastrophic_50,122171,39845,0.3261412283,-16392.82542,-139.1597106,-77.814933,-54.141273,-29.808108,-13.440462,-3.8515108,-402.7018854,0.9570836993,0.005722173422,0.004617894341,0.0081315096,0.008332287615,0.004567699837,0.0244447233,0.01611243569,0.01154473585
conservative,0.7,catastrophic_100,55011,17269,0.3139190344,-15591.33209,-111.597072,-78.5354496,-55.091476,-29.393467,-12.209905,-2.7783438,-374.0817947,0.9454513869,0.006253981122,0.005559094331,0.01053911634,0.009670507846,0.005501187098,0.03219642133,0.02252591349,0.01702472639
conservative,0.8,all_fills,276955,80935,0.29223159,-17394.51928,-3667.506886,-98.6843298,-59.42928,-33.186264,-15.205776,-5.754108,-654.3651536,0.9870884043,0.002112806573,0.001519738061,0.002631741521,0.002545252363,0.001383826527,0.006647309569,0.004102057206,0.002718230679
conservative,0.8,adverse_fills,241429,73325,0.3037124786,-14491.34481,-159.5364558,-77.9412338,-54.844096,-31.260114,-14.611334,-5.546716,-392.2358061,0.9882577566,0.00204568701,0.00136379134,0.002550289806,0.002454824412,0.001063757245,0.005782475281,0.003327650869,0.002263893624
conservative,0.8,catastrophic_25,183651,58235,0.3170960136,-14461.29429,-99.3876991,-77.3625856,-54.495746,-31.126402,-14.701929,-5.4450328,-387.6507001,0.9882716579,0.001991929252,0.001596977763,0.002713145016,0.002301021722,0.001081823646,0.005426290032,0.003125268309,0.002043444664
conservative,0.8,catastrophic_50,122171,37793,0.3093450983,-15329.6191,-111.4537572,-77.8614096,-54.798405,-31.079242,-14.811802,-5.400205,-407.4093132,0.9865848173,0.002249093748,0.002143254042,0.002672452571,0.002645992644,0.001111316911,0.006350382346,0.003704389702,0.002593072791
conservative,0.8,catastrophic_100,55011,16379,0.2977404519,-14873.6989,-99.632079,-78.7677272,-55.537489,-30.387808,-13.753797,-4.787313,-387.165324,0.9836986385,0.003480065938,0.002686366689,0.002747420477,0.002075828805,0.001587398498,0.007387508395,0.00531167959,0.003724281092
conservative,0.9,all_fills,276955,71655,0.2587243415,-17447.38034,-3684.911019,-100.6149106,-60.0874045,-33.971118,-15.877726,-6.334675,-667.0552797,0.9983950876,0.0003907612867,0.0002791152048,0.0002791152048,9.769032168e-05,0.000293070965,0.0006559207313,0.0005582304096,0.0002651594446
conservative,0.9,adverse_fills,241429,64874,0.2687083987,-14555.77932,-156.7782644,-78.361374,-55.219543,-31.867376,-15.092302,-6.040875,-398.9581945,0.9984893794,0.0003391189074,0.00029287542,0.0003082899158,0.0001079014705,0.00029287542,0.0005703363443,0.0004624348738,0.0001695594537
conservative,0.9,catastrophic_25,183651,52157,0.2840006316,-14381.80041,-99.5404938,-77.814933,-55.036804,-31.805418,-15.297869,-6.0052842,-385.6143254,0.9984661694,0.0004026305194,0.0003259389919,0.0002300745825,5.751864563e-05,0.0003259389919,0.0005751864563,0.0005176678106,0.0001917288188
conservative,0.9,catastrophic_50,122171,34030,0.278544008,-15181.59459,-99.6628746,-78.115667,-55.1482095,-31.657847,-15.11620325,-6.0218487,-396.9782809,0.9979429915,0.0005583308845,0.0004701733764,0.0003526300323,5.877167205e-05,0.0004114017044,0.0006758742286,0.0006171025566,0.0002057008522
conservative,0.9,catastrophic_100,55011,14951,0.2717820072,-14513.06941,-99.574801,-79.27337,-55.9012335,-31.30324,-14.3366485,-5.493021,-391.2203404,0.9967226272,0.0008026218982,0.0006019664237,0.0005350812655,0.0001337703164,0.0008695070564,0.001337703164,0.001203932847,0.0003344257909
midpoint,0.1,all_fills,305062,229902,0.7536238535,-9970.599852,-91.319844,-34.6544259,83.552424,795.3466535,2986.161199,7847.88579,2393.59687,0.1680237666,0.02629381215,0.02558916408,0.04204400136,0.07943384573,0.08575827961,0.7380492558,0.65861541,0.5728571304
midpoint,0.1,adverse_fills,204744,145188,0.7091196812,-5328.465422,-56.83404915,-27.4367907,73.22800575,637.366901,2499.900308,7265.083585,2312.134156,0.1713089236,0.02876959528,0.02803261978,0.04420475521,0.09161225446,0.09591701794,0.7276841061,0.6360718517,0.5401548337
midpoint,0.1,catastrophic_25,156132,111328,0.7130376861,-5328.465422,-57.344013,-28.173088,69.91559275,638.207479,2487.954389,7242.553115,2305.70189,0.1742508623,0.02881575165,0.02844747054,0.04363682093,0.0896001006,0.09445063237,0.7248490946,0.635248994,0.5407983616
midpoint,0.1,catastrophic_50,104147,73430,0.7050611155,-6766.26088,-59.41012115,-28.224061,73.86286175,652.7547535,2526.555404,7452.159361,2355.803442,0.1724771892,0.02752281084,0.02765899496,0.04451858913,0.08812474465,0.09350401743,0.7278224159,0.6396976713,0.5461936538
midpoint,0.1,catastrophic_100,46861,32261,0.6884402808,-8881.646256,-62.805122,-28.29336,82.740019,695.425895,2578.61186,7656.441922,2413.369402,0.167043799,0.02647159109,0.02609962493,0.04606180838,0.08440531912,0.09258857444,0.7343231766,0.6499178575,0.557329283
midpoint,0.2,all_fills,305062,181462,0.5948364595,-16155.52049,-3827.487607,-345.3556483,-25.387252,140.4309595,1090.731105,3443.839582,661.569784,0.3535285625,0.03459677508,0.03228224091,0.04976248471,0.08433721661,0.08455764843,0.5298299368,0.4454927202,0.3609350718
midpoint,0.2,adverse_fills,204744,116469,0.5688518345,-11784.9473,-88.8978424,-58.6680468,-20.145382,106.791908,846.208993,2913.54188,915.5283282,0.3644059793,0.03939245636,0.03661060025,0.05382548146,0.09411946527,0.08936283475,0.5057654827,0.4116460174,0.3222831826
midpoint,0.2,catastrophic_25,156132,89565,0.5736492199,-12376.34851,-86.8878594,-58.633842,-20.702789,103.151864,855.565384,2956.158485,920.9503308,0.3700664322,0.03877630771,0.03643164182,0.05208507788,0.09044827779,0.08752302797,0.5026405404,0.4121922626,0.3246692346
midpoint,0.2,catastrophic_50,104147,59053,0.5670158526,-12836.84496,-87.718462,-59.767198,-19.092463,121.778847,908.610111,3156.701269,982.4814768,0.3576956293,0.03720386771,0.03452830508,0.05259681981,0.09105379913,0.08942814082,0.5179753781,0.4269215789,0.3374934381
midpoint,0.2,catastrophic_100,46861,25779,0.5501163014,-13668.47062,-89.6336877,-61.174289,-15.915563,148.15426,1014.643483,3311.076152,1073.618382,0.3404321347,0.03689049226,0.03394235618,0.05329919702,0.08805616975,0.09123705342,0.5354358199,0.4473796501,0.3561425967
midpoint,0.3,all_fills,305062,145673,0.4775193239,-18860.84618,-7162.380131,-2260.541821,-59.070304,-6.068185,323.945316,1442.398389,-369.8850156,0.5368805475,0.03334866447,0.03080186445,0.04790867216,0.07628730101,0.06891462385,0.3510602514,0.2747729504,0.2058583265
midpoint,0.3,adverse_fills,204744,96914,0.4733423202,-14699.97374,-409.299927,-79.3298559,-40.220253,-6.447261,230.7735708,1144.01731,179.6976125,0.5530573498,0.03778607838,0.0348143715,0.05120003302,0.08144334152,0.06743091813,0.3231421673,0.2416988258,0.1742679076
midpoint,0.3,catastrophic_25,156132,74898,0.4797094766,-15162.30249,-355.373872,-77.2028084,-39.772291,-7.306295,228.6414932,1150.100823,177.3229455,0.5608961521,0.03698363107,0.03357900077,0.04865283452,0.07892066544,0.0655291196,0.3198883815,0.2409677161,0.1754385965
midpoint,0.3,catastrophic_50,104147,49211,0.4725148108,-15632.31304,-369.9295395,-77.384932,-38.9399855,-6.034164,259.2106455,1254.0601,207.5487801,0.5491455162,0.03663815001,0.0327772246,0.04984657902,0.0785190303,0.06697689541,0.3315925301,0.2530734998,0.1860966044
midpoint,0.3,catastrophic_100,46861,21571,0.4603188152,-17256.7803,-375.3845275,-76.428484,-36.926342,-3.203872,305.499223,1464.975229,273.532283,0.5259839599,0.03787492467,0.03235825877,0.05284873209,0.08010755181,0.07051133466,0.3509341245,0.2708265727,0.2003152381
midpoint,0.4,all_fills,305062,121558,0.3984698192,-19965.38626,-8935.167276,-3636.642196,-89.35233275,-26.151455,49.05326275,559.1014271,-951.8219806,0.6982839468,0.02812649106,0.02421066487,0.03838496849,0.05658204314,0.04694055513,0.2109939288,0.1544118857,0.1074713306
midpoint,0.4,adverse_fills,204744,84042,0.410473567,-15610.19886,-686.082878,-138.694385,-53.647901,-20.754717,27.8311455,404.2161646,-187.8804664,0.7147021727,0.03135337093,0.02698650675,0.0396944385,0.05725708574,0.04324028462,0.1872635111,0.1300064254,0.08676614074
midpoint,0.4,catastrophic_25,156132,65182,0.417480081,-16084.9473,-654.277647,-101.856392,-52.9651255,-20.849683,22.500254,398.5328412,-192.4521093,0.7221011936,0.03082139241,0.02672516953,0.03787855543,0.05457028014,0.04137645362,0.1824736891,0.1279034089,0.08652695529
midpoint,0.4,catastrophic_50,104147,42641,0.4094309006,-16744.89798,-703.887845,-98.39707,-52.394282,-20.265031,27.928367,434.774825,-206.0412133,0.7132806454,0.03154241223,0.0268051875,0.03848408808,0.05607279379,0.04200182923,0.1898876668,0.133814873,0.09181304378
midpoint,0.4,catastrophic_100,46861,18560,0.3960649581,-18026.95084,-679.828973,-92.6859546,-51.8566585,-17.02946,49.088421,517.0880733,-168.2109836,0.6884159483,0.03302801724,0.02920258621,0.04213362069,0.05845905172,0.04579741379,0.2072198276,0.1487607759,0.1029633621
midpoint,0.5,all_fills,305062,105620,0.3462247019,-20706.63983,-10169.77009,-4660.456254,-302.9755395,-38.5955455,-8.194961,136.5365232,-1334.814261,0.8231774285,0.02037492899,0.01729786025,0.02576216626,0.03725620148,0.02650066275,0.113387616,0.0761314145,0.04963075175
midpoint,0.5,adverse_fills,204744,75406,0.3682940648,-16693.37754,-770.313002,-268.1527095,-60.89420775,-29.235106,-7.37084175,91.2067745,-391.4052438,0.8353844522,0.02239874811,0.01905683898,0.02665570379,0.03556746148,0.02315465613,0.09650425696,0.06093679548,0.03778213935
midpoint,0.5,catastrophic_25,156132,58828,0.3767837471,-16753.69526,-749.771285,-206.7690752,-59.761677,-29.077357,-7.755782,82.6483324,-396.7976611,0.8416060379,0.02211531924,0.01863058408,0.02483511253,0.03330046916,0.02257428435,0.09281294622,0.05951247705,0.0369381927
midpoint,0.5,catastrophic_50,104147,38523,0.3698906354,-17332.85255,-767.821808,-194.5698168,-60.260448,-28.29336,-6.90568,95.5201148,-416.9213369,0.8328531007,0.02349245905,0.01967655686,0.02572489162,0.03504399969,0.02406354645,0.09825299172,0.06320899203,0.03914544558
midpoint,0.5,catastrophic_100,46861,16668,0.3556902328,-17342.26122,-756.231248,-141.836939,-59.99491975,-26.158757,-5.148339,127.8495855,-403.2978243,0.809575234,0.02615790737,0.02219822414,0.02975761939,0.03965682745,0.02789776818,0.1123110151,0.07265418766,0.04475641949
midpoint,0.6,all_fills,305062,93904,0.3078193941,-21190.79353,-10796.24758,-5284.63848,-591.67173,-46.7549485,-16.452535,-1.82238,-1558.402839,0.9161590561,0.01165019594,0.009488413699,0.01380132902,0.01847631624,0.01208681206,0.04890100528,0.03042468904,0.01833787698
midpoint,0.6,adverse_fills,204744,68740,0.3357363342,-16676.97838,-801.287084,-346.545297,-65.9644935,-34.02747,-13.343456,-1.872735,-476.5236624,0.9212103579,0.01281640966,0.01032877509,0.01460576084,0.01766075065,0.01003782368,0.04103869654,0.02337794588,0.0133401222
midpoint,0.6,catastrophic_25,156132,54085,0.3464056055,-16753.69526,-769.2010926,-283.4979484,-64.220129,-33.401248,-13.485064,-2.0601964,-480.7659412,0.9238051216,0.01288712212,0.009947305168,0.01421835999,0.0167329204,0.009374133309,0.03914209115,0.02240917075,0.01303503744
midpoint,0.6,catastrophic_50,104147,35343,0.3393568706,-17365.99698,-788.3704405,-268.2001512,-64.646211,-33.121287,-13.472536,-1.5714974,-506.9272848,0.9188523894,0.01406219053,0.01058201058,0.01445830858,0.01774042951,0.009959539371,0.04204510087,0.02430467136,0.01434513199
midpoint,0.6,catastrophic_100,46861,15202,0.3244062227,-18092.22111,-759.7318953,-190.7563165,-64.66462375,-31.657782,-12.201096,-0.1900627,-502.3991795,0.9056703065,0.01460334167,0.01197210893,0.01822128667,0.0201289304,0.01243257466,0.04953295619,0.02940402579,0.01697145112
midpoint,0.7,all_fills,305062,86111,0.2822737673,-21166.1331,-10919.77205,-5527.538664,-731.067256,-51.037501,-20.7665005,-6.690114,-1643.57638,0.9684941529,0.004889038567,0.004320005574,0.005736781596,0.006828395908,0.004122585965,0.01656002137,0.00973162546,0.005609039496
midpoint,0.7,adverse_fills,204744,64050,0.31282968,-15756.54901,-799.5437544,-376.791924,-68.4602445,-36.865144,-16.377387,-5.66452,-483.2961034,0.9704293521,0.005433255269,0.004668227947,0.006245120999,0.006541764247,0.002966432475,0.01322404372,0.006682279469,0.003715846995
midpoint,0.7,catastrophic_25,156132,50885,0.3259101273,-15762.79513,-758.9704444,-306.65086,-66.706707,-36.164062,-16.371731,-5.6498314,-477.1472951,0.9712095903,0.005266778029,0.004618256854,0.006210081556,0.00624938587,0.002751301955,0.01269529331,0.006445907438,0.003694605483
midpoint,0.7,catastrophic_50,104147,33273,0.319481118,-16987.67586,-771.9541576,-286.62542,-67.172902,-35.709372,-16.364518,-5.578631,-508.8489301,0.9691641872,0.0058606077,0.005019084543,0.006341478075,0.006882457248,0.002825113455,0.0136146425,0.006732185255,0.0039070718
midpoint,0.7,catastrophic_100,46861,14253,0.3041548409,-17451.39652,-713.6624012,-208.557766,-67.146699,-34.450598,-14.76279,-4.683114,-501.1001137,0.9619027573,0.00610397811,0.005472532099,0.008910404827,0.007998316144,0.003858836736,0.01761032765,0.009612011506,0.00575317477
midpoint,0.8,all_fills,305062,80996,0.2655066839,-20994.01486,-10794.67109,-5517.901194,-771.566037,-53.133366,-22.587641,-8.90368,-1655.153713,0.9903822411,0.001691441553,0.001876635883,0.00161736382,0.002234678256,0.001086473406,0.004432317645,0.00219763939,0.001111165984
midpoint,0.8,adverse_fills,204744,60653,0.2962382292,-15287.09109,-789.9455208,-385.932689,-69.67155,-38.174596,-17.793372,-7.0819514,-478.0158947,0.9906187658,0.001912518754,0.002110365522,0.00181359537,0.002159827214,0.0005770530724,0.003544754588,0.001384927374,0.0008078743014
midpoint,0.8,catastrophic_25,156132,48426,0.3101606333,-15136.84685,-748.696651,-312.251441,-67.63885475,-37.153704,-17.625346,-7.00467,-462.8759483,0.9906248709,0.001817205633,0.002395407426,0.001817205633,0.001961756081,0.0005575517284,0.00334531037,0.001383554289,0.0008260025606
midpoint,0.8,catastrophic_50,104147,31528,0.3027259547,-16425.94998,-752.616479,-291.5743016,-68.040602,-36.8684335,-17.489474,-6.745488,-486.4735778,0.9898820096,0.002061659477,0.002664298401,0.001776198934,0.002029941639,0.0006026389241,0.003615833545,0.001585891906,0.0009832529815
midpoint,0.8,catastrophic_100,46861,13524,0.2885981947,-15632.40649,-682.4182436,-215.743071,-68.23088775,-35.867793,-15.99081675,-6.114832,-475.070862,0.987725525,0.002957704821,0.003031647442,0.002144335995,0.001774622893,0.0009612540668,0.004140786749,0.002366163857,0.00140490979
midpoint,0.9,all_fills,305062,71656,0.2348899568,-20798.19498,-10492.86185,-5466.445807,-814.391172,-54.613593,-23.5651865,-9.926571,-1652.971001,0.9988137769,0.0002791113096,0.0002651557441,0.0002232890477,6.97778274e-05,0.0002232890477,0.0004186669644,0.000348889137,0.0001256000893
midpoint,0.9,adverse_fills,204744,53592,0.2617512601,-15522.57927,-797.049682,-409.299927,-71.688327,-39.130043,-18.469111,-7.8397677,-482.7968642,0.9986751754,0.0002798925213,0.0003545305269,0.0002985520227,5.597850425e-05,0.000223914017,0.0003918495298,0.0003358710255,0.0001119570085
midpoint,0.9,catastrophic_25,156132,43238,0.2769323393,-15181.59809,-747.6130849,-338.415135,-69.523708,-38.5311265,-18.291517,-7.86987,-461.6855601,0.9985892039,0.0003237892594,0.0004394282807,0.0002312780425,0,0.000277533651,0.0004163004764,0.0004163004764,0.0001387668255
midpoint,0.9,catastrophic_50,104147,28278,0.271520063,-16093.9392,-743.1064736,-306.991739,-69.62753875,-37.851493,-17.94522675,-7.61477,-476.893048,0.9981257515,0.0004597213381,0.0006365372374,0.0003182686187,0,0.0003536317986,0.0004597213381,0.0004597213381,0.0001060895396
midpoint,0.9,catastrophic_100,46861,12265,0.2617315038,-15588.68338,-679.828973,-223.9435724,-69.431808,-36.623286,-16.484917,-6.992419,-472.5037858,0.9971463514,0.0004891969018,0.0007337953526,0.0005707297187,0,0.0008153281696,0.00105992662,0.00105992662,0.0002445984509
optimistic,0.1,all_fills,414222,252206,0.608866743,-25747.32093,-16928.57388,-10345.33508,-2472.343665,-87.635813,80.576294,437.1756035,-2616.347848,0.6540526395,0.03397619406,0.03000325131,0.04856347589,0.0814968716,0.06275425644,0.2334044392,0.1519075676,0.08915331118
optimistic,0.1,adverse_fills,86614,58498,0.6753873508,-11515.61118,-650.302354,-298.9243756,-65.09321025,16.1818885,196.8267528,604.2634785,22.74306885,0.4595199836,0.06024137577,0.05229238606,0.07998564053,0.134363568,0.09343909193,0.347960614,0.2135970461,0.1201579541
optimistic,0.1,catastrophic_25,65222,43842,0.6721964981,-12241.28278,-648.8252474,-296.5606199,-65.25126,14.320706,192.2026987,596.0877978,11.11161423,0.4644404909,0.06051275033,0.05268920213,0.07894256649,0.1324985174,0.09260526436,0.3434149902,0.2109164728,0.1183112084
optimistic,0.1,catastrophic_50,43388,28478,0.6563565963,-13239.51058,-647.4970988,-278.1359478,-65.704768,12.3767705,181.154996,571.9120409,-1.962771685,0.4690989536,0.06173186319,0.05407683124,0.07988622797,0.1322775476,0.08834890091,0.335206124,0.2029285764,0.1145796755
optimistic,0.1,catastrophic_100,19433,11990,0.6169917151,-15330.11217,-636.3496845,-225.827238,-64.67203325,11.5533005,176.0822645,593.8373831,-21.36392673,0.4704753962,0.06538782319,0.05462885738,0.08156797331,0.1268557131,0.08473728107,0.32793995,0.2010842369,0.1163469558
optimistic,0.2,all_fills,414222,188887,0.4560042682,-26622.72491,-18874.92435,-12679.49011,-4081.699683,-498.828068,-13.3275805,193.3080694,-3469.978215,0.7737218549,0.02710615341,0.02378670846,0.03595271247,0.05523937592,0.03808626322,0.1394325708,0.08419319487,0.04610693166
optimistic,0.2,adverse_fills,86614,50427,0.5822038008,-15356.62326,-835.2606493,-570.34398,-145.5818685,-28.940259,73.590167,328.448372,-300.9825524,0.615126817,0.05332460785,0.04513455094,0.06502468915,0.09582168283,0.06018601146,0.2213893351,0.1255676522,0.06538164079
optimistic,0.2,catastrophic_25,65222,37869,0.5806169697,-15999.23515,-836.577936,-560.379979,-140.030427,-29.366842,70.827537,325.8049704,-324.3040557,0.618738282,0.05342100399,0.04526129552,0.06440624257,0.09342734163,0.05989067575,0.2181731759,0.1247458343,0.06485515857
optimistic,0.2,catastrophic_50,43388,24648,0.568083341,-16477.88334,-827.7325309,-531.3935199,-119.7924015,-28.909064,69.174474,316.1022524,-333.5099576,0.6166828952,0.05525803311,0.0464946446,0.06633398247,0.09335443038,0.05797630639,0.2152304447,0.1218760143,0.06389970789
optimistic,0.2,catastrophic_100,19433,10397,0.5350177533,-17493.33386,-850.9723464,-469.9654126,-95.089521,-26.478971,68.089585,313.6886338,-366.7626927,0.611426373,0.05828604405,0.04770606906,0.06944310859,0.09291141675,0.05472732519,0.2131384053,0.1202269886,0.06549966336
optimistic,0.3,all_fills,414222,148183,0.3577381211,-27107.37399,-20108.526,-14304.97799,-5246.22241,-962.35448,-57.007399,66.8662032,-4097.289124,0.8506913749,0.02093357538,0.01760660805,0.02568445773,0.03688682238,0.02282987927,0.08508398399,0.04819716162,0.02536728235
optimistic,0.3,adverse_fills,86614,43736,0.5049530099,-17418.65633,-916.600272,-706.2749,-296.9648967,-56.918354,6.756757,170.695331,-519.6092341,0.7374702762,0.04191055423,0.03463965612,0.04764953357,0.06575818548,0.0364002195,0.1383299799,0.0725717944,0.0361715749
optimistic,0.3,catastrophic_25,65222,32973,0.5055502744,-18089.10926,-924.7441476,-695.681698,-287.315634,-56.768275,4.335136,167.6462428,-546.9986545,0.7413338186,0.04227701453,0.03348193977,0.04624996209,0.06447699633,0.03645406848,0.136657265,0.0721802687,0.03572620022
optimistic,0.3,catastrophic_50,43388,21436,0.4940536554,-18511.28753,-932.180229,-676.4329905,-268.795089,-56.1241915,5.535882,163.3720075,-563.409157,0.7390371338,0.04455122224,0.03424146296,0.04753685389,0.06423773092,0.0347079679,0.1346333271,0.07039559619,0.03568762829
optimistic,0.3,catastrophic_100,19433,9095,0.4680183194,-19771.29825,-1969.719508,-615.7243824,-205.620256,-52.802828,10.8772225,160.2979518,-589.9400321,0.7293018142,0.04914788345,0.03496426608,0.0503573392,0.06476085761,0.03276525563,0.1362286971,0.07146783947,0.03870258384
optimistic,0.4,all_fills,414222,122552,0.2958606737,-27348.35479,-20958.79182,-15474.80956,-6354.190111,-1421.579134,-97.5485705,-4.198138,-4640.814802,0.9075576082,0.01490795744,0.01177459364,0.01684183041,0.0220641034,0.01322703832,0.04891801031,0.02685390691,0.01362686859
optimistic,0.4,adverse_fills,86614,38322,0.442445794,-18643.66501,-960.7543748,-781.5034969,-411.4519342,-80.6337655,-17.53106925,66.6460368,-673.4778156,0.8322895465,0.03034810292,0.02353739366,0.03240958196,0.0396899953,0.02197171338,0.08141537498,0.04172537968,0.0197536663
optimistic,0.4,catastrophic_25,65222,28990,0.4444819233,-18954.11247,-974.1050023,-771.4401719,-397.0614943,-79.4427755,-17.68330725,64.4892332,-698.2887529,0.8339427389,0.03101069334,0.02314591238,0.0316315971,0.03870300103,0.02159365298,0.0802690583,0.04156605726,0.01997240428
optimistic,0.4,catastrophic_50,43388,18795,0.4331842906,-19708.52857,-1910.747574,-752.183729,-376.9381915,-77.641649,-17.2647285,65.0649084,-728.7020394,0.8306464485,0.03240223464,0.02426177175,0.03192338388,0.03963820165,0.0208566108,0.08076616121,0.04112795956,0.02027134876
optimistic,0.4,catastrophic_100,19433,8018,0.4125971286,-19997.92376,-3300.258606,-691.172889,-303.8829123,-70.335263,-13.872036,69.2221857,-739.9662081,0.8195310551,0.03679221751,0.02594163133,0.03442254926,0.0395360439,0.01983038164,0.08331254677,0.04377650287,0.02394612123
optimistic,0.5,all_fills,414222,105976,0.2558434849,-27502.77653,-21704.77639,-16477.84273,-7328.781635,-1883.094844,-224.8559085,-26.138637,-5121.533958,0.9495640522,0.009162451876,0.006699630105,0.009313429456,0.01190835661,0.006492035933,0.02526043633,0.01335207972,0.006860043783
optimistic,0.5,adverse_fills,86614,34092,0.3936084236,-19185.82008,-1089.271008,-824.9255836,-484.8533255,-111.6294515,-30.37297975,-0.7831964,-780.3311377,0.9031151003,0.01941804529,0.01419687903,0.0193593805,0.02243928194,0.01102898041,0.04391059486,0.02147131292,0.01044233251
optimistic,0.5,catastrophic_25,65222,25944,0.3977798902,-19701.80358,-1684.413188,-810.9729289,-469.3832372,-103.665273,-30.3513735,-1.420172,-800.976062,0.9058741906,0.019773358,0.01364477336,0.01838575393,0.02123805119,0.01090810977,0.04232192414,0.02108387296,0.01017576318
optimistic,0.5,catastrophic_50,43388,16893,0.389347285,-20166.79416,-2559.581744,-787.6234192,-440.808267,-97.785211,-30.10473,-0.5216804,-821.898105,0.9018528385,0.02095542532,0.01462144083,0.01864677677,0.02267211271,0.01077369325,0.04392351862,0.02125140591,0.01047771266
optimistic,0.5,catastrophic_100,19433,7227,0.3718931714,-20327.18125,-3094.684332,-726.9038244,-372.6705545,-86.376862,-27.308858,7.6997792,-799.0243776,0.8920713989,0.02546008025,0.01535907015,0.0196485402,0.02421475024,0.0099626401,0.04746091047,0.02324616023,0.01328352013
optimistic,0.6,all_fills,414222,94036,0.2270183621,-27606.77354,-22087.81473,-17027.40013,-7954.897334,-2246.09267,-364.4619313,-42.0829485,-5460.423367,0.9783168148,0.00420051895,0.003083925305,0.00393466332,0.00501935429,0.002626653622,0.01046407759,0.005444723297,0.002818069675
optimistic,0.6,adverse_fills,86614,30507,0.3522178863,-19779.59686,-1734.201265,-851.553872,-539.831061,-162.150994,-40.113715,-11.050621,-852.9071555,0.9554528469,0.009866587996,0.007047562854,0.008489854787,0.01012882289,0.004687448782,0.01914314747,0.009014324581,0.004326875799
optimistic,0.6,catastrophic_25,65222,23455,0.3596179203,-20197.19335,-2096.65271,-837.223203,-519.1653715,-152.80437,-39.51127,-11.0968196,-868.5207686,0.956171392,0.0103176295,0.006395224899,0.008313792368,0.009891281177,0.004434022596,0.0188019612,0.008910680026,0.004476657429
optimistic,0.6,catastrophic_50,43388,15261,0.3517331981,-20681.36289,-2897.168864,-808.091701,-486.256737,-141.158159,-39.611977,-10.636089,-890.2807805,0.9539348667,0.01068082039,0.007207915602,0.008059760173,0.01028766136,0.004586855383,0.02011663718,0.009828975821,0.005242120438
optimistic,0.6,catastrophic_100,19433,6543,0.3366953121,-21483.6708,-3332.307824,-763.804017,-410.2067705,-99.179711,-38.046095,-8.9810106,-872.5692285,0.9486474094,0.01253247746,0.006266238728,0.01023995109,0.010087116,0.00489072291,0.02231392328,0.01222680727,0.007336084365
optimistic,0.7,all_fills,414222,86154,0.2079899184,-27631.77048,-22228.85271,-17181.48769,-8207.552564,-2449.567316,-463.5658408,-51.3143419,-5615.023615,0.9928035843,0.001450890266,0.001056248114,0.001160712213,0.001752675442,0.000800891427,0.003528565128,0.001775889686,0.0009749982589
optimistic,0.7,adverse_fills,86614,27893,0.3220380077,-19014.33446,-991.3940034,-857.8925584,-567.908189,-186.562739,-45.221454,-16.42178,-844.14794,0.9847273509,0.003477575019,0.002724697953,0.002688846664,0.003513426308,0.001362348976,0.006381529416,0.002868103108,0.001505754132
optimistic,0.7,catastrophic_25,65222,21651,0.3319585416,-18980.65411,-993.1417425,-842.596234,-546.1460595,-175.659001,-44.6351405,-16.286671,-843.3667903,0.9850353332,0.00374116669,0.00240173664,0.002817421828,0.00314073253,0.001293242806,0.006004341601,0.002863609071,0.001570366265
optimistic,0.7,catastrophic_50,43388,14079,0.3244906426,-20238.10982,-1918.685782,-815.5888016,-508.141258,-164.178095,-44.8889425,-16.2225448,-864.5176949,0.9830243625,0.003977555224,0.002770083102,0.002841110874,0.003693444137,0.001562610981,0.007386888273,0.003693444137,0.002130833156
optimistic,0.7,catastrophic_100,19433,6017,0.3096279525,-20367.6708,-2172.681812,-763.5677688,-434.620859,-127.436073,-44.055807,-14.6487928,-824.6540998,0.979724115,0.004653481802,0.002492936679,0.00365630713,0.003490111351,0.002326740901,0.009473159382,0.005983048031,0.00365630713
optimistic,0.8,all_fills,414222,81006,0.1955618002,-27617.90032,-22206.86596,-17140.74287,-8197.059525,-2482.544137,-492.710001,-54.6771625,-5623.353321,0.9977655976,0.0004814458188,0.0002839295855,0.0003333086438,0.0005925487001,0.0002592400563,0.001135718342,0.0005431696418,0.0002839295855
optimistic,0.8,adverse_fills,86614,26331,0.3040039716,-18705.11438,-976.4778645,-856.843295,-574.5758835,-194.664026,-46.9994125,-18.285562,-832.8063814,0.9949109415,0.001253275607,0.0007975390224,0.0008355170711,0.001253275607,0.0004557365843,0.002202726824,0.0009494512172,0.0004937146329
optimistic,0.8,catastrophic_25,65222,20553,0.3151237313,-18494.18104,-971.2783258,-840.1717876,-552.180412,-183.422222,-46.392781,-18.071201,-821.8191841,0.9948912568,0.001459640928,0.0007784751618,0.000875784557,0.00102174865,0.0004378922785,0.001994842602,0.0009730939522,0.0005352016737
optimistic,0.8,catastrophic_50,43388,13329,0.3072047571,-19187.39995,-975.4979178,-812.013015,-514.457157,-172.519251,-46.800569,-18.2161112,-832.3542287,0.993923025,0.001650536424,0.001050341361,0.0009002925951,0.001125365744,0.0005251706805,0.002475804637,0.001350438893,0.0008252682122
optimistic,0.8,catastrophic_100,19433,5707,0.2936757063,-18089.13326,-1482.735206,-763.6724766,-441.103791,-138.154936,-46.020801,-17.0433006,-795.2880116,0.9915892763,0.002803574558,0.001226563869,0.001401787279,0.0005256702295,0.001051340459,0.002978797967,0.002453127738,0.001401787279
optimistic,0.9,all_fills,414222,71656,0.1729893632,-27574.54123,-21827.40296,-16665.9136,-7826.909128,-2411.44964,-491.3437202,-55.4122215,-5473.711066,0.9996092442,9.768895836e-05,6.97778274e-05,4.186669644e-05,1.395556548e-05,9.768895836e-05,0.0001814223512,0.0001674667858,6.97778274e-05
optimistic,0.9,adverse_fills,86614,23636,0.2728889094,-18724.82462,-972.783592,-856.8474535,-577.55809,-199.1457945,-48.12280725,-19.4119945,-830.521948,0.9991538331,0.0002538500592,0.0001692333728,0.0001269250296,0,0.000211541716,0.0002961584024,0.0002961584024,8.461668641e-05
optimistic,0.9,catastrophic_25,65222,18624,0.2855478213,-18269.86518,-963.8790914,-841.23962,-554.4900482,-188.289491,-47.56433975,-19.1709921,-809.8410767,0.9990335052,0.0002684707904,0.0002147766323,0.0001073883162,0,0.0002684707904,0.0003758591065,0.0003758591065,0.0001073883162
optimistic,0.9,catastrophic_50,43388,12093,0.2787176178,-18700.42705,-965.171709,-810.1649598,-517.153387,-176.858068,-47.973559,-19.1703054,-811.4440081,0.9985115356,0.0004134623336,0.0003307698669,0.0001653849334,0,0.0004134623336,0.000578847267,0.000578847267,0.0001653849334
optimistic,0.9,catastrophic_100,19433,5176,0.2663510523,-18626.53572,-965.1640408,-764.416079,-448.5929067,-145.706554,-47.12907925,-18.1488125,-792.8174097,0.9971020093,0.000772797527,0.0003863987635,0.0003863987635,0,0.0009659969088,0.001352395672,0.001352395672,0.0003863987635
