queue_cell,threshold,latency_ms,policy,eligible_opportunities,baseline_fills,cancelled_opportunities,cancel_rate,surviving_fills,baseline_fill_rate,surviving_fill_rate,fill_rate_reduction,cancel_too_late,cancel_too_late_rate,cancel_without_baseline_fill,unnecessary_cancel_rate,baseline_unfilled,baseline_negative_to_positive_ratio,baseline_observed,baseline_mean,baseline_median,baseline_p1,baseline_p5,baseline_p10,baseline_p25,baseline_p50,baseline_p75,baseline_p90,baseline_frac_favourable,baseline_cat_25_rate,baseline_cat_50_rate,baseline_cat_100_rate,surviving_observed,surviving_mean,surviving_median,surviving_p1,surviving_p5,surviving_p10,surviving_p25,surviving_p50,surviving_p75,surviving_p90,surviving_frac_favourable,surviving_cat_25_rate,surviving_cat_50_rate,surviving_cat_100_rate,baseline_cat_25_per_opportunity,surviving_cat_25_per_opportunity,baseline_cat_50_per_opportunity,surviving_cat_50_per_opportunity,baseline_cat_100_per_opportunity,surviving_cat_100_per_opportunity,catastrophic_25_avoided,catastrophic_50_avoided,catastrophic_100_avoided
conservative,,,never,428534,276955,0,0,276955,0.6462847755,0.6462847755,0,0,,0,,151579,10.77584458,276939,-56.93992901,-41.5,-323.5,-193.5,-145.5,-86.5,-41.5,-14.5,0.5,0.1282195718,0.6631460358,0.4411476896,0.1986394116,276939,-56.93992901,-41.5,-323.5,-193.5,-145.5,-86.5,-41.5,-14.5,0.5,0.1282195718,0.6631460358,0.4411476896,0.1986394116,0.4285564273,0.4285564273,0.2850905646,0.2850905646,0.128370211,0.128370211,0,0,0
conservative,0.1,0,cancel,428534,276955,253139,0.5907092553,94778,0.6462847755,0.221167982,0.4251167935,27072,0.1293769624,43890,0.173383003,151579,10.77584458,276939,-56.93992901,-41.5,-323.5,-193.5,-145.5,-86.5,-41.5,-14.5,0.5,0.1282195718,0.6631460358,0.4411476896,0.1986394116,94773,-58.95802602,-44.5,-356.5,-202.5,-150.5,-89.5,-44.5,-17.5,0.5,0.1134922394,0.6776930138,0.4584217024,0.2107245735,0.4285564273,0.1498760892,0.2850905646,0.1013828541,0.128370211,0.04660307,119424,78725,35040
conservative,0.1,25,cancel,428534,276955,253139,0.5907092553,99078,0.6462847755,0.2312021917,0.4150825839,31372,0.1499266424,43890,0.173383003,151579,10.77584458,276939,-56.93992901,-41.5,-323.5,-193.5,-145.5,-86.5,-41.5,-14.5,0.5,0.1282195718,0.6631460358,0.4411476896,0.1986394116,99073,-58.78987211,-44.5,-353.5,-201.5,-150.5,-89.5,-44.5,-17.5,0.5,0.1128158025,0.6785400664,0.4578240287,0.2096131136,0.4285564273,0.1568720335,0.2850905646,0.1058445771,0.128370211,0.04846056556,116426,76813,34244
conservative,0.1,50,cancel,428534,276955,253139,0.5907092553,103145,0.6462847755,0.2406926872,0.4055920884,35439,0.1693628165,43890,0.173383003,151579,10.77584458,276939,-56.93992901,-41.5,-323.5,-193.5,-145.5,-86.5,-41.5,-14.5,0.5,0.1282195718,0.6631460358,0.4411476896,0.1986394116,103140,-58.90835757,-44.5,-350.5,-201.5,-150.5,-89.5,-44.5,-17.5,0.5,0.1118382781,0.6802986232,0.4588229591,0.2094434749,0.4285564273,0.1637349662,0.2850905646,0.1104299776,0.128370211,0.05040906906,113485,74848,33409
conservative,0.1,100,cancel,428534,276955,253139,0.5907092553,109938,0.6462847755,0.2565444049,0.3897403707,42232,0.201826532,43890,0.173383003,151579,10.77584458,276939,-56.93992901,-41.5,-323.5,-193.5,-145.5,-86.5,-41.5,-14.5,0.5,0.1282195718,0.6631460358,0.4411476896,0.1986394116,109933,-58.94487552,-44.5,-349.5,-199.5,-149.5,-89.5,-44.5,-17.5,0.5,0.1115406657,0.6816879372,0.4594616721,0.2094821391,0.4285564273,0.1748752724,0.2850905646,0.1178669604,0.128370211,0.05373902654,108711,71661,31982
conservative,0.2,0,cancel,428534,276955,189233,0.4415822315,154885,0.6462847755,0.3614298982,0.2848548773,48205,0.2831008662,18958,0.1001833718,151579,10.77584458,276939,-56.93992901,-41.5,-323.5,-193.5,-145.5,-86.5,-41.5,-14.5,0.5,0.1282195718,0.6631460358,0.4411476896,0.1986394116,154874,-58.47177383,-42.5,-332.5,-194.5,-146.5,-87.5,-42.5,-16.5,0.5,0.1154874285,0.6756653796,0.4485710965,0.202261193,0.4285564273,0.2441883258,0.2850905646,0.1621154914,0.128370211,0.07309805056,79008,52699,23686
conservative,0.2,25,cancel,428534,276955,189233,0.4415822315,159583,0.6462847755,0.3723928556,0.2738919199,52903,0.3106915284,18958,0.1001833718,151579,10.77584458,276939,-56.93992901,-41.5,-323.5,-193.5,-145.5,-86.5,-41.5,-14.5,0.5,0.1282195718,0.6631460358,0.4411476896,0.1986394116,159572,-58.38592924,-42.5,-332.5,-194.5,-146.5,-87.5,-42.5,-16.5,0.5,0.1149073772,0.676014589,0.4482741333,0.2018837891,0.4285564273,0.2517256507,0.2850905646,0.1669225779,0.128370211,0.07517489861,75778,50639,22796
conservative,0.2,50,cancel,428534,276955,189233,0.4415822315,164012,0.6462847755,0.3827280916,0.263556684,57332,0.3367023932,18958,0.1001833718,151579,10.77584458,276939,-56.93992901,-41.5,-323.5,-193.5,-145.5,-86.5,-41.5,-14.5,0.5,0.1282195718,0.6631460358,0.4411476896,0.1986394116,164001,-58.39586344,-42.5,-331.5,-194.5,-146.5,-87.5,-42.5,-16.5,0.5,0.1138773544,0.6768739215,0.4482838519,0.2015170639,0.4285564273,0.2590412896,0.2850905646,0.1715593162,0.128370211,0.07712106857,72643,48652,21962
conservative,0.2,100,cancel,428534,276955,189233,0.4415822315,170661,0.6462847755,0.39824378,0.2480409956,63981,0.375750991,18958,0.1001833718,151579,10.77584458,276939,-56.93992901,-41.5,-323.5,-193.5,-145.5,-86.5,-41.5,-14.5,0.5,0.1282195718,0.6631460358,0.4411476896,0.1986394116,170650,-58.41058892,-43.5,-330.5,-194.5,-146.5,-87.5,-43.5,-17.5,0.5,0.1132845004,0.6780603575,0.4485672429,0.2016114855,0.4285564273,0.2700159147,0.2850905646,0.1786276001,0.128370211,0.08028534492,67940,45623,20606
conservative,0.3,0,cancel,428534,276955,148335,0.34614523,200446,0.6462847755,0.4677481833,0.1785365922,63773,0.4546057228,8053,0.05428927765,151579,10.77584458,276939,-56.93992901,-41.5,-323.5,-193.5,-145.5,-86.5,-41.5,-14.5,0.5,0.1282195718,0.6631460358,0.4411476896,0.1986394116,200431,-58.03817523,-42.5,-325.2,-193.5,-145.5,-86.5,-42.5,-16.5,0.5,0.1189835904,0.6717024812,0.4455548293,0.1987866148,0.4285564273,0.3141641037,0.2850905646,0.2083918662,0.128370211,0.09297511983,49021,32868,15168
conservative,0.3,25,cancel,428534,276955,148335,0.34614523,204318,0.6462847755,0.4767836391,0.1695011364,67645,0.4822072682,8053,0.05428927765,151579,10.77584458,276939,-56.93992901,-41.5,-323.5,-193.5,-145.5,-86.5,-41.5,-14.5,0.5,0.1282195718,0.6631460358,0.4411476896,0.1986394116,204303,-57.99601327,-42.5,-324.5,-193.5,-145.5,-86.5,-42.5,-16.5,0.5,0.1187158289,0.671884407,0.4455685917,0.1988419162,0.4285564273,0.3203199746,0.2850905646,0.2124242184,0.128370211,0.09479761232,46383,31140,14387
conservative,0.3,50,cancel,428534,276955,148335,0.34614523,207829,0.6462847755,0.484976688,0.1613080876,71156,0.5072354258,8053,0.05428927765,151579,10.77584458,276939,-56.93992901,-41.5,-323.5,-193.5,-145.5,-86.5,-41.5,-14.5,0.5,0.1282195718,0.6631460358,0.4411476896,0.1986394116,207814,-57.99289509,-42.5,-324.5,-192.5,-145.5,-86.5,-42.5,-16.5,0.5,0.1182644095,0.6720192095,0.4456725726,0.1987835276,0.4285564273,0.3258901277,0.2850905646,0.2161252083,0.128370211,0.0963984188,43996,29554,13701
conservative,0.3,100,cancel,428534,276955,148335,0.34614523,213292,0.6462847755,0.4977248013,0.1485599742,76619,0.5461784121,8053,0.05428927765,151579,10.77584458,276939,-56.93992901,-41.5,-323.5,-193.5,-145.5,-86.5,-41.5,-14.5,0.5,0.1282195718,0.6631460358,0.4411476896,0.1986394116,213277,-58.03068545,-42.5,-324.5,-193.5,-145.5,-86.5,-42.5,-16.5,0.5,0.1179686511,0.6723134703,0.4458474191,0.1991916615,0.4285564273,0.3346035554,0.2850905646,0.2218937121,0.128370211,0.09913565785,40262,27082,12528
conservative,0.4,0,cancel,428534,276955,122630,0.2861616581,231944,0.6462847755,0.5412499358,0.1050348397,73830,0.6212502419,3789,0.03089782272,151579,10.77584458,276939,-56.93992901,-41.5,-323.5,-193.5,-145.5,-86.5,-41.5,-14.5,0.5,0.1282195718,0.6631460358,0.4411476896,0.1986394116,231929,-57.57957177,-42.5,-322.5,-191.5,-144.5,-86.5,-42.5,-15.5,0.5,0.121981296,0.6687693216,0.4434331196,0.197513032,0.4285564273,0.3619479435,0.2850905646,0.239992626,0.128370211,0.1068970023,28544,19326,9202
conservative,0.4,25,cancel,428534,276955,122630,0.2861616581,234892,0.6462847755,0.5481292033,0.09815557225,76778,0.6460564957,3789,0.03089782272,151579,10.77584458,276939,-56.93992901,-41.5,-323.5,-193.5,-145.5,-86.5,-41.5,-14.5,0.5,0.1282195718,0.6631460358,0.4411476896,0.1986394116,234877,-57.5530235,-42.5,-322.5,-191.5,-144.5,-86.5,-42.5,-15.5,0.5,0.1218765567,0.6690012219,0.4435683358,0.1976651609,0.4285564273,0.3666756897,0.2850905646,0.2431172322,0.128370211,0.1083391283,26518,17987,8584
conservative,0.4,50,cancel,428534,276955,122630,0.2861616581,237499,0.6462847755,0.5542127346,0.09207204096,79385,0.6679933693,3789,0.03089782272,151579,10.77584458,276939,-56.93992901,-41.5,-323.5,-193.5,-145.5,-86.5,-41.5,-14.5,0.5,0.1282195718,0.6631460358,0.4411476896,0.1986394116,237484,-57.58398039,-42.5,-322.5,-192.5,-145.5,-86.5,-42.5,-15.5,0.5,0.1216039817,0.6691861346,0.4436846272,0.1979249128,0.4285564273,0.3708480541,0.2850905646,0.2458801402,0.128370211,0.1096855792,24730,16803,8007
conservative,0.4,100,cancel,428534,276955,122630,0.2861616581,241466,0.6462847755,0.5634698764,0.08281489917,83352,0.7013741049,3789,0.03089782272,151579,10.77584458,276939,-56.93992901,-41.5,-323.5,-193.5,-145.5,-86.5,-41.5,-14.5,0.5,0.1282195718,0.6631460358,0.4411476896,0.1986394116,241451,-57.61912562,-42.5,-322.5,-192.5,-145.5,-86.5,-42.5,-15.5,0.5,0.1213786648,0.6692952193,0.443692509,0.1981478644,0.4285564273,0.3771042671,0.2850905646,0.2499918326,0.128370211,0.1116434169,22049,15041,7168
conservative,0.5,0,cancel,428534,276955,106019,0.2473992729,252565,0.6462847755,0.589369805,0.05691497057,79905,0.7661441105,1724,0.01626123619,151579,10.77584458,276939,-56.93992901,-41.5,-323.5,-193.5,-145.5,-86.5,-41.5,-14.5,0.5,0.1282195718,0.6631460358,0.4411476896,0.1986394116,252550,-57.30724411,-41.5,-321.5,-192.5,-144.5,-86.5,-41.5,-15.5,0.5,0.1244070481,0.6670956246,0.4420867155,0.1969867353,0.4285564273,0.3931426678,0.2850905646,0.2605370869,0.128370211,0.1160911386,15176,10522,5262
conservative,0.5,25,cancel,428534,276955,106019,0.2473992729,254562,0.6462847755,0.5940298786,0.05225489693,81902,0.7852917206,1724,0.01626123619,151579,10.77584458,276939,-56.93992901,-41.5,-323.5,-193.5,-145.5,-86.5,-41.5,-14.5,0.5,0.1282195718,0.6631460358,0.4411476896,0.1986394116,254547,-57.30485922,-41.5,-322.5,-192.5,-145.5,-86.5,-41.5,-15.5,0.5,0.1244210303,0.6672323775,0.4422680291,0.1972288025,0.4285564273,0.396332613,0.2850905646,0.2627049429,0.128370211,0.117152898,13809,9593,4807
conservative,0.5,50,cancel,428534,276955,106019,0.2473992729,256270,0.6462847755,0.59801556,0.04826921551,83610,0.8016683446,1724,0.01626123619,151579,10.77584458,276939,-56.93992901,-41.5,-323.5,-193.5,-145.5,-86.5,-41.5,-14.5,0.5,0.1282195718,0.6631460358,0.4411476896,0.1986394116,256255,-57.32231956,-41.5,-322.5,-192.5,-145.5,-86.5,-41.5,-15.5,0.5,0.1242902578,0.6673001502,0.4423835632,0.1974829759,0.4285564273,0.3990325155,0.2850905646,0.2645367695,0.128370211,0.1180909799,12652,8808,4405
conservative,0.5,100,cancel,428534,276955,106019,0.2473992729,258947,0.6462847755,0.6042624389,0.04202233662,86287,0.8273359221,1724,0.01626123619,151579,10.77584458,276939,-56.93992901,-41.5,-323.5,-193.5,-145.5,-86.5,-41.5,-14.5,0.5,0.1282195718,0.6631460358,0.4411476896,0.1986394116,258932,-57.33250622,-41.5,-322.5,-192.5,-145.5,-86.5,-41.5,-15.5,0.5,0.1241909073,0.6671519936,0.4424057281,0.1978048291,0.4285564273,0.4031115384,0.2850905646,0.2673136787,0.128370211,0.1195191047,10904,7618,3793
conservative,0.6,0,cancel,428534,276955,94052,0.219473834,265953,0.6462847755,0.6206112,0.02567357549,82318,0.8821045864,732,0.007782928593,151579,10.77584458,276939,-56.93992901,-41.5,-323.5,-193.5,-145.5,-86.5,-41.5,-14.5,0.5,0.1282195718,0.6631460358,0.4411476896,0.1986394116,265937,-57.07819333,-41.5,-321.5,-192.5,-145.5,-86.5,-41.5,-14.5,0.5,0.1263870766,0.6645483705,0.4410518281,0.1974941433,0.4285564273,0.4124013497,0.2850905646,0.2737052369,0.128370211,0.1225597035,6923,4879,2490
conservative,0.6,25,cancel,428534,276955,94052,0.219473834,267136,0.6462847755,0.6233717745,0.02291300107,83501,0.8947813973,732,0.007782928593,151579,10.77584458,276939,-56.93992901,-41.5,-323.5,-193.5,-145.5,-86.5,-41.5,-14.5,0.5,0.1282195718,0.6631460358,0.4411476896,0.1986394116,267120,-57.07449648,-41.5,-322.31,-193.5,-145.5,-86.5,-41.5,-14.5,0.5,0.1263701707,0.6646600779,0.4411949686,0.1975890985,0.4285564273,0.414305516,0.2850905646,0.2750120177,0.128370211,0.1231640897,6107,4319,2231
conservative,0.6,50,cancel,428534,276955,94052,0.219473834,268075,0.6462847755,0.6255629658,0.0207218097,84440,0.9048435491,732,0.007782928593,151579,10.77584458,276939,-56.93992901,-41.5,-323.5,-193.5,-145.5,-86.5,-41.5,-14.5,0.5,0.1282195718,0.6631460358,0.4411476896,0.1986394116,268059,-57.07763403,-41.5,-322.5,-193.5,-145.5,-86.5,-41.5,-14.5,0.5,0.1263751637,0.6647081426,0.4413244845,0.1977437803,0.4285564273,0.4157919792,0.2850905646,0.2760597759,0.128370211,0.1236938026,5470,3870,2004
conservative,0.6,100,cancel,428534,276955,94052,0.219473834,269515,0.6462847755,0.6289232593,0.01736151624,85880,0.9202743249,732,0.007782928593,151579,10.77584458,276939,-56.93992901,-41.5,-323.5,-193.5,-145.5,-86.5,-41.5,-14.5,0.5,0.1282195718,0.6631460358,0.4411476896,0.1986394116,269499,-57.10533991,-41.5,-322.5,-193.5,-145.5,-86.5,-41.5,-14.5,0.5,0.1263603947,0.6648781628,0.4415044212,0.1980638147,0.4285564273,0.4181325169,0.2850905646,0.2776559153,0.128370211,0.1245595449,4467,3186,1633
conservative,0.7,0,cancel,428534,276955,86159,0.2010552255,273165,0.6462847755,0.6374406698,0.008844105719,82086,0.9558665984,283,0.003284624938,151579,10.77584458,276939,-56.93992901,-41.5,-323.5,-193.5,-145.5,-86.5,-41.5,-14.5,0.5,0.1282195718,0.6631460358,0.4411476896,0.1986394116,273149,-57.01074505,-41.5,-323.5,-193.5,-145.5,-86.5,-41.5,-14.5,0.5,0.1276226528,0.6634474225,0.4410083874,0.1979469081,0.4285564273,0.4228835985,0.2850905646,0.2811002161,0.128370211,0.126172019,2431,1710,942
conservative,0.7,25,cancel,428534,276955,86159,0.2010552255,273677,0.6462847755,0.6386354408,0.007649334709,82598,0.9618286832,283,0.003284624938,151579,10.77584458,276939,-56.93992901,-41.5,-323.5,-193.5,-145.5,-86.5,-41.5,-14.5,0.5,0.1282195718,0.6631460358,0.4411476896,0.1986394116,273661,-56.98936275,-41.5,-323.5,-193.5,-145.5,-86.5,-41.5,-14.5,0.5,0.1276140919,0.6634704982,0.44101644,0.1979712126,0.4285564273,0.4236910023,0.2850905646,0.2816322626,0.128370211,0.126424041,2085,1482,834
conservative,0.7,50,cancel,428534,276955,86159,0.2010552255,274056,0.6462847755,0.6395198514,0.006764924137,82977,0.9662420234,283,0.003284624938,151579,10.77584458,276939,-56.93992901,-41.5,-323.5,-193.5,-145.5,-86.5,-41.5,-14.5,0.5,0.1282195718,0.6631460358,0.4411476896,0.1986394116,274040,-56.98876989,-41.5,-323.5,-193.5,-145.5,-86.5,-41.5,-14.5,0.5,0.1276419501,0.6634578894,0.4410779448,0.1980477303,0.4285564273,0.4242697196,0.2850905646,0.2820616334,0.128370211,0.1266480606,1837,1298,738
conservative,0.7,100,cancel,428534,276955,86159,0.2010552255,274722,0.6462847755,0.6410739871,0.005210788409,83643,0.9739973916,283,0.003284624938,151579,10.77584458,276939,-56.93992901,-41.5,-323.5,-193.5,-145.5,-86.5,-41.5,-14.5,0.5,0.1282195718,0.6631460358,0.4411476896,0.1986394116,274706,-56.99065546,-41.5,-323.5,-193.5,-145.5,-86.5,-41.5,-14.5,0.5,0.1276273543,0.6636039985,0.4411880338,0.1982301078,0.4285564273,0.4253944845,0.2850905646,0.2828176994,0.128370211,0.1270727644,1355,974,556
conservative,0.8,0,cancel,428534,276955,81009,0.1890375093,275910,0.6462847755,0.6438462292,0.0024385463,79890,0.9870884043,74,0.0009134787493,151579,10.77584458,276939,-56.93992901,-41.5,-323.5,-193.5,-145.5,-86.5,-41.5,-14.5,0.5,0.1282195718,0.6631460358,0.4411476896,0.1986394116,275894,-56.96526565,-41.5,-323.5,-193.5,-145.5,-86.5,-41.5,-14.5,0.5,0.1280383046,0.6631822367,0.4409809565,0.1984240324,0.4285564273,0.4269626214,0.2850905646,0.2839074613,0.128370211,0.1277471566,683,507,267
conservative,0.8,25,cancel,428534,276955,81009,0.1890375093,276081,0.6462847755,0.6442452641,0.002039511451,80061,0.9892012108,74,0.0009134787493,151579,10.77584458,276939,-56.93992901,-41.5,-323.5,-193.5,-145.5,-86.5,-41.5,-14.5,0.5,0.1282195718,0.6631460358,0.4411476896,0.1986394116,276065,-56.95409052,-41.5,-323.5,-193.5,-145.5,-86.5,-41.5,-14.5,0.5,0.1280350642,0.6631916397,0.4410157028,0.1985075978,0.4285564273,0.4272333117,0.2850905646,0.2841058119,0.128370211,0.1278801682,567,422,210
conservative,0.8,50,cancel,428534,276955,81009,0.1890375093,276204,0.6462847755,0.6445322892,0.001752486384,80184,0.9907209489,74,0.0009134787493,151579,10.77584458,276939,-56.93992901,-41.5,-323.5,-193.5,-145.5,-86.5,-41.5,-14.5,0.5,0.1282195718,0.6631460358,0.4411476896,0.1986394116,276188,-56.95966335,-41.5,-323.5,-193.5,-145.5,-86.5,-41.5,-14.5,0.5,0.1280613205,0.6632330152,0.4411125755,0.1985785045,0.4285564273,0.4274503307,0.2850905646,0.2842948284,0.128370211,0.1279828438,474,341,166
conservative,0.8,100,cancel,428534,276955,81009,0.1890375093,276417,0.6462847755,0.6450293326,0.001255442975,80397,0.9933526904,74,0.0009134787493,151579,10.77584458,276939,-56.93992901,-41.5,-323.5,-193.5,-145.5,-86.5,-41.5,-14.5,0.5,0.1282195718,0.6631460358,0.4411476896,0.1986394116,276401,-56.96161193,-41.5,-323.5,-193.5,-145.5,-86.5,-41.5,-14.5,0.5,0.1280567002,0.6632935481,0.4411380567,0.198588283,0.4285564273,0.4278190295,0.2850905646,0.2845305157,0.128370211,0.128087853,316,240,121
conservative,0.9,0,cancel,428534,276955,71656,0.1672119365,276840,0.6462847755,0.6460164188,0.0002683567698,71540,0.9983950876,1,1.395556548e-05,151579,10.77584458,276939,-56.93992901,-41.5,-323.5,-193.5,-145.5,-86.5,-41.5,-14.5,0.5,0.1282195718,0.6631460358,0.4411476896,0.1986394116,276824,-56.94318592,-41.5,-323.5,-193.5,-145.5,-86.5,-41.5,-14.5,0.5,0.1282114268,0.6631325319,0.4410780857,0.1985449239,0.4285564273,0.4283697443,0.2850905646,0.284927217,0.128370211,0.1282558677,80,70,49
conservative,0.9,25,cancel,428534,276955,71656,0.1672119365,276868,0.6462847755,0.6460817578,0.0002030177302,71568,0.9987858489,1,1.395556548e-05,151579,10.77584458,276939,-56.93992901,-41.5,-323.5,-193.5,-145.5,-86.5,-41.5,-14.5,0.5,0.1282195718,0.6631460358,0.4411476896,0.1986394116,276852,-56.94483695,-41.5,-323.5,-193.5,-145.5,-86.5,-41.5,-14.5,0.5,0.1282201321,0.6631413174,0.4411021051,0.1985681881,0.4285564273,0.4284187486,0.2850905646,0.2849715542,0.128370211,0.1282838701,59,51,37
conservative,0.9,50,cancel,428534,276955,71656,0.1672119365,276888,0.6462847755,0.6461284285,0.0001563469876,71588,0.9990649641,1,1.395556548e-05,151579,10.77584458,276939,-56.93992901,-41.5,-323.5,-193.5,-145.5,-86.5,-41.5,-14.5,0.5,0.1282195718,0.6631460358,0.4411476896,0.1986394116,276872,-56.94687798,-41.5,-323.5,-193.5,-145.5,-86.5,-41.5,-14.5,0.5,0.1282144818,0.6631548152,0.4411280303,0.1985863504,0.4285564273,0.4284584187,0.2850905646,0.2850088908,0.128370211,0.128304872,42,35,28
conservative,0.9,100,cancel,428534,276955,71656,0.1672119365,276908,0.6462847755,0.6461750993,0.0001096762451,71608,0.9993440793,1,1.395556548e-05,151579,10.77584458,276939,-56.93992901,-41.5,-323.5,-193.5,-145.5,-86.5,-41.5,-14.5,0.5,0.1282195718,0.6631460358,0.4411476896,0.1986394116,276892,-56.94903428,-41.5,-323.5,-193.5,-145.5,-86.5,-41.5,-14.5,0.5,0.1282052208,0.6631502535,0.4411395057,0.1986008985,0.4285564273,0.4284864211,0.2850905646,0.2850368932,0.128370211,0.1283235403,30,23,20
midpoint,,,never,428534,305062,0,0,305062,0.7118735036,0.7118735036,0,0,,0,,123472,7.586918338,305041,-42.11263896,-26.5,-299.5,-174.5,-127.5,-70.5,-26.5,0.5,0.5,0.3287951456,0.5118393921,0.341419678,0.1536219721,305041,-42.11263896,-26.5,-299.5,-174.5,-127.5,-70.5,-26.5,0.5,0.5,0.3287951456,0.5118393921,0.341419678,0.1536219721,0.364339819,0.364339819,0.2430308914,0.2430308914,0.1093518834,0.1093518834,0,0,0
midpoint,0.1,0,cancel,428534,305062,253139,0.5907092553,113789,0.7118735036,0.2655308564,0.4463426473,38629,0.1680237666,23237,0.09179541675,123472,7.586918338,305041,-42.11263896,-26.5,-299.5,-174.5,-127.5,-70.5,-26.5,0.5,0.5,0.3287951456,0.5118393921,0.341419678,0.1536219721,113784,-48.15965777,-33.5,-332.5,-188.5,-137.5,-77.5,-33.5,0.5,0.5,0.2579888209,0.5642533221,0.3812662589,0.1756749631,0.364339819,0.1498200843,0.2430308914,0.1012335077,0.1093518834,0.04664507367,91929,60765,26872
midpoint,0.1,25,cancel,428534,305062,253139,0.5907092553,119834,0.7118735036,0.2796370883,0.4322364153,44674,0.1943175788,23237,0.09179541675,123472,7.586918338,305041,-42.11263896,-26.5,-299.5,-174.5,-127.5,-70.5,-26.5,0.5,0.5,0.3287951456,0.5118393921,0.341419678,0.1536219721,119827,-47.75963681,-33.5,-329.5,-187.5,-137.5,-77.5,-33.5,0.5,0.5,0.2605506272,0.5625693708,0.3789045874,0.1739424337,0.364339819,0.1573060714,0.2430308914,0.1059495863,0.1093518834,0.04863791438,88721,58744,26018
midpoint,0.1,50,cancel,428534,305062,253139,0.5907092553,125717,0.7118735036,0.2933652872,0.4185082164,50557,0.2199067429,23237,0.09179541675,123472,7.586918338,305041,-42.11263896,-26.5,-299.5,-174.5,-127.5,-70.5,-26.5,0.5,0.5,0.3287951456,0.5118393921,0.341419678,0.1536219721,125710,-47.51753242,-33.5,-326.5,-186.5,-136.5,-76.5,-33.5,0.5,0.5,0.2627794129,0.5614350489,0.3773287726,0.1725001989,0.364339819,0.1646963835,0.2430308914,0.1106890002,0.1093518834,0.05060275264,85554,56713,25176
midpoint,0.1,100,cancel,428534,305062,253139,0.5907092553,135383,0.7118735036,0.3159212571,0.3959522465,60223,0.2619507442,23237,0.09179541675,123472,7.586918338,305041,-42.11263896,-26.5,-299.5,-174.5,-127.5,-70.5,-26.5,0.5,0.5,0.3287951456,0.5118393921,0.341419678,0.1536219721,135376,-47.0345039,-32.5,-324.5,-184.5,-135.5,-76.5,-32.5,0.5,0.5,0.2680091006,0.5572331876,0.3745346295,0.1711603238,0.364339819,0.1760327069,0.2430308914,0.118317333,0.1093518834,0.05407038881,80696,53444,23690
midpoint,0.2,0,cancel,428534,305062,189233,0.4415822315,187752,0.7118735036,0.438126263,0.2737472406,64152,0.3535285625,7771,0.04106577605,123472,7.586918338,305041,-42.11263896,-26.5,-299.5,-174.5,-127.5,-70.5,-26.5,0.5,0.5,0.3287951456,0.5118393921,0.341419678,0.1536219721,187741,-44.65743498,-29.5,-308.1,-178.5,-130.5,-72.5,-29.5,0.5,0.5,0.3037322695,0.5311146739,0.3527039911,0.1590382495,0.364339819,0.2326816542,0.2430308914,0.1545198281,0.1093518834,0.06967475159,56420,37930,17003
midpoint,0.2,25,cancel,428534,305062,189233,0.4415822315,194030,0.7118735036,0.4527762091,0.2590972945,70430,0.3881253375,7771,0.04106577605,123472,7.586918338,305041,-42.11263896,-26.5,-299.5,-174.5,-127.5,-70.5,-26.5,0.5,0.5,0.3287951456,0.5118393921,0.341419678,0.1536219721,194017,-44.59978507,-29.5,-307.5,-178.5,-130.5,-72.5,-29.5,0.5,0.5,0.3026075035,0.5318348392,0.352618585,0.1587953633,0.364339819,0.2407860286,0.2430308914,0.1596466091,0.1093518834,0.0718939454,52947,35733,16052
midpoint,0.2,50,cancel,428534,305062,189233,0.4415822315,199888,0.7118735036,0.4664460696,0.245427434,76288,0.4204075784,7771,0.04106577605,123472,7.586918338,305041,-42.11263896,-26.5,-299.5,-174.5,-127.5,-70.5,-26.5,0.5,0.5,0.3287951456,0.5118393921,0.341419678,0.1536219721,199875,-44.58857036,-29.5,-306.5,-177.5,-130.5,-72.5,-29.5,0.5,0.5,0.301713571,0.532572858,0.3524853033,0.1585190744,0.364339819,0.2484003603,0.2430308914,0.1644046913,0.1093518834,0.07393579039,49684,33694,15177
midpoint,0.2,100,cancel,428534,305062,189233,0.4415822315,208918,0.7118735036,0.4875179099,0.2243555937,85318,0.4701700632,7771,0.04106577605,123472,7.586918338,305041,-42.11263896,-26.5,-299.5,-174.5,-127.5,-70.5,-26.5,0.5,0.5,0.3287951456,0.5118393921,0.341419678,0.1536219721,208905,-44.45451521,-29.5,-306.5,-177.5,-129.5,-72.5,-29.5,0.5,0.5,0.3018884182,0.5318829133,0.352116991,0.158244178,0.364339819,0.259286311,0.2430308914,0.1716526577,0.1093518834,0.07714207041,45019,30588,13803
midpoint,0.3,0,cancel,428534,305062,148335,0.34614523,237598,0.7118735036,0.5544437548,0.1574297489,78209,0.5368805475,2662,0.01794586578,123472,7.586918338,305041,-42.11263896,-26.5,-299.5,-174.5,-127.5,-70.5,-26.5,0.5,0.5,0.3287951456,0.5118393921,0.341419678,0.1536219721,237583,-43.34252872,-27.5,-300.5,-174.5,-127.5,-71.5,-27.5,0.5,0.5,0.320532193,0.518740819,0.3449741774,0.1542029522,0.364339819,0.2875944499,0.2430308914,0.1912567031,0.1093518834,0.08549146625,32888,22187,10225
midpoint,0.3,25,cancel,428534,305062,148335,0.34614523,242456,0.7118735036,0.5657800781,0.1460934255,83067,0.570229212,2662,0.01794586578,123472,7.586918338,305041,-42.11263896,-26.5,-299.5,-174.5,-127.5,-70.5,-26.5,0.5,0.5,0.3287951456,0.5118393921,0.341419678,0.1536219721,242439,-43.37757127,-27.5,-300.5,-174.5,-127.5,-71.5,-27.5,0.5,0.5,0.3190369536,0.5197761086,0.3455013426,0.1544842208,0.364339819,0.2940583478,0.2430308914,0.1954640705,0.1093518834,0.08739796609,30118,20384,9408
midpoint,0.3,50,cancel,428534,305062,148335,0.34614523,246943,0.7118735036,0.5762506592,0.1356228444,87554,0.6010310765,2662,0.01794586578,123472,7.586918338,305041,-42.11263896,-26.5,-299.5,-174.5,-127.5,-70.5,-26.5,0.5,0.5,0.3287951456,0.5118393921,0.341419678,0.1536219721,246926,-43.3896552,-27.5,-300.5,-174.5,-127.5,-71.5,-27.5,0.5,0.5,0.3177470173,0.520516268,0.3457554085,0.1545037785,0.364339819,0.2999271936,0.2430308914,0.1992280659,0.1093518834,0.08902677501,27603,18771,8710
midpoint,0.3,100,cancel,428534,305062,148335,0.34614523,253922,0.7118735036,0.5925364148,0.1193370888,94533,0.6489397486,2662,0.01794586578,123472,7.586918338,305041,-42.11263896,-26.5,-299.5,-174.5,-127.5,-70.5,-26.5,0.5,0.5,0.3287951456,0.5118393921,0.341419678,0.1536219721,253905,-43.36104252,-27.5,-300.5,-174.5,-128.5,-71.5,-27.5,0.5,0.5,0.3169571296,0.5205608397,0.3459128414,0.1547468541,0.364339819,0.3084306029,0.2430308914,0.2049522325,0.1093518834,0.09168700733,23959,16318,7570
midpoint,0.4,0,cancel,428534,305062,122630,0.2861616581,268386,0.7118735036,0.6262886959,0.08558480774,84882,0.6982839468,1072,0.008741743456,123472,7.586918338,305041,-42.11263896,-26.5,-299.5,-174.5,-127.5,-70.5,-26.5,0.5,0.5,0.3287951456,0.5118393921,0.341419678,0.1536219721,268367,-42.74435754,-27.5,-298.5,-173.5,-127.5,-70.5,-27.5,0.5,0.5,0.3264149467,0.5142882694,0.3425197584,0.1530665097,0.364339819,0.3220701275,0.2430308914,0.2145010664,0.1093518834,0.09585703818,18114,12226,5783
midpoint,0.4,25,cancel,428534,305062,122630,0.2861616581,271805,0.7118735036,0.6342670593,0.0776064443,88301,0.7264104378,1072,0.008741743456,123472,7.586918338,305041,-42.11263896,-26.5,-299.5,-174.5,-127.5,-70.5,-26.5,0.5,0.5,0.3287951456,0.5118393921,0.341419678,0.1536219721,271786,-42.78579103,-27.5,-298.5,-174.5,-127.5,-70.5,-27.5,0.5,0.5,0.3251933507,0.5152104965,0.3431596918,0.1533964222,0.364339819,0.3267582035,0.2430308914,0.2176396739,0.1093518834,0.09728749644,16105,10881,5170
midpoint,0.4,50,cancel,428534,305062,122630,0.2861616581,274748,0.7118735036,0.6411346591,0.07073884453,91244,0.7506211027,1072,0.008741743456,123472,7.586918338,305041,-42.11263896,-26.5,-299.5,-174.5,-127.5,-70.5,-26.5,0.5,0.5,0.3287951456,0.5118393921,0.341419678,0.1536219721,274729,-42.83922156,-27.5,-298.5,-174.5,-127.5,-70.5,-27.5,0.5,0.5,0.3241667243,0.5160321626,0.3436441002,0.1537260355,0.364339819,0.3308232252,0.2430308914,0.2203069068,0.1093518834,0.09855227357,14363,9738,4628
midpoint,0.4,100,cancel,428534,305062,122630,0.2861616581,279414,0.7118735036,0.6520229433,0.05985056028,95910,0.7890060712,1072,0.008741743456,123472,7.586918338,305041,-42.11263896,-26.5,-299.5,-174.5,-127.5,-70.5,-26.5,0.5,0.5,0.3287951456,0.5118393921,0.341419678,0.1536219721,279395,-42.8348682,-27.5,-298.5,-174.5,-127.5,-70.5,-27.5,0.5,0.5,0.3235133055,0.5162511856,0.3437785214,0.1539576585,0.364339819,0.3365847284,0.2430308914,0.2241362412,0.1093518834,0.1003770996,11894,8097,3846
midpoint,0.5,0,cancel,428534,305062,106019,0.2473992729,286386,0.7118735036,0.6682923642,0.04358113942,86944,0.8231774285,399,0.003763476358,123472,7.586918338,305041,-42.11263896,-26.5,-299.5,-174.5,-127.5,-70.5,-26.5,0.5,0.5,0.3287951456,0.5118393921,0.341419678,0.1536219721,286366,-42.42567204,-26.5,-298.5,-174.5,-127.5,-70.5,-26.5,0.5,0.5,0.3283699881,0.5126795779,0.3411997234,0.1525565186,0.364339819,0.34259592,0.2430308914,0.2280052458,0.1093518834,0.1019452366,9318,6439,3174
midpoint,0.5,25,cancel,428534,305062,106019,0.2473992729,288538,0.7118735036,0.6733141361,0.03855936752,89096,0.8435523575,399,0.003763476358,123472,7.586918338,305041,-42.11263896,-26.5,-299.5,-174.5,-127.5,-70.5,-26.5,0.5,0.5,0.3287951456,0.5118393921,0.341419678,0.1536219721,288518,-42.46280821,-26.5,-298.5,-174.5,-127.5,-70.5,-26.5,0.5,0.5,0.3275254923,0.5133648507,0.3417915,0.1529297999,0.364339819,0.3456318518,0.2430308914,0.2301170969,0.1093518834,0.1029626587,8017,5534,2738
midpoint,0.5,50,cancel,428534,305062,106019,0.2473992729,290365,0.7118735036,0.6775775084,0.03429599518,90923,0.8608502178,399,0.003763476358,123472,7.586918338,305041,-42.11263896,-26.5,-299.5,-174.5,-127.5,-70.5,-26.5,0.5,0.5,0.3287951456,0.5118393921,0.341419678,0.1536219721,290345,-42.49996039,-27.5,-298.5,-174.5,-127.5,-70.5,-27.5,0.5,0.5,0.3268077632,0.5139093148,0.3422514595,0.153241833,0.364339819,0.3481894085,0.2430308914,0.231885918,0.1093518834,0.1038260675,6921,4776,2368
midpoint,0.5,100,cancel,428534,305062,106019,0.2473992729,293086,0.7118735036,0.683927063,0.02794644066,93644,0.886612384,399,0.003763476358,123472,7.586918338,305041,-42.11263896,-26.5,-299.5,-174.5,-127.5,-70.5,-26.5,0.5,0.5,0.3287951456,0.5118393921,0.341419678,0.1536219721,293065,-42.49969973,-27.5,-299,-174.5,-127.5,-70.5,-27.5,0.5,0.5,0.32619726,0.5141248528,0.3424564516,0.1535120195,0.364339819,0.3515987063,0.2430308914,0.2341984533,0.1093518834,0.1049835019,5460,3785,1872
midpoint,0.6,0,cancel,428534,305062,94052,0.219473834,297189,0.7118735036,0.6935015658,0.01837193782,86031,0.9161590561,148,0.001573597584,123472,7.586918338,305041,-42.11263896,-26.5,-299.5,-174.5,-127.5,-70.5,-26.5,0.5,0.5,0.3287951456,0.5118393921,0.341419678,0.1536219721,297168,-42.22311958,-26.5,-299,-174.5,-127.5,-70.5,-26.5,0.5,0.5,0.3292380068,0.5115321973,0.3408139504,0.1528663921,0.364339819,0.3547233125,0.2430308914,0.2363383069,0.1093518834,0.1060055912,4121,2868,1434
midpoint,0.6,25,cancel,428534,305062,94052,0.219473834,298283,0.7118735036,0.6960544554,0.0158190482,87125,0.927809252,148,0.001573597584,123472,7.586918338,305041,-42.11263896,-26.5,-299.5,-174.5,-127.5,-70.5,-26.5,0.5,0.5,0.3287951456,0.5118393921,0.341419678,0.1536219721,298262,-42.2368924,-26.5,-299.5,-174.5,-127.5,-70.5,-26.5,0.5,0.5,0.3287445266,0.5119928117,0.3412301936,0.153050003,0.364339819,0.3563497879,0.2430308914,0.2374980748,0.1093518834,0.1065236364,3424,2371,1212
midpoint,0.6,50,cancel,428534,305062,94052,0.219473834,299174,0.7118735036,0.698133637,0.01373986662,88016,0.9372976657,148,0.001573597584,123472,7.586918338,305041,-42.11263896,-26.5,-299.5,-174.5,-127.5,-70.5,-26.5,0.5,0.5,0.3287951456,0.5118393921,0.341419678,0.1536219721,299153,-42.24412926,-26.5,-299.5,-174.5,-127.5,-70.5,-26.5,0.5,0.5,0.3283704325,0.5122662985,0.3414640669,0.1532025418,0.364339819,0.3576052309,0.2430308914,0.2383708177,0.1093518834,0.1069483402,2886,1997,1030
midpoint,0.6,100,cancel,428534,305062,94052,0.219473834,300470,0.7118735036,0.7011579011,0.0107156025,89312,0.9510989947,148,0.001573597584,123472,7.586918338,305041,-42.11263896,-26.5,-299.5,-174.5,-127.5,-70.5,-26.5,0.5,0.5,0.3287951456,0.5118393921,0.341419678,0.1536219721,300449,-42.26472879,-26.5,-299.5,-174.5,-127.5,-70.5,-26.5,0.5,0.5,0.3279258709,0.5126161179,0.3416919344,0.1534636494,0.364339819,0.3593997209,0.2430308914,0.2395632552,0.1093518834,0.1075947299,2117,1486,753
midpoint,0.7,0,cancel,428534,305062,86159,0.2010552255,302349,0.7118735036,0.7055426174,0.006330886231,83398,0.9684941529,48,0.0005571095301,123472,7.586918338,305041,-42.11263896,-26.5,-299.5,-174.5,-127.5,-70.5,-26.5,0.5,0.5,0.3287951456,0.5118393921,0.341419678,0.1536219721,302328,-42.16967499,-26.5,-299.5,-174.5,-127.5,-70.5,-26.5,0.5,0.5,0.3290366754,0.5115867535,0.3410898097,0.1532044667,0.364339819,0.3609211871,0.2430308914,0.2406366823,0.1093518834,0.1080847727,1465,1026,543
midpoint,0.7,25,cancel,428534,305062,86159,0.2010552255,302770,0.7118735036,0.7065250365,0.005348467099,83819,0.9733831915,48,0.0005571095301,123472,7.586918338,305041,-42.11263896,-26.5,-299.5,-174.5,-127.5,-70.5,-26.5,0.5,0.5,0.3287951456,0.5118393921,0.341419678,0.1536219721,302749,-42.16632425,-26.5,-299.5,-174.5,-127.5,-70.5,-26.5,0.5,0.5,0.3288202438,0.5117605673,0.3412595913,0.1532787887,0.364339819,0.3615465751,0.2430308914,0.241091722,0.1093518834,0.1082877905,1197,831,456
midpoint,0.7,50,cancel,428534,305062,86159,0.2010552255,303142,0.7118735036,0.7073931123,0.004480391288,84191,0.977703197,48,0.0005571095301,123472,7.586918338,305041,-42.11263896,-26.5,-299.5,-174.5,-127.5,-70.5,-26.5,0.5,0.5,0.3287951456,0.5118393921,0.341419678,0.1536219721,303121,-42.16780263,-26.5,-299.5,-174.5,-127.5,-70.5,-26.5,0.5,0.5,0.3286575328,0.511907786,0.3413917215,0.1533480029,0.364339819,0.3620949563,0.2430308914,0.2414814227,0.1093518834,0.1084698064,962,664,378
midpoint,0.7,100,cancel,428534,305062,86159,0.2010552255,303636,0.7118735036,0.7085458797,0.003327623946,84685,0.9834399786,48,0.0005571095301,123472,7.586918338,305041,-42.11263896,-26.5,-299.5,-174.5,-127.5,-70.5,-26.5,0.5,0.5,0.3287951456,0.5118393921,0.341419678,0.1536219721,303615,-42.17529108,-26.5,-299.5,-174.5,-127.5,-70.5,-26.5,0.5,0.5,0.3284323897,0.5121156728,0.3415312155,0.1535167894,0.364339819,0.362832354,0.2430308914,0.241973799,0.1093518834,0.1087661656,646,453,251
midpoint,0.8,0,cancel,428534,305062,81009,0.1890375093,304283,0.7118735036,0.7100556782,0.001817825423,80217,0.9903822411,13,0.0001604759965,123472,7.586918338,305041,-42.11263896,-26.5,-299.5,-174.5,-127.5,-70.5,-26.5,0.5,0.5,0.3287951456,0.5118393921,0.341419678,0.1536219721,304262,-42.13136705,-26.5,-299.5,-174.5,-127.5,-70.5,-26.5,0.5,0.5,0.328946763,0.511657716,0.3412453741,0.153469707,0.364339819,0.3632803932,0.2430308914,0.242286493,0.1093518834,0.1089645162,454,319,166
midpoint,0.8,25,cancel,428534,305062,81009,0.1890375093,304420,0.7118735036,0.7103753728,0.001498130837,80354,0.9920736827,13,0.0001604759965,123472,7.586918338,305041,-42.11263896,-26.5,-299.5,-174.5,-127.5,-70.5,-26.5,0.5,0.5,0.3287951456,0.5118393921,0.341419678,0.1536219721,304399,-42.12380954,-26.5,-299.5,-174.5,-127.5,-70.5,-26.5,0.5,0.5,0.3288677032,0.5117165299,0.3413053262,0.1535320418,0.364339819,0.3634857444,0.2430308914,0.2424381729,0.1093518834,0.1090578577,366,254,126
midpoint,0.8,50,cancel,428534,305062,81009,0.1890375093,304572,0.7118735036,0.7107300704,0.001143433193,80506,0.9939503185,13,0.0001604759965,123472,7.586918338,305041,-42.11263896,-26.5,-299.5,-174.5,-127.5,-70.5,-26.5,0.5,0.5,0.3287951456,0.5118393921,0.341419678,0.1536219721,304551,-42.13401532,-26.5,-299.5,-174.5,-127.5,-70.5,-26.5,0.5,0.5,0.3287823714,0.5118420232,0.3414107982,0.1535900391,0.364339819,0.3637564347,0.2430308914,0.2426341901,0.1093518834,0.1091535327,250,170,85
midpoint,0.8,100,cancel,428534,305062,81009,0.1890375093,304703,0.7118735036,0.7110357638,0.0008377398293,80637,0.9955676824,13,0.0001604759965,123472,7.586918338,305041,-42.11263896,-26.5,-299.5,-174.5,-127.5,-70.5,-26.5,0.5,0.5,0.3287951456,0.5118393921,0.341419678,0.1536219721,304682,-42.13421206,-26.5,-299.5,-174.5,-127.5,-70.5,-26.5,0.5,0.5,0.3287099336,0.5119107791,0.3414478046,0.1536191833,0.364339819,0.363961786,0.2430308914,0.2427648681,0.1093518834,0.1092212053,162,114,56
midpoint,0.9,0,cancel,428534,305062,71656,0.1672119365,304977,0.7118735036,0.711675153,0.000198350656,71571,0.9988137769,0,0,123472,7.586918338,305041,-42.11263896,-26.5,-299.5,-174.5,-127.5,-70.5,-26.5,0.5,0.5,0.3287951456,0.5118393921,0.341419678,0.1536219721,304956,-42.11317534,-26.5,-299.5,-174.5,-127.5,-70.5,-26.5,0.5,0.5,0.328840882,0.5117820276,0.3413410459,0.1535500203,0.364339819,0.3641974732,0.2430308914,0.2429072139,0.1093518834,0.1092702096,61,53,35
midpoint,0.9,25,cancel,428534,305062,71656,0.1672119365,304997,0.7118735036,0.7117218237,0.0001516799134,71591,0.9990928882,0,0,123472,7.586918338,305041,-42.11263896,-26.5,-299.5,-174.5,-127.5,-70.5,-26.5,0.5,0.5,0.3287951456,0.5118393921,0.341419678,0.1536219721,304976,-42.11488281,-26.5,-299.5,-174.5,-127.5,-70.5,-26.5,0.5,0.5,0.3288357117,0.5117943707,0.3413612874,0.1535596244,0.364339819,0.3642301428,0.2430308914,0.2429375499,0.1093518834,0.1092842108,47,40,29
midpoint,0.9,50,cancel,428534,305062,71656,0.1672119365,305016,0.7118735036,0.7117661609,0.0001073427079,71610,0.999358044,0,0,123472,7.586918338,305041,-42.11263896,-26.5,-299.5,-174.5,-127.5,-70.5,-26.5,0.5,0.5,0.3287951456,0.5118393921,0.341419678,0.1536219721,304995,-42.11910359,-26.5,-299.5,-174.5,-127.5,-70.5,-26.5,0.5,0.5,0.3288152265,0.511824784,0.3413990393,0.1535795669,0.364339819,0.36427448,0.2430308914,0.2429795535,0.1093518834,0.1093052127,28,22,20
midpoint,0.9,100,cancel,428534,305062,71656,0.1672119365,305032,0.7118735036,0.7118034975,7.000611387e-05,71626,0.999581333,0,0,123472,7.586918338,305041,-42.11263896,-26.5,-299.5,-174.5,-127.5,-70.5,-26.5,0.5,0.5,0.3287951456,0.5118393921,0.341419678,0.1536219721,305011,-42.12140546,-26.5,-299.5,-174.5,-127.5,-70.5,-26.5,0.5,0.5,0.3287979778,0.5118307209,0.3414106376,0.1535944605,0.364339819,0.3642978153,0.2430308914,0.2430005554,0.1093518834,0.1093215474,18,13,13
optimistic,,,never,428534,414222,0,0,414222,0.9666024166,0.9666024166,0,0,,0,,14312,1.638890611,414208,-5.934624633,0.5,-210.5,-96.5,-53.5,0.5,0.5,0.5,18.5,0.7908900842,0.1574619515,0.1047493047,0.04691604218,414208,-5.934624633,0.5,-210.5,-96.5,-53.5,0.5,0.5,0.5,18.5,0.7908900842,0.1574619515,0.1047493047,0.04691604218,0.1521979586,0.1521979586,0.1012475089,0.1012475089,0.04534762703,0.04534762703,0,0,0
optimistic,0.1,0,cancel,428534,414222,253139,0.5907092553,326972,0.9666024166,0.7630013021,0.2036011145,164956,0.6540526395,933,0.003685722074,14312,1.638890611,414208,-5.934624633,0.5,-210.5,-96.5,-53.5,0.5,0.5,0.5,18.5,0.7908900842,0.1574619515,0.1047493047,0.04691604218,326964,-3.725089001,0.5,-204.5,-85.5,-40.5,0.5,0.5,0.5,18.5,0.8317918792,0.1276654311,0.08645905971,0.04001663792,0.1521979586,0.09740650683,0.1012475089,0.0659667611,0.04534762703,0.03053199979,23480,15119,6349
optimistic,0.1,25,cancel,428534,414222,253139,0.5907092553,335541,0.9666024166,0.7829973818,0.1836050348,173525,0.6880288336,933,0.003685722074,14312,1.638890611,414208,-5.934624633,0.5,-210.5,-96.5,-53.5,0.5,0.5,0.5,18.5,0.7908900842,0.1574619515,0.1047493047,0.04691604218,335532,-3.996393787,0.5,-206.5,-88.5,-42.5,0.5,0.5,0.5,19.5,0.825584445,0.1323122683,0.08949071922,0.04133137823,0.1521979586,0.1035973808,0.1012475089,0.07006911937,0.04534762703,0.0323614929,20827,13361,5565
optimistic,0.1,50,cancel,428534,414222,253139,0.5907092553,343108,0.9666024166,0.8006552572,0.1659471594,181092,0.7180320849,933,0.003685722074,14312,1.638890611,414208,-5.934624633,0.5,-210.5,-96.5,-53.5,0.5,0.5,0.5,18.5,0.7908900842,0.1574619515,0.1047493047,0.04691604218,343099,-4.268231618,0.5,-208.5,-89.5,-44.5,0.5,0.5,0.5,19.5,0.8205153615,0.1361268905,0.09200551444,0.0423288905,0.1521979586,0.1089878516,0.1012475089,0.07366276655,0.04534762703,0.03388995972,18517,11821,4910
optimistic,0.1,100,cancel,428534,414222,253139,0.5907092553,355356,0.9666024166,0.82923642,0.1373659966,193340,0.7665955608,933,0.003685722074,14312,1.638890611,414208,-5.934624633,0.5,-210.5,-96.5,-53.5,0.5,0.5,0.5,18.5,0.7908900842,0.1574619515,0.1047493047,0.04691604218,355346,-4.619289369,0.5,-208.5,-91.5,-46.5,0.5,0.5,0.5,20.5,0.8135338515,0.1411750801,0.09523675516,0.04362227238,0.1521979586,0.1170642236,0.1012475089,0.07897156352,0.04534762703,0.03617215904,15056,9546,3932
optimistic,0.2,0,cancel,428534,414222,189233,0.4415822315,371481,0.9666024166,0.8668647062,0.09973771043,146146,0.7737218549,346,0.00182843373,14312,1.638890611,414208,-5.934624633,0.5,-210.5,-96.5,-53.5,0.5,0.5,0.5,18.5,0.7908900842,0.1574619515,0.1047493047,0.04691604218,371470,-4.322966861,0.5,-203.5,-88.5,-44.5,0.5,0.5,0.5,18.5,0.8190782567,0.1367109053,0.09136673217,0.04143807037,0.1521979586,0.1185063496,0.1012475089,0.07920025016,0.04534762703,0.03592013703,14438,9448,4040
optimistic,0.2,25,cancel,428534,414222,189233,0.4415822315,376601,0.9666024166,0.8788124163,0.08779000033,151266,0.8008280083,346,0.00182843373,14312,1.638890611,414208,-5.934624633,0.5,-210.5,-96.5,-53.5,0.5,0.5,0.5,18.5,0.7908900842,0.1574619515,0.1047493047,0.04691604218,376589,-4.573792649,0.5,-205.5,-90.5,-46.5,0.5,0.5,0.5,18.5,0.8143971279,0.1402244888,0.09374145288,0.04248398121,0.1521979586,0.1232270952,0.1012475089,0.08237852772,0.04534762703,0.03733426053,12415,8086,3434
optimistic,0.2,50,cancel,428534,414222,189233,0.4415822315,381094,0.9666024166,0.8892969986,0.07730541801,155759,0.8246147167,346,0.00182843373,14312,1.638890611,414208,-5.934624633,0.5,-210.5,-96.5,-53.5,0.5,0.5,0.5,18.5,0.7908900842,0.1574619515,0.1047493047,0.04691604218,381082,-4.798629954,0.5,-206.5,-91.5,-47.5,0.5,0.5,0.5,18.5,0.8106129389,0.1430689458,0.09564345731,0.0432846474,0.1521979586,0.1272267778,0.1012475089,0.08505276127,0.04534762703,0.03849169494,10701,6940,2938
optimistic,0.2,100,cancel,428534,414222,189233,0.4415822315,387885,0.9666024166,0.9051440492,0.06145836736,162550,0.8605674292,346,0.00182843373,14312,1.638890611,414208,-5.934624633,0.5,-210.5,-96.5,-53.5,0.5,0.5,0.5,18.5,0.7908900842,0.1574619515,0.1047493047,0.04691604218,387872,-5.108054977,0.5,-208.5,-92.5,-48.5,0.5,0.5,0.5,18.5,0.8054744864,0.1468525699,0.0981844526,0.04438835492,0.1521979586,0.1329182749,0.1012475089,0.08886809448,0.04534762703,0.04017650875,8262,5305,2216
optimistic,0.3,0,cancel,428534,414222,148335,0.34614523,392097,0.9666024166,0.9149729076,0.05162950898,126058,0.8506913749,152,0.001024707588,14312,1.638890611,414208,-5.934624633,0.5,-210.5,-96.5,-53.5,0.5,0.5,0.5,18.5,0.7908900842,0.1574619515,0.1047493047,0.04691604218,392085,-4.982275527,0.5,-205.5,-91.5,-47.5,0.5,0.5,0.5,17.5,0.8083757349,0.1445936468,0.0963923639,0.04328398179,0.1521979586,0.1322952204,0.1012475089,0.08819370225,0.04534762703,0.03960245861,8529,5594,2462
optimistic,0.3,25,cancel,428534,414222,148335,0.34614523,395199,0.9666024166,0.9222115398,0.0443908768,129160,0.8716249502,152,0.001024707588,14312,1.638890611,414208,-5.934624633,0.5,-210.5,-96.5,-53.5,0.5,0.5,0.5,18.5,0.7908900842,0.1574619515,0.1047493047,0.04691604218,395186,-5.153921192,0.5,-206.5,-92.5,-48.5,0.5,0.5,0.5,18.5,0.8052410764,0.1469864823,0.09805256259,0.04407544802,0.1521979586,0.1355481712,0.1012475089,0.09042223021,0.04534762703,0.04064554971,7135,4639,2015
optimistic,0.3,50,cancel,428534,414222,148335,0.34614523,397808,0.9666024166,0.9282997382,0.03830267843,131769,0.8892315583,152,0.001024707588,14312,1.638890611,414208,-5.934624633,0.5,-210.5,-96.5,-53.5,0.5,0.5,0.5,18.5,0.7908900842,0.1574619515,0.1047493047,0.04691604218,397795,-5.290677359,0.5,-207.5,-93.5,-49.5,0.5,0.5,0.5,18.5,0.8027099385,0.1487977476,0.09925464121,0.04458577911,0.1521979586,0.1381243962,0.1012475089,0.09213504646,0.04534762703,0.04138761452,6031,3905,1697
optimistic,0.3,100,cancel,428534,414222,148335,0.34614523,401614,0.9666024166,0.9371811805,0.02942123612,135575,0.914916016,152,0.001024707588,14312,1.638890611,414208,-5.934624633,0.5,-210.5,-96.5,-53.5,0.5,0.5,0.5,18.5,0.7908900842,0.1574619515,0.1047493047,0.04691604218,401600,-5.480512948,0.5,-208.5,-94.5,-50.5,0.5,0.5,0.5,18.5,0.7993899402,0.151185259,0.1008515936,0.04530378486,0.1521979586,0.1416830403,0.1012475089,0.0945129208,0.04534762703,0.04245637452,4506,2886,1239
optimistic,0.4,0,cancel,428534,414222,122630,0.2861616581,402893,0.9666024166,0.9401657745,0.02643664213,111223,0.9075576082,78,0.0006360596918,14312,1.638890611,414208,-5.934624633,0.5,-210.5,-96.5,-53.5,0.5,0.5,0.5,18.5,0.7908900842,0.1574619515,0.1047493047,0.04691604218,402880,-5.386605193,0.5,-206.5,-93.5,-49.5,0.5,0.5,0.5,17.5,0.8009630659,0.1499404289,0.09979398332,0.04464356632,0.1521979586,0.1409643109,0.1012475089,0.09381986027,0.04534762703,0.0419709988,4814,3183,1447
optimistic,0.4,25,cancel,428534,414222,122630,0.2861616581,404720,0.9666024166,0.9444291468,0.0221732698,113050,0.9224655656,78,0.0006360596918,14312,1.638890611,414208,-5.934624633,0.5,-210.5,-96.5,-53.5,0.5,0.5,0.5,18.5,0.7908900842,0.1574619515,0.1047493047,0.04691604218,404707,-5.501414604,0.5,-207.5,-93.5,-50.5,0.5,0.5,0.5,18.5,0.7989879098,0.1514849014,0.100848268,0.04517095084,0.1521979586,0.1430621608,0.1012475089,0.09524098438,0.04534762703,0.04265939225,3915,2574,1152
optimistic,0.4,50,cancel,428534,414222,122630,0.2861616581,406163,0.9666024166,0.9477964409,0.01880597572,114493,0.9342401593,78,0.0006360596918,14312,1.638890611,414208,-5.934624633,0.5,-210.5,-96.5,-53.5,0.5,0.5,0.5,18.5,0.7908900842,0.1574619515,0.1047493047,0.04691604218,406150,-5.584670688,0.5,-208.5,-94.5,-50.5,0.5,0.5,0.5,18.5,0.7974812261,0.1525987935,0.1016127047,0.04552259018,0.1521979586,0.1446279642,0.1012475089,0.09630507731,0.04534762703,0.04314476798,3244,2118,944
optimistic,0.4,100,cancel,428534,414222,122630,0.2861616581,408227,0.9666024166,0.9526128615,0.01398955509,116557,0.9510819897,78,0.0006360596918,14312,1.638890611,414208,-5.934624633,0.5,-210.5,-96.5,-53.5,0.5,0.5,0.5,18.5,0.7908900842,0.1574619515,0.1047493047,0.04691604218,408213,-5.70275077,0.5,-208.5,-94.5,-51.5,0.5,0.5,0.5,18.5,0.7954621729,0.1540739761,0.102569002,0.04596864872,0.1521979586,0.1467678177,0.1012475089,0.09770519959,0.04534762703,0.04378882422,2327,1518,668
optimistic,0.5,0,cancel,428534,414222,106019,0.2473992729,408877,0.9666024166,0.9541296607,0.01247275595,100631,0.9495640522,43,0.0004055876777,14312,1.638890611,414208,-5.934624633,0.5,-210.5,-96.5,-53.5,0.5,0.5,0.5,18.5,0.7908900842,0.1574619515,0.1047493047,0.04691604218,408864,-5.666529702,0.5,-208.5,-94.5,-51.5,0.5,0.5,0.5,18.5,0.796235423,0.1535473898,0.1020632778,0.04562152696,0.1521979586,0.146499461,0.1012475089,0.09737850439,0.04534762703,0.04352746807,2442,1658,780
optimistic,0.5,25,cancel,428534,414222,106019,0.2473992729,409848,0.9666024166,0.9563955252,0.0102068914,101602,0.9587265041,43,0.0004055876777,14312,1.638890611,414208,-5.934624633,0.5,-210.5,-96.5,-53.5,0.5,0.5,0.5,18.5,0.7908900842,0.1574619515,0.1047493047,0.04691604218,409835,-5.728705455,0.5,-208.5,-94.5,-51.5,0.5,0.5,0.5,18.5,0.7951029073,0.1544353215,0.102685227,0.0459623995,0.1521979586,0.1476965655,0.1012475089,0.09820457653,0.04534762703,0.0439568389,1929,1304,596
optimistic,0.5,50,cancel,428534,414222,106019,0.2473992729,410558,0.9666024166,0.9580523366,0.00855008004,102312,0.9654261342,43,0.0004055876777,14312,1.638890611,414208,-5.934624633,0.5,-210.5,-96.5,-53.5,0.5,0.5,0.5,18.5,0.7908900842,0.1574619515,0.1047493047,0.04691604218,410545,-5.776576258,0.5,-209.5,-95.5,-51.5,0.5,0.5,0.5,18.5,0.7942783373,0.1550305082,0.1031092816,0.04615328405,0.1521979586,0.1485226376,0.1012475089,0.0987809602,0.04534762703,0.04421586152,1575,1057,485
optimistic,0.5,100,cancel,428534,414222,106019,0.2473992729,411545,0.9666024166,0.9603555377,0.006246878894,103299,0.9747395637,43,0.0004055876777,14312,1.638890611,414208,-5.934624633,0.5,-210.5,-96.5,-53.5,0.5,0.5,0.5,18.5,0.7908900842,0.1574619515,0.1047493047,0.04691604218,411531,-5.839223534,0.5,-209.5,-95.5,-52.5,0.5,0.5,0.5,18.5,0.7931674649,0.1558181522,0.1036276732,0.04638775694,0.1521979586,0.1496357349,0.1012475089,0.0995160244,0.04534762703,0.04454722379,1098,742,343
optimistic,0.6,0,cancel,428534,414222,94052,0.219473834,412183,0.9666024166,0.9618443344,0.004758082206,91997,0.9783168148,16,0.0001701186578,14312,1.638890611,414208,-5.934624633,0.5,-210.5,-96.5,-53.5,0.5,0.5,0.5,18.5,0.7908900842,0.1574619515,0.1047493047,0.04691604218,412169,-5.829270275,0.5,-209.5,-95.5,-52.5,0.5,0.5,0.5,18.5,0.7931528087,0.1557467932,0.1035618884,0.04633293625,0.1521979586,0.1497990825,0.1012475089,0.09960703235,0.04534762703,0.04456355855,1028,703,336
optimistic,0.6,25,cancel,428534,414222,94052,0.219473834,412578,0.9666024166,0.9627660816,0.00383633504,92392,0.9825173338,16,0.0001701186578,14312,1.638890611,414208,-5.934624633,0.5,-210.5,-96.5,-53.5,0.5,0.5,0.5,18.5,0.7908900842,0.1574619515,0.1047493047,0.04691604218,412564,-5.855794495,0.5,-209.5,-95.5,-52.5,0.5,0.5,0.5,18.5,0.792621266,0.1561842526,0.1038578257,0.04648733287,0.1521979586,0.1503637984,0.1012475089,0.0999873989,0.04534762703,0.0447549086,786,540,254
optimistic,0.6,50,cancel,428534,414222,94052,0.219473834,412868,0.9666024166,0.9634428073,0.003159609273,92682,0.9856012591,16,0.0001701186578,14312,1.638890611,414208,-5.934624633,0.5,-210.5,-96.5,-53.5,0.5,0.5,0.5,18.5,0.7908900842,0.1574619515,0.1047493047,0.04691604218,412854,-5.874673613,0.5,-209.5,-95.5,-52.5,0.5,0.5,0.5,18.5,0.7922461693,0.1564378691,0.1040513111,0.04655398761,0.1521979586,0.150713829,0.1012475089,0.100244088,0.04534762703,0.04485058362,636,430,213
optimistic,0.6,100,cancel,428534,414222,94052,0.219473834,413238,0.9666024166,0.9643062161,0.002296200535,93052,0.9895359224,16,0.0001701186578,14312,1.638890611,414208,-5.934624633,0.5,-210.5,-96.5,-53.5,0.5,0.5,0.5,18.5,0.7908900842,0.1574619515,0.1047493047,0.04691604218,413224,-5.901607845,0.5,-210.27,-95.5,-52.5,0.5,0.5,0.5,18.5,0.791805413,0.1567696939,0.1042558031,0.04667444292,0.1521979586,0.1511688687,0.1012475089,0.1005311131,0.04534762703,0.04500693061,441,307,146
optimistic,0.7,0,cancel,428534,414222,86159,0.2010552255,413602,0.9666024166,0.9651556236,0.00144679302,85534,0.9928035843,5,5.803224271e-05,14312,1.638890611,414208,-5.934624633,0.5,-210.5,-96.5,-53.5,0.5,0.5,0.5,18.5,0.7908900842,0.1574619515,0.1047493047,0.04691604218,413588,-5.920858439,0.5,-209.5,-96.5,-52.5,0.5,0.5,0.5,18.5,0.791606623,0.1569146107,0.1043284621,0.04669139337,0.1521979586,0.1514418926,0.1012475089,0.1006897936,0.04534762703,0.0450629355,324,239,122
optimistic,0.7,25,cancel,428534,414222,86159,0.2010552255,413727,0.9666024166,0.9654473157,0.001155100879,85659,0.9942544745,5,5.803224271e-05,14312,1.638890611,414208,-5.934624633,0.5,-210.5,-96.5,-53.5,0.5,0.5,0.5,18.5,0.7908900842,0.1574619515,0.1047493047,0.04691604218,413713,-5.922946584,0.5,-210.5,-96.5,-52.5,0.5,0.5,0.5,18.5,0.7914351253,0.1570629881,0.1044322997,0.04674496571,0.1521979586,0.1516309091,0.1012475089,0.1008204717,0.04534762703,0.04512827454,243,183,94
optimistic,0.7,50,cancel,428534,414222,86159,0.2010552255,413818,0.9666024166,0.9656596676,0.0009427490001,85750,0.9953107227,5,5.803224271e-05,14312,1.638890611,414208,-5.934624633,0.5,-210.5,-96.5,-53.5,0.5,0.5,0.5,18.5,0.7908900842,0.1574619515,0.1047493047,0.04691604218,413804,-5.93043929,0.5,-210.5,-96.5,-52.5,0.5,0.5,0.5,18.5,0.7912973292,0.1571541116,0.1045035814,0.04677093503,0.1521979586,0.151752253,0.1012475089,0.1009114796,0.04534762703,0.04516327759,191,144,79
optimistic,0.7,100,cancel,428534,414222,86159,0.2010552255,413918,0.9666024166,0.9658930213,0.0007093952872,85850,0.9964714349,5,5.803224271e-05,14312,1.638890611,414208,-5.934624633,0.5,-210.5,-96.5,-53.5,0.5,0.5,0.5,18.5,0.7908900842,0.1574619515,0.1047493047,0.04691604218,413904,-5.935898179,0.5,-210.5,-96.5,-52.85,0.5,0.5,0.5,18.5,0.7911665507,0.15726352,0.1045749739,0.04681278751,0.1521979586,0.1518945988,0.1012475089,0.1010048211,0.04534762703,0.04521461541,130,104,57
optimistic,0.8,0,cancel,428534,414222,81009,0.1890375093,414041,0.9666024166,0.9661800464,0.0004223702203,80825,0.9977655976,3,3.703292227e-05,14312,1.638890611,414208,-5.934624633,0.5,-210.5,-96.5,-53.5,0.5,0.5,0.5,18.5,0.7908900842,0.1574619515,0.1047493047,0.04691604218,414027,-5.931113188,0.5,-210.5,-96.5,-53.5,0.5,0.5,0.5,18.5,0.7911223181,0.1572771824,0.1045994585,0.04682061798,0.1521979586,0.1519529372,0.1012475089,0.1010584924,0.04534762703,0.04523561724,105,81,48
optimistic,0.8,25,cancel,428534,414222,81009,0.1890375093,414080,0.9666024166,0.9662710543,0.0003313622723,80864,0.9982470434,3,3.703292227e-05,14312,1.638890611,414208,-5.934624633,0.5,-210.5,-96.5,-53.5,0.5,0.5,0.5,18.5,0.7908900842,0.1574619515,0.1047493047,0.04691604218,414066,-5.928100834,0.5,-210.5,-96.5,-53.5,0.5,0.5,0.5,18.5,0.7910622944,0.157334821,0.1046427381,0.04685484923,0.1521979586,0.1520229433,0.1012475089,0.1011098303,0.04534762703,0.04527295384,75,59,32
optimistic,0.8,50,cancel,428534,414222,81009,0.1890375093,414103,0.9666024166,0.9663247257,0.0002776909183,80887,0.998530973,3,3.703292227e-05,14312,1.638890611,414208,-5.934624633,0.5,-210.5,-96.5,-53.5,0.5,0.5,0.5,18.5,0.7908900842,0.1574619515,0.1047493047,0.04691604218,414089,-5.932486736,0.5,-210.5,-96.5,-53.5,0.5,0.5,0.5,18.5,0.7910231858,0.1573647211,0.104670735,0.04686915132,0.1521979586,0.1520602799,0.1012475089,0.1011424998,0.04534762703,0.0452892886,59,45,25
optimistic,0.8,100,cancel,428534,414222,81009,0.1890375093,414130,0.9666024166,0.9663877312,0.0002146854159,80914,0.9988642817,3,3.703292227e-05,14312,1.638890611,414208,-5.934624633,0.5,-210.5,-96.5,-53.5,0.5,0.5,0.5,18.5,0.7908900842,0.1574619515,0.1047493047,0.04691604218,414116,-5.934957838,0.5,-210.5,-96.5,-53.5,0.5,0.5,0.5,18.5,0.7909836857,0.1573979272,0.104692888,0.04688541375,0.1521979586,0.1521022836,0.1012475089,0.1011705022,0.04534762703,0.04530795689,41,33,17
optimistic,0.9,0,cancel,428534,414222,71656,0.1672119365,414194,0.9666024166,0.9665370776,6.533903961e-05,71628,0.9996092442,0,0,14312,1.638890611,414208,-5.934624633,0.5,-210.5,-96.5,-53.5,0.5,0.5,0.5,18.5,0.7908900842,0.1574619515,0.1047493047,0.04691604218,414180,-5.937953305,0.5,-210.5,-96.5,-53.5,0.5,0.5,0.5,18.5,0.7909242358,0.1574291371,0.1047129267,0.04688299773,0.1521979586,0.152155955,0.1012475089,0.1012055053,0.04534762703,0.04531262397,18,18,15
optimistic,0.9,25,cancel,428534,414222,71656,0.1672119365,414201,0.9666024166,0.9665534123,4.900427971e-05,71635,0.9997069331,0,0,14312,1.638890611,414208,-5.934624633,0.5,-210.5,-96.5,-53.5,0.5,0.5,0.5,18.5,0.7908900842,0.1574619515,0.1047493047,0.04691604218,414187,-5.939440398,0.5,-210.5,-96.5,-53.5,0.5,0.5,0.5,18.5,0.7909132831,0.1574385483,0.1047232289,0.04689186285,0.1521979586,0.1521676226,0.1012475089,0.101217173,0.04534762703,0.04532195812,13,13,11
optimistic,0.9,50,cancel,428534,414222,71656,0.1672119365,414206,0.9666024166,0.96656508,3.733659406e-05,71640,0.999776711,0,0,14312,1.638890611,414208,-5.934624633,0.5,-210.5,-96.5,-53.5,0.5,0.5,0.5,18.5,0.7908900842,0.1574619515,0.1047493047,0.04691604218,414192,-5.940118351,0.5,-210.5,-96.5,-53.5,0.5,0.5,0.5,18.5,0.7909061498,0.1574463051,0.104731622,0.04689612547,0.1521979586,0.1521769568,0.1012475089,0.1012265071,0.04534762703,0.04532662519,9,9,9
optimistic,0.9,100,cancel,428534,414222,71656,0.1672119365,414209,0.9666024166,0.9665720806,3.033598268e-05,71643,0.9998185776,0,0,14312,1.638890611,414208,-5.934624633,0.5,-210.5,-96.5,-53.5,0.5,0.5,0.5,18.5,0.7908900842,0.1574619515,0.1047493047,0.04691604218,414195,-5.940622171,0.5,-210.5,-96.5,-53.5,0.5,0.5,0.5,18.5,0.7909004213,0.1574499934,0.1047356921,0.04690061444,0.1521979586,0.1521816239,0.1012475089,0.1012311742,0.04534762703,0.04533129227,7,7,7
