queue_cell,threshold,latency_ms,policy,eligible_opportunities,baseline_fills,baseline_fill_rate,baseline_unfilled,cancelled_opportunities,cancel_rate,orders_unaffected,fills_prevented,surviving_fills,surviving_fill_rate,fill_rate_reduction,adverse_fills_avoided,favourable_fills_sacrificed,non_negative_fills_sacrificed,prevented_fills_markout_censored,cancel_too_late,cancel_too_late_rate,cancel_without_baseline_fill,unnecessary_cancel_rate,total_baseline_negative_ticks,total_baseline_positive_ticks,adverse_markout_avoided,favourable_markout_sacrificed,net_markout_preserved,net_per_eligible_opportunity,net_per_baseline_fill,net_per_cancelled_order,avoidance_efficiency_ticks,fraction_baseline_negative_removed,fraction_baseline_positive_removed,prevented_share_of_baseline_fills,baseline_negative_to_positive_ratio,random_match_adverse_avoided,random_match_favourable_sacrificed,random_match_net_markout,net_markout_lift_over_random,avoidance_efficiency_lift,catastrophic_25_avoided,catastrophic_25_avoidance_efficiency,catastrophic_25_random_match,catastrophic_25_avoidance_lift,catastrophic_50_avoided,catastrophic_50_avoidance_efficiency,catastrophic_50_random_match,catastrophic_50_avoidance_lift,catastrophic_100_avoided,catastrophic_100_avoidance_efficiency,catastrophic_100_random_match,catastrophic_100_avoidance_lift,baseline_observed,baseline_mean,baseline_median,baseline_p1,baseline_p5,baseline_p10,baseline_p25,baseline_p50,baseline_p75,baseline_p90,baseline_frac_favourable,baseline_cat_25_rate,baseline_cat_50_rate,baseline_cat_100_rate,surviving_observed,surviving_mean,surviving_median,surviving_p1,surviving_p5,surviving_p10,surviving_p25,surviving_p50,surviving_p75,surviving_p90,surviving_frac_favourable,surviving_cat_25_rate,surviving_cat_50_rate,surviving_cat_100_rate,baseline_cat_25_per_opportunity,surviving_cat_25_per_opportunity,baseline_cat_50_per_opportunity,surviving_cat_50_per_opportunity,baseline_cat_100_per_opportunity,surviving_cat_100_per_opportunity
conservative,,,never,428534,276955,0.6462847755,151579,0,0,428534,0,276955,0.6462847755,0,0,0,0,0,0,,0,,17381933,1613046,0,0,0,0,0,,,0,0,0,10.77584458,0,0,0,,,0,,0,,0,,0,,0,,0,,276939,-56.93992901,-41.5,-323.5,-193.5,-145.5,-86.5,-41.5,-14.5,0.5,0.1282195718,0.6631460358,0.4411476896,0.1986394116,276939,-56.93992901,-41.5,-323.5,-193.5,-145.5,-86.5,-41.5,-14.5,0.5,0.1282195718,0.6631460358,0.4411476896,0.1986394116,0.4285564273,0.4285564273,0.2850905646,0.2850905646,0.128370211,0.128370211
conservative,0.1,0,cancel,428534,276955,0.6462847755,151579,253139,0.5907092553,175395,182177,94778,0.221167982,0.4251167935,157413,24753,24753,11,27072,0.1293769624,43890,0.173383003,17381933,1613046,11072644.5,891386.5,10181258,23.75834356,36.76141611,40.22002931,12.42182207,0.6370203187,0.5526107129,0.6577855608,10.77584458,11433584.55,1061038.368,10372546.18,0.9815582234,1.152746959,119424,4.824627318,120802.976,0.9885849167,78725,3.180422575,80362.31975,0.9796257779,35040,1.41558599,36185.44149,0.9683452394,276939,-56.93992901,-41.5,-323.5,-193.5,-145.5,-86.5,-41.5,-14.5,0.5,0.1282195718,0.6631460358,0.4411476896,0.1986394116,94773,-58.95802602,-44.5,-356.5,-202.5,-150.5,-89.5,-44.5,-17.5,0.5,0.1134922394,0.6776930138,0.4584217024,0.2107245735,0.4285564273,0.1498760892,0.2850905646,0.1013828541,0.128370211,0.04660307
conservative,0.1,25,cancel,428534,276955,0.6462847755,151579,253139,0.5907092553,175395,177877,99078,0.2312021917,0.4150825839,153534,24332,24332,11,31372,0.1499266424,43890,0.173383003,17381933,1613046,10807947,863549,9944398,23.20562196,35.90618693,39.28433785,12.51573101,0.6217920067,0.5353529906,0.6422595729,10.77584458,11163712.86,1035994.235,10127718.63,0.9818991191,1.161461723,116426,4.784892323,117951.6128,0.987065774,76813,3.156871609,78465.49428,0.9789398602,34244,1.407364787,35331.34136,0.9692244528,276939,-56.93992901,-41.5,-323.5,-193.5,-145.5,-86.5,-41.5,-14.5,0.5,0.1282195718,0.6631460358,0.4411476896,0.1986394116,99073,-58.78987211,-44.5,-353.5,-201.5,-150.5,-89.5,-44.5,-17.5,0.5,0.1128158025,0.6785400664,0.4578240287,0.2096131136,0.4285564273,0.1568720335,0.2850905646,0.1058445771,0.128370211,0.04846056556
conservative,0.1,50,cancel,428534,276955,0.6462847755,151579,253139,0.5907092553,175395,173810,103145,0.2406926872,0.4055920884,149825,23974,23974,11,35439,0.1693628165,43890,0.173383003,17381933,1613046,10538515,845436,9693079,22.61915974,34.9987507,38.29152758,12.46518364,0.6062913141,0.5241239246,0.6275748768,10.77584458,10908464.46,1012307.145,9896157.316,0.9794790736,1.156770919,113485,4.733669809,115254.7537,0.9846448529,74848,3.122048886,76671.45027,0.9762173499,33409,1.393551347,34523.52155,0.9677170376,276939,-56.93992901,-41.5,-323.5,-193.5,-145.5,-86.5,-41.5,-14.5,0.5,0.1282195718,0.6631460358,0.4411476896,0.1986394116,103140,-58.90835757,-44.5,-350.5,-201.5,-150.5,-89.5,-44.5,-17.5,0.5,0.1118382781,0.6802986232,0.4588229591,0.2094434749,0.4285564273,0.1637349662,0.2850905646,0.1104299776,0.128370211,0.05040906906
conservative,0.1,100,cancel,428534,276955,0.6462847755,151579,253139,0.5907092553,175395,167017,109938,0.2565444049,0.3897403707,143759,23247,23247,11,42232,0.201826532,43890,0.173383003,17381933,1613046,10097625,808725,9288900,21.67599304,33.53938365,36.69485935,12.48585737,0.5809264712,0.5013651192,0.6030474265,10.77584458,10482129.96,972743.2391,9509386.724,0.9768137809,1.158689444,108711,4.676345335,110750.2629,0.9815868345,71661,3.082591302,73674.90714,0.9726649518,31982,1.375747408,33174.24198,0.9640612142,276939,-56.93992901,-41.5,-323.5,-193.5,-145.5,-86.5,-41.5,-14.5,0.5,0.1282195718,0.6631460358,0.4411476896,0.1986394116,109933,-58.94487552,-44.5,-349.5,-199.5,-149.5,-89.5,-44.5,-17.5,0.5,0.1115406657,0.6816879372,0.4594616721,0.2094821391,0.4285564273,0.1748752724,0.2850905646,0.1178669604,0.128370211,0.05373902654
conservative,0.2,0,cancel,428534,276955,0.6462847755,151579,189233,0.4415822315,239301,122070,154885,0.3614298982,0.2848548773,104442,17623,17623,5,48205,0.2831008662,18958,0.1001833718,17381933,1613046,7438870.5,725741,6713129.5,15.66533694,24.2390623,35.47546939,10.25003479,0.4279656641,0.4499195931,0.4407575238,10.77584458,7661217.748,710962.1607,6950255.587,0.9658823932,0.9512047723,79008,4.48323214,80945.56,0.9760634184,52699,2.990353515,53847.78744,0.9786660234,23686,1.34403904,24246.51214,0.9768827723,276939,-56.93992901,-41.5,-323.5,-193.5,-145.5,-86.5,-41.5,-14.5,0.5,0.1282195718,0.6631460358,0.4411476896,0.1986394116,154874,-58.47177383,-42.5,-332.5,-194.5,-146.5,-87.5,-42.5,-16.5,0.5,0.1154874285,0.6756653796,0.4485710965,0.202261193,0.4285564273,0.2441883258,0.2850905646,0.1621154914,0.128370211,0.07309805056
conservative,0.2,25,cancel,428534,276955,0.6462847755,151579,189233,0.4415822315,239301,117372,159583,0.3723928556,0.2738919199,100194,17173,17173,5,52903,0.3106915284,18958,0.1001833718,17381933,1613046,7149002.5,696875,6452127.5,15.05627908,23.29666372,34.09620679,10.2586583,0.411289268,0.4320242572,0.4237944792,10.77584458,7366367.244,683599.9896,6682767.254,0.9654873878,0.9520050347,75778,4.412624469,77830.27991,0.9736313436,50639,2.948756769,51775.39532,0.9780514409,22796,1.327432598,23313.3581,0.9778085124,276939,-56.93992901,-41.5,-323.5,-193.5,-145.5,-86.5,-41.5,-14.5,0.5,0.1282195718,0.6631460358,0.4411476896,0.1986394116,159572,-58.38592924,-42.5,-332.5,-194.5,-146.5,-87.5,-42.5,-16.5,0.5,0.1149073772,0.676014589,0.4482741333,0.2018837891,0.4285564273,0.2517256507,0.2850905646,0.1669225779,0.128370211,0.07517489861
conservative,0.2,50,cancel,428534,276955,0.6462847755,151579,189233,0.4415822315,239301,112943,164012,0.3827280916,0.263556684,96105,16833,16833,5,57332,0.3367023932,18958,0.1001833718,17381933,1613046,6869587,677680,6191907,14.44904488,22.35708689,32.72107402,10.1369186,0.3952142147,0.4201244106,0.4078027116,10.77584458,7088399.411,657804.5328,6430594.878,0.9628824576,0.9407075731,72643,4.315511198,74893.37579,0.9699522719,48652,2.890275055,49821.66508,0.9765229628,21962,1.304699103,22433.63497,0.9789764356,276939,-56.93992901,-41.5,-323.5,-193.5,-145.5,-86.5,-41.5,-14.5,0.5,0.1282195718,0.6631460358,0.4411476896,0.1986394116,164001,-58.39586344,-42.5,-331.5,-194.5,-146.5,-87.5,-42.5,-16.5,0.5,0.1138773544,0.6768739215,0.4482838519,0.2015170639,0.4285564273,0.2590412896,0.2850905646,0.1715593162,0.128370211,0.07712106857
conservative,0.2,100,cancel,428534,276955,0.6462847755,151579,189233,0.4415822315,239301,106294,170661,0.39824378,0.2480409956,90112,16177,16177,5,63981,0.375750991,18958,0.1001833718,17381933,1613046,6443358,642238,5801120,13.53712891,20.94607427,30.65596381,10.0326639,0.3706928338,0.3981523156,0.3837952014,10.77584458,6671102.476,619079.3144,6052023.162,0.9585422668,0.9310327211,67940,4.199789825,70484.37253,0.9639016077,45623,2.82023861,46888.64355,0.9730074608,20606,1.273783767,21112.95782,0.9759883088,276939,-56.93992901,-41.5,-323.5,-193.5,-145.5,-86.5,-41.5,-14.5,0.5,0.1282195718,0.6631460358,0.4411476896,0.1986394116,170650,-58.41058892,-43.5,-330.5,-194.5,-146.5,-87.5,-43.5,-17.5,0.5,0.1132845004,0.6780603575,0.4485672429,0.2016114855,0.4285564273,0.2700159147,0.2850905646,0.1786276001,0.128370211,0.08028534492
conservative,0.3,0,cancel,428534,276955,0.6462847755,151579,148335,0.34614523,280199,76509,200446,0.4677481833,0.1785365922,64847,11661,11661,1,63773,0.4546057228,8053,0.05428927765,17381933,1613046,4696474,560236.5,4136237.5,9.65206378,14.93469156,27.88443388,8.383020385,0.2701928491,0.3473158856,0.2762506544,10.77584458,4801770.367,445605.0131,4356165.354,0.9495134285,0.7779455542,49021,4.203841866,50733.70894,0.9662412038,32868,2.81862619,33749.8187,0.9738718981,15168,1.300746077,15196.82475,0.9981032386,276939,-56.93992901,-41.5,-323.5,-193.5,-145.5,-86.5,-41.5,-14.5,0.5,0.1282195718,0.6631460358,0.4411476896,0.1986394116,200431,-58.03817523,-42.5,-325.2,-193.5,-145.5,-86.5,-42.5,-16.5,0.5,0.1189835904,0.6717024812,0.4455548293,0.1987866148,0.4285564273,0.3141641037,0.2850905646,0.2083918662,0.128370211,0.09297511983
conservative,0.3,25,cancel,428534,276955,0.6462847755,151579,148335,0.34614523,280199,72637,204318,0.4767836391,0.1695011364,61381,11255,11255,1,67645,0.4822072682,8053,0.05428927765,17381933,1613046,4451530,531402.5,3920127.5,9.147763071,14.15438429,26.4275289,8.376945912,0.2561009757,0.3294403879,0.2622700439,10.77584458,4558760.33,423053.6452,4135706.685,0.9478736763,0.7773818421,46383,4.121101733,48166.15583,0.9629790712,31140,2.766770324,32041.79353,0.97185571,14387,1.278276322,14427.73738,0.9971764538,276939,-56.93992901,-41.5,-323.5,-193.5,-145.5,-86.5,-41.5,-14.5,0.5,0.1282195718,0.6631460358,0.4411476896,0.1986394116,204303,-57.99601327,-42.5,-324.5,-193.5,-145.5,-86.5,-42.5,-16.5,0.5,0.1187158289,0.671884407,0.4455685917,0.1988419162,0.4285564273,0.3203199746,0.2850905646,0.2124242184,0.128370211,0.09479761232
conservative,0.3,50,cancel,428534,276955,0.6462847755,151579,148335,0.34614523,280199,69126,207829,0.484976688,0.1613080876,58193,10932,10932,1,71156,0.5072354258,8053,0.05428927765,17381933,1613046,4229137,511985.5,3717151.5,8.674111039,13.42149988,25.05916675,8.260267136,0.2433064838,0.3174029135,0.2495928942,10.77584458,4338406.963,402604.8195,3935802.144,0.9444457227,0.7665540342,43996,4.024515185,45837.9846,0.959815323,29554,2.703439444,30493.01347,0.9692056191,13701,1.253293085,13730.3547,0.9978620581,276939,-56.93992901,-41.5,-323.5,-193.5,-145.5,-86.5,-41.5,-14.5,0.5,0.1282195718,0.6631460358,0.4411476896,0.1986394116,207814,-57.99289509,-42.5,-324.5,-192.5,-145.5,-86.5,-42.5,-16.5,0.5,0.1182644095,0.6720192095,0.4456725726,0.1987835276,0.4285564273,0.3258901277,0.2850905646,0.2161252083,0.128370211,0.0963984188
conservative,0.3,100,cancel,428534,276955,0.6462847755,151579,148335,0.34614523,280199,63663,213292,0.4977248013,0.1485599742,53313,10349,10349,1,76619,0.5461784121,8053,0.05428927765,17381933,1613046,3872221.5,479945,3392276.5,7.916003164,12.24847538,22.86902282,8.068052589,0.2227727779,0.2975395618,0.229867668,10.77584458,3995544.405,370787.1224,3624757.282,0.935863076,0.7487164953,40262,3.890424196,42215.4271,0.9537271743,27082,2.616871195,28083.16287,0.9643500671,12528,1.210551744,12645.25029,0.9907277212,276939,-56.93992901,-41.5,-323.5,-193.5,-145.5,-86.5,-41.5,-14.5,0.5,0.1282195718,0.6631460358,0.4411476896,0.1986394116,213277,-58.03068545,-42.5,-324.5,-193.5,-145.5,-86.5,-42.5,-16.5,0.5,0.1179686511,0.6723134703,0.4458474191,0.1991916615,0.4285564273,0.3346035554,0.2850905646,0.2218937121,0.128370211,0.09913565785
conservative,0.4,0,cancel,428534,276955,0.6462847755,151579,122630,0.2861616581,305904,45011,231944,0.5412499358,0.1050348397,37792,7218,7218,1,73830,0.6212502419,3789,0.03089782272,17381933,1613046,2821478,406963.5,2414514.5,5.634359234,8.718075139,19.68942755,6.933000134,0.1623224529,0.2522950368,0.1625209872,10.77584458,2824928.91,262153.8283,2562775.082,0.9421484223,0.6433834565,28544,3.954558049,29847.14181,0.9563394773,19326,2.677472984,19855.35152,0.9733396046,9202,1.274868385,8940.442025,1.029255598,276939,-56.93992901,-41.5,-323.5,-193.5,-145.5,-86.5,-41.5,-14.5,0.5,0.1282195718,0.6631460358,0.4411476896,0.1986394116,231929,-57.57957177,-42.5,-322.5,-191.5,-144.5,-86.5,-42.5,-15.5,0.5,0.121981296,0.6687693216,0.4434331196,0.197513032,0.4285564273,0.3619479435,0.2850905646,0.239992626,0.128370211,0.1068970023
conservative,0.4,25,cancel,428534,276955,0.6462847755,151579,122630,0.2861616581,305904,42063,234892,0.5481292033,0.09815557225,35179,6883,6883,1,76778,0.6460564957,3789,0.03089782272,17381933,1613046,2631613,380607.5,2251005.5,5.252804912,8.12769403,18.35607519,6.914243676,0.1513993294,0.2359557632,0.1518766587,10.77584458,2639909.905,244984.0367,2394925.868,0.9399061281,0.6416428544,26518,3.852680517,27892.30024,0.950728329,17987,2.613250036,18554.92327,0.969392314,8584,1.247130612,8354.88687,1.027422649,276939,-56.93992901,-41.5,-323.5,-193.5,-145.5,-86.5,-41.5,-14.5,0.5,0.1282195718,0.6631460358,0.4411476896,0.1986394116,234877,-57.5530235,-42.5,-322.5,-191.5,-144.5,-86.5,-42.5,-15.5,0.5,0.1218765567,0.6690012219,0.4435683358,0.1976651609,0.4285564273,0.3666756897,0.2850905646,0.2431172322,0.128370211,0.1083391283
conservative,0.4,50,cancel,428534,276955,0.6462847755,151579,122630,0.2861616581,305904,39456,237499,0.5542127346,0.09207204096,32825,6630,6630,1,79385,0.6679933693,3789,0.03089782272,17381933,1613046,2458929.5,365316.5,2093613,4.885523669,7.559397736,17.07260051,6.730956581,0.1414646748,0.2264761823,0.1424635771,10.77584458,2476292.352,229800.3032,2246492.049,0.9319476563,0.6246337844,24730,3.730015083,26163.5784,0.9452070975,16803,2.53438914,17404.91768,0.965416804,8007,1.207692308,7837.063841,1.021683651,276939,-56.93992901,-41.5,-323.5,-193.5,-145.5,-86.5,-41.5,-14.5,0.5,0.1282195718,0.6631460358,0.4411476896,0.1986394116,237484,-57.58398039,-42.5,-322.5,-192.5,-145.5,-86.5,-42.5,-15.5,0.5,0.1216039817,0.6691861346,0.4436846272,0.1979249128,0.4285564273,0.3708480541,0.2850905646,0.2458801402,0.128370211,0.1096855792
conservative,0.4,100,cancel,428534,276955,0.6462847755,151579,122630,0.2861616581,305904,35489,241466,0.5634698764,0.08281489917,29286,6202,6202,1,83352,0.7013741049,3789,0.03089782272,17381933,1613046,2196425,339733.5,1856691.5,4.332658552,6.70394649,15.14059773,6.465141059,0.1263625283,0.2106161263,0.1281399505,10.77584458,2227320.035,206695.6346,2020624.4,0.9188701769,0.5999660639,22049,3.555143502,23533.03006,0.9369384201,15041,2.425185424,15654.9859,0.9607801693,7168,1.155756208,7049.106819,1.016866418,276939,-56.93992901,-41.5,-323.5,-193.5,-145.5,-86.5,-41.5,-14.5,0.5,0.1282195718,0.6631460358,0.4411476896,0.1986394116,241451,-57.61912562,-42.5,-322.5,-192.5,-145.5,-86.5,-42.5,-15.5,0.5,0.1213786648,0.6692952193,0.443692509,0.1981478644,0.4285564273,0.3771042671,0.2850905646,0.2499918326,0.128370211,0.1116434169
conservative,0.5,0,cancel,428534,276955,0.6462847755,151579,106019,0.2473992729,322515,24390,252565,0.589369805,0.05691497057,20299,4090,4090,1,79905,0.7661441105,1724,0.01626123619,17381933,1613046,1559324,263381.5,1295942.5,3.024129941,4.679252947,12.2236816,5.920400636,0.08970947017,0.1632820763,0.08806484808,10.77584458,1530737.289,142052.6509,1388684.638,0.9332158393,0.5494140706,15176,3.710513447,16173.19741,0.938342593,10522,2.572616137,10758.97055,0.977974607,5262,1.286552567,4844.535358,1.086172277,276939,-56.93992901,-41.5,-323.5,-193.5,-145.5,-86.5,-41.5,-14.5,0.5,0.1282195718,0.6631460358,0.4411476896,0.1986394116,252550,-57.30724411,-41.5,-321.5,-192.5,-144.5,-86.5,-41.5,-15.5,0.5,0.1244070481,0.6670956246,0.4420867155,0.1969867353,0.4285564273,0.3931426678,0.2850905646,0.2605370869,0.128370211,0.1160911386
conservative,0.5,25,cancel,428534,276955,0.6462847755,151579,106019,0.2473992729,322515,22393,254562,0.5940298786,0.05225489693,18554,3838,3838,1,81902,0.7852917206,1724,0.01626123619,17381933,1613046,1423870,241763,1182107,2.758490575,4.26822769,11.14995425,5.889528174,0.081916666,0.1498797926,0.08085429041,10.77584458,1405403.859,130421.6897,1274982.169,0.9271557115,0.5465491015,13809,3.597967692,14848.97129,0.9299634118,9593,2.499478895,9878.049513,0.9711431378,4807,1.252475248,4447.87537,1.080740713,276939,-56.93992901,-41.5,-323.5,-193.5,-145.5,-86.5,-41.5,-14.5,0.5,0.1282195718,0.6631460358,0.4411476896,0.1986394116,254547,-57.30485922,-41.5,-322.5,-192.5,-145.5,-86.5,-41.5,-15.5,0.5,0.1244210303,0.6672323775,0.4422680291,0.1972288025,0.4285564273,0.396332613,0.2850905646,0.2627049429,0.128370211,0.117152898
conservative,0.5,50,cancel,428534,276955,0.6462847755,151579,106019,0.2473992729,322515,20685,256270,0.59801556,0.04826921551,17025,3659,3659,1,83610,0.8016683446,1724,0.01626123619,17381933,1613046,1309721,229965,1079756,2.519650716,3.898669459,10.18455183,5.695305807,0.0753495598,0.1425656801,0.07468722356,10.77584458,1298208.316,120473.9272,1177734.389,0.9168077373,0.5285252366,12652,3.457775348,13716.38329,0.9224005869,8808,2.407215086,9124.612789,0.9653012356,4405,1.203880842,4108.618855,1.072136442,276939,-56.93992901,-41.5,-323.5,-193.5,-145.5,-86.5,-41.5,-14.5,0.5,0.1282195718,0.6631460358,0.4411476896,0.1986394116,256255,-57.32231956,-41.5,-322.5,-192.5,-145.5,-86.5,-41.5,-15.5,0.5,0.1242902578,0.6673001502,0.4423835632,0.1974829759,0.4285564273,0.3990325155,0.2850905646,0.2645367695,0.128370211,0.1180909799
conservative,0.5,100,cancel,428534,276955,0.6462847755,151579,106019,0.2473992729,322515,18008,258947,0.6042624389,0.04202233662,14655,3352,3352,1,86287,0.8273359221,1724,0.01626123619,17381933,1613046,1135200.5,211534,923666.5,2.155410072,3.335077901,8.712273272,5.366515548,0.06530922079,0.1311394715,0.06502139337,10.77584458,1130197.503,104882.4985,1025315.005,0.9008611947,0.498013451,10904,3.252983294,11941.24391,0.9131376998,7618,2.272673031,7943.728649,0.9589954965,3793,1.131563246,3576.891871,1.060417854,276939,-56.93992901,-41.5,-323.5,-193.5,-145.5,-86.5,-41.5,-14.5,0.5,0.1282195718,0.6631460358,0.4411476896,0.1986394116,258932,-57.33250622,-41.5,-322.5,-192.5,-145.5,-86.5,-41.5,-15.5,0.5,0.1241909073,0.6671519936,0.4424057281,0.1978048291,0.4285564273,0.4031115384,0.2850905646,0.2673136787,0.128370211,0.1195191047
conservative,0.6,0,cancel,428534,276955,0.6462847755,151579,94052,0.219473834,334482,11002,265953,0.6206112,0.02567357549,9104,1898,1898,0,82318,0.8821045864,732,0.007782928593,17381933,1613046,728188.5,138505,589683.5,1.376048342,2.129167193,6.269760345,5.257488899,0.04189341312,0.08586549919,0.03972486505,10.77584458,690494.9427,64078.03467,626416.9081,0.9413594882,0.4878957616,6923,3.647523709,7295.511191,0.9489396724,4879,2.570600632,4853.226488,1.005310593,2490,1.311907271,2185.304551,1.139429284,276939,-56.93992901,-41.5,-323.5,-193.5,-145.5,-86.5,-41.5,-14.5,0.5,0.1282195718,0.6631460358,0.4411476896,0.1986394116,265937,-57.07819333,-41.5,-321.5,-192.5,-145.5,-86.5,-41.5,-14.5,0.5,0.1263870766,0.6645483705,0.4410518281,0.1974941433,0.4285564273,0.4124013497,0.2850905646,0.2737052369,0.128370211,0.1225597035
conservative,0.6,25,cancel,428534,276955,0.6462847755,151579,94052,0.219473834,334482,9819,267136,0.6233717745,0.02291300107,8066,1753,1753,0,83501,0.8947813973,732,0.007782928593,17381933,1613046,647519,124371.5,523147.5,1.220784115,1.888925999,5.562321907,5.206329424,0.03725241606,0.0771035048,0.03545341301,10.77584458,616248.8495,57187.98604,559060.8635,0.9357612635,0.4831481546,6107,3.483742156,6511.054753,0.9379432722,4319,2.463776383,4331.378921,0.997142037,2231,1.272675414,1950.327703,1.143910327,276939,-56.93992901,-41.5,-323.5,-193.5,-145.5,-86.5,-41.5,-14.5,0.5,0.1282195718,0.6631460358,0.4411476896,0.1986394116,267120,-57.07449648,-41.5,-322.31,-193.5,-145.5,-86.5,-41.5,-14.5,0.5,0.1263701707,0.6646600779,0.4411949686,0.1975890985,0.4285564273,0.414305516,0.2850905646,0.2750120177,0.128370211,0.1231640897
conservative,0.6,50,cancel,428534,276955,0.6462847755,151579,94052,0.219473834,334482,8880,268075,0.6255629658,0.0207218097,7247,1633,1633,0,84440,0.9048435491,732,0.007782928593,17381933,1613046,585277.5,116564,468713.5,1.093760355,1.692381434,4.983556968,5.021082839,0.03367160028,0.07226328325,0.03206297052,10.77584458,557316.4053,51719.04634,505597.359,0.9270489485,0.4659572436,5470,3.349663197,5888.396599,0.9289455811,3870,2.369871402,3917.165171,0.9879593611,2004,1.227189222,1763.816071,1.136172888,276939,-56.93992901,-41.5,-323.5,-193.5,-145.5,-86.5,-41.5,-14.5,0.5,0.1282195718,0.6631460358,0.4411476896,0.1986394116,268059,-57.07763403,-41.5,-322.5,-193.5,-145.5,-86.5,-41.5,-14.5,0.5,0.1263751637,0.6647081426,0.4413244845,0.1977437803,0.4285564273,0.4157919792,0.2850905646,0.2760597759,0.128370211,0.1236938026
conservative,0.6,100,cancel,428534,276955,0.6462847755,151579,94052,0.219473834,334482,7440,269515,0.6289232593,0.01736151624,5985,1455,1455,0,85880,0.9202743249,732,0.007782928593,17381933,1613046,484307.5,105252.5,379055,0.8845389164,1.368651947,4.030270489,4.60138714,0.02786269513,0.065250774,0.02686356989,10.77584458,466940.772,43332.17396,423608.5981,0.8948236691,0.4270094196,4467,3.070103093,4933.521475,0.9054384425,3186,2.189690722,3281.949198,0.9707645695,1633,1.12233677,1477.791843,1.105027076,276939,-56.93992901,-41.5,-323.5,-193.5,-145.5,-86.5,-41.5,-14.5,0.5,0.1282195718,0.6631460358,0.4411476896,0.1986394116,269499,-57.10533991,-41.5,-322.5,-193.5,-145.5,-86.5,-41.5,-14.5,0.5,0.1263603947,0.6648781628,0.4415044212,0.1980638147,0.4285564273,0.4181325169,0.2850905646,0.2776559153,0.128370211,0.1245595449
conservative,0.7,0,cancel,428534,276955,0.6462847755,151579,86159,0.2010552255,342375,3790,273165,0.6374406698,0.008844105719,3141,649,649,0,82086,0.9558665984,283,0.003284624938,17381933,1613046,260407.5,63948.5,196459,0.4584443708,0.7093535051,2.280191274,4.072143991,0.01498150407,0.03964456066,0.01368453359,10.77584458,237863.646,22073.78217,215789.8638,0.9104181102,0.3778955756,2431,3.745762712,2513.178278,0.9673010551,1710,2.634822804,1671.853153,1.022817104,942,1.45146379,752.7998772,1.251328578,276939,-56.93992901,-41.5,-323.5,-193.5,-145.5,-86.5,-41.5,-14.5,0.5,0.1282195718,0.6631460358,0.4411476896,0.1986394116,273149,-57.01074505,-41.5,-323.5,-193.5,-145.5,-86.5,-41.5,-14.5,0.5,0.1276226528,0.6634474225,0.4410083874,0.1979469081,0.4285564273,0.4228835985,0.2850905646,0.2811002161,0.128370211,0.126172019
conservative,0.7,25,cancel,428534,276955,0.6462847755,151579,86159,0.2010552255,342375,3278,273677,0.6386354408,0.007649334709,2692,586,586,0,82598,0.9618286832,283,0.003284624938,17381933,1613046,228128.5,55007.5,173121,0.4039842813,0.625087108,2.009319978,4.147225378,0.0131244609,0.03410163132,0.01183585781,10.77584458,205730.0875,19091.7831,186638.3044,0.9275748651,0.3848631397,2085,3.558020478,2173.667123,0.959208509,1482,2.529010239,1445.998585,1.024897269,834,1.423208191,651.102374,1.28090456,276939,-56.93992901,-41.5,-323.5,-193.5,-145.5,-86.5,-41.5,-14.5,0.5,0.1282195718,0.6631460358,0.4411476896,0.1986394116,273661,-56.98936275,-41.5,-323.5,-193.5,-145.5,-86.5,-41.5,-14.5,0.5,0.1276140919,0.6634704982,0.44101644,0.1979712126,0.4285564273,0.4236910023,0.2850905646,0.2816322626,0.128370211,0.126424041
conservative,0.7,50,cancel,428534,276955,0.6462847755,151579,86159,0.2010552255,342375,2899,274056,0.6395198514,0.006764924137,2369,530,530,0,82977,0.9662420234,283,0.003284624938,17381933,1613046,202649,50964.5,151684.5,0.3539614126,0.5476864473,1.760518344,3.976277605,0.01165859977,0.03159519319,0.01046740445,10.77584458,181943.7229,16884.40488,165059.318,0.9189696277,0.3689991605,1837,3.466037736,1922.349295,0.9556015677,1298,2.449056604,1278.813269,1.015003544,738,1.39245283,575.8223863,1.281645204,276939,-56.93992901,-41.5,-323.5,-193.5,-145.5,-86.5,-41.5,-14.5,0.5,0.1282195718,0.6631460358,0.4411476896,0.1986394116,274040,-56.98876989,-41.5,-323.5,-193.5,-145.5,-86.5,-41.5,-14.5,0.5,0.1276419501,0.6634578894,0.4410779448,0.1980477303,0.4285564273,0.4242697196,0.2850905646,0.2820616334,0.128370211,0.1266480606
conservative,0.7,100,cancel,428534,276955,0.6462847755,151579,86159,0.2010552255,342375,2233,274722,0.6410739871,0.005210788409,1784,449,449,0,83643,0.9739973916,283,0.003284624938,17381933,1613046,157130,43918,113212,0.2641844054,0.4087739886,1.313989252,3.577804089,0.009039846144,0.02722674989,0.008062681663,10.77584458,140144.9925,13005.47641,127139.5161,0.8904548602,0.3320207583,1355,3.017817372,1480.71955,0.9150956371,974,2.169265033,985.0258815,0.9888065058,556,1.23830735,443.536181,1.25356177,276939,-56.93992901,-41.5,-323.5,-193.5,-145.5,-86.5,-41.5,-14.5,0.5,0.1282195718,0.6631460358,0.4411476896,0.1986394116,274706,-56.99065546,-41.5,-323.5,-193.5,-145.5,-86.5,-41.5,-14.5,0.5,0.1276273543,0.6636039985,0.4411880338,0.1982301078,0.4285564273,0.4253944845,0.2850905646,0.2828176994,0.128370211,0.1270727644
conservative,0.8,0,cancel,428534,276955,0.6462847755,151579,81009,0.1890375093,347525,1045,275910,0.6438462292,0.0024385463,861,184,184,0,79890,0.9870884043,74,0.0009134787493,17381933,1613046,76722,24210,52512,0.1225387017,0.1896048094,0.6482242714,3.169021066,0.004413893438,0.01500887141,0.003773176148,10.77584458,65585.095,6086.306692,59498.7883,0.8825725951,0.2940856321,683,3.711956522,692.9475727,0.9856445522,507,2.755434783,460.9727031,1.099848205,267,1.451086957,207.5661931,1.286336643,276939,-56.93992901,-41.5,-323.5,-193.5,-145.5,-86.5,-41.5,-14.5,0.5,0.1282195718,0.6631460358,0.4411476896,0.1986394116,275894,-56.96526565,-41.5,-323.5,-193.5,-145.5,-86.5,-41.5,-14.5,0.5,0.1280383046,0.6631822367,0.4409809565,0.1984240324,0.4285564273,0.4269626214,0.2850905646,0.2839074613,0.128370211,0.1277471566
conservative,0.8,25,cancel,428534,276955,0.6462847755,151579,81009,0.1890375093,347525,874,276081,0.6442452641,0.002039511451,711,163,163,0,80061,0.9892012108,74,0.0009134787493,17381933,1613046,64150,18294,45856,0.1070066786,0.1655720243,0.5660605612,3.50661419,0.003690613696,0.01134127607,0.003155747324,10.77584458,54852.98854,5090.365597,49762.62295,0.9214948346,0.3254143249,567,3.478527607,579.5561517,0.9783348832,422,2.588957055,385.5408063,1.094566368,210,1.288343558,173.600816,1.209671733,276939,-56.93992901,-41.5,-323.5,-193.5,-145.5,-86.5,-41.5,-14.5,0.5,0.1282195718,0.6631460358,0.4411476896,0.1986394116,276065,-56.95409052,-41.5,-323.5,-193.5,-145.5,-86.5,-41.5,-14.5,0.5,0.1280350642,0.6631916397,0.4410157028,0.1985075978,0.4285564273,0.4272333117,0.2850905646,0.2841058119,0.128370211,0.1278801682
conservative,0.8,50,cancel,428534,276955,0.6462847755,151579,81009,0.1890375093,347525,751,276204,0.6445322892,0.001752486384,611,140,140,0,80184,0.9907209489,74,0.0009134787493,17381933,1613046,53405,16093.5,37311.5,0.08706777059,0.1347204419,0.4605846264,3.31842048,0.003072443094,0.009977086828,0.002711631854,10.77584458,47133.4032,4373.986915,42759.41628,0.8725914253,0.3079499203,474,3.385714286,497.9939015,0.9518188848,341,2.435714286,331.2827752,1.029332116,166,1.185714286,149.1695799,1.112827428,276939,-56.93992901,-41.5,-323.5,-193.5,-145.5,-86.5,-41.5,-14.5,0.5,0.1282195718,0.6631460358,0.4411476896,0.1986394116,276188,-56.95966335,-41.5,-323.5,-193.5,-145.5,-86.5,-41.5,-14.5,0.5,0.1280613205,0.6632330152,0.4411125755,0.1985785045,0.4285564273,0.4274503307,0.2850905646,0.2842948284,0.128370211,0.1279828438
conservative,0.8,100,cancel,428534,276955,0.6462847755,151579,81009,0.1890375093,347525,538,276417,0.6450293326,0.001255442975,424,114,114,0,80397,0.9933526904,74,0.0009134787493,17381933,1613046,38806,14165.5,24640.5,0.05749952162,0.08896932715,0.304169907,2.739472662,0.002232548014,0.008781832632,0.001942553844,10.77584458,33765.34077,3133.428709,30631.91207,0.8044062006,0.2542234756,316,2.771929825,356.7519561,0.885769495,240,2.105263158,237.3237457,1.011276808,121,1.061403509,106.8618295,1.132303279,276939,-56.93992901,-41.5,-323.5,-193.5,-145.5,-86.5,-41.5,-14.5,0.5,0.1282195718,0.6631460358,0.4411476896,0.1986394116,276401,-56.96161193,-41.5,-323.5,-193.5,-145.5,-86.5,-41.5,-14.5,0.5,0.1280567002,0.6632935481,0.4411380567,0.198588283,0.4285564273,0.4278190295,0.2850905646,0.2845305157,0.128370211,0.128087853
conservative,0.9,0,cancel,428534,276955,0.6462847755,151579,71656,0.1672119365,356878,115,276840,0.6460164188,0.0002683567698,98,17,17,0,71540,0.9983950876,1,1.395556548e-05,17381933,1613046,13593.5,7947,5646.5,0.0131763174,0.02038778863,0.07880010048,1.710519693,0.0007820476583,0.004926703888,0.000415229911,10.77584458,7217.498493,669.784947,6547.713546,0.8623620995,0.1587364851,80,4.705882353,76.25738838,1.049078675,70,4.117647059,50.72905346,1.379879876,49,2.882352941,22.84221263,2.145151207,276939,-56.93992901,-41.5,-323.5,-193.5,-145.5,-86.5,-41.5,-14.5,0.5,0.1282195718,0.6631460358,0.4411476896,0.1986394116,276824,-56.94318592,-41.5,-323.5,-193.5,-145.5,-86.5,-41.5,-14.5,0.5,0.1282114268,0.6631325319,0.4410780857,0.1985449239,0.4285564273,0.4283697443,0.2850905646,0.284927217,0.128370211,0.1282558677
conservative,0.9,25,cancel,428534,276955,0.6462847755,151579,71656,0.1672119365,356878,87,276868,0.6460817578,0.0002030177302,76,11,11,0,71568,0.9987858489,1,1.395556548e-05,17381933,1613046,11161,7566,3595,0.008389065978,0.01298044809,0.0501702579,1.475151996,0.0006421034991,0.004690504797,0.0003141304544,10.77584458,5460.194512,506.706873,4953.487639,0.7257512811,0.1368943274,59,5.363636364,57.69037208,1.022700979,51,4.636363636,38.37763175,1.328899093,37,3.363636364,17.28063043,2.141125589,276939,-56.93992901,-41.5,-323.5,-193.5,-145.5,-86.5,-41.5,-14.5,0.5,0.1282195718,0.6631460358,0.4411476896,0.1986394116,276852,-56.94483695,-41.5,-323.5,-193.5,-145.5,-86.5,-41.5,-14.5,0.5,0.1282201321,0.6631413174,0.4411021051,0.1985681881,0.4285564273,0.4284187486,0.2850905646,0.2849715542,0.128370211,0.1282838701
conservative,0.9,50,cancel,428534,276955,0.6462847755,151579,71656,0.1672119365,356878,67,276888,0.6461284285,0.0001563469876,57,10,10,0,71588,0.9990649641,1,1.395556548e-05,17381933,1613046,9275.5,7384.5,1891,0.004412718711,0.006827824015,0.02638997432,1.256076918,0.0005336287972,0.004577984757,0.0002419165568,10.77584458,4204.977383,390.2225343,3814.754848,0.4957068213,0.1165641271,42,4.2,44.42821758,0.9453451497,35,3.5,29.55518767,1.184225267,28,2.8,13.30807171,2.103986258,276939,-56.93992901,-41.5,-323.5,-193.5,-145.5,-86.5,-41.5,-14.5,0.5,0.1282195718,0.6631460358,0.4411476896,0.1986394116,276872,-56.94687798,-41.5,-323.5,-193.5,-145.5,-86.5,-41.5,-14.5,0.5,0.1282144818,0.6631548152,0.4411280303,0.1985863504,0.4285564273,0.4284584187,0.2850905646,0.2850088908,0.128370211,0.128304872
conservative,0.9,100,cancel,428534,276955,0.6462847755,151579,71656,0.1672119365,356878,47,276908,0.6461750993,0.0001096762451,37,10,10,0,71608,0.9993440793,1,1.395556548e-05,17381933,1613046,7539.5,7384.5,155,0.000361698255,0.0005596577061,0.002163112649,1.020989911,0.00043375498,0.004577984757,0.0001697026593,10.77584458,2949.760253,273.7381957,2676.022058,0.05792179461,0.09474801752,30,3,31.16606308,0.9625854868,23,2.3,20.73274359,1.109356314,20,2,9.335512989,2.142356828,276939,-56.93992901,-41.5,-323.5,-193.5,-145.5,-86.5,-41.5,-14.5,0.5,0.1282195718,0.6631460358,0.4411476896,0.1986394116,276892,-56.94903428,-41.5,-323.5,-193.5,-145.5,-86.5,-41.5,-14.5,0.5,0.1282052208,0.6631502535,0.4411395057,0.1986008985,0.4285564273,0.4284864211,0.2850905646,0.2850368932,0.128370211,0.1283235403
midpoint,,,never,428534,305062,0.7118735036,123472,0,0,428534,0,305062,0.7118735036,0,0,0,0,0,0,,0,,14796323,1950241.5,0,0,0,0,0,,,0,0,0,7.586918338,0,0,0,,,0,,0,,0,,0,,0,,0,,305041,-42.11263896,-26.5,-299.5,-174.5,-127.5,-70.5,-26.5,0.5,0.5,0.3287951456,0.5118393921,0.341419678,0.1536219721,305041,-42.11263896,-26.5,-299.5,-174.5,-127.5,-70.5,-26.5,0.5,0.5,0.3287951456,0.5118393921,0.341419678,0.1536219721,0.364339819,0.364339819,0.2430308914,0.2430308914,0.1093518834,0.1093518834
midpoint,0.1,0,cancel,428534,305062,0.7118735036,123472,253139,0.5907092553,175395,191273,113789,0.2655308564,0.4463426473,120316,70941,70941,16,38629,0.1680237666,23237,0.09179541675,14796323,1950241.5,8491555.5,1125272.5,7366283,17.18949488,24.146839,29.09975547,7.546221471,0.5738963322,0.5769913624,0.626997135,7.586918338,9277252.13,1222795.833,8054456.297,0.9145599316,0.994635916,91929,1.295851482,97894.31668,0.9390637078,60765,0.8565568571,65299.87062,0.9305531454,26872,0.3787936454,29381.71274,0.9145824899,305041,-42.11263896,-26.5,-299.5,-174.5,-127.5,-70.5,-26.5,0.5,0.5,0.3287951456,0.5118393921,0.341419678,0.1536219721,113784,-48.15965777,-33.5,-332.5,-188.5,-137.5,-77.5,-33.5,0.5,0.5,0.2579888209,0.5642533221,0.3812662589,0.1756749631,0.364339819,0.1498200843,0.2430308914,0.1012335077,0.1093518834,0.04664507367
midpoint,0.1,25,cancel,428534,305062,0.7118735036,123472,253139,0.5907092553,175395,185228,119834,0.2796370883,0.4322364153,116139,69075,69075,14,44674,0.1943175788,23237,0.09179541675,14796323,1950241.5,8209427.5,1086240,7123187.5,16.62222251,23.34996656,28.1394313,7.557655306,0.5548288923,0.5569771744,0.607181491,7.586918338,8984053.46,1184150.542,7799902.918,0.9132405332,0.9961429621,88721,1.28441549,94800.46055,0.9358709809,58744,0.8504379298,63236.13074,0.9289625933,26018,0.3766630474,28453.13185,0.9144160347,305041,-42.11263896,-26.5,-299.5,-174.5,-127.5,-70.5,-26.5,0.5,0.5,0.3287951456,0.5118393921,0.341419678,0.1536219721,119827,-47.75963681,-33.5,-329.5,-187.5,-137.5,-77.5,-33.5,0.5,0.5,0.2605506272,0.5625693708,0.3789045874,0.1739424337,0.364339819,0.1573060714,0.2430308914,0.1059495863,0.1093518834,0.04863791438
midpoint,0.1,50,cancel,428534,305062,0.7118735036,123472,253139,0.5907092553,175395,179345,125717,0.2933652872,0.4185082164,112069,67262,67262,14,50557,0.2199067429,23237,0.09179541675,14796323,1950241.5,7926953,1054300.5,6872652.5,16.03758978,22.52870728,27.14971814,7.518684663,0.5357380344,0.5405999718,0.5878968865,7.586918338,8698712.224,1146540.906,7552171.318,0.9100233841,0.9910064045,85554,1.271951473,91789.51669,0.9320672239,56713,0.8431655318,61227.69704,0.926263811,25176,0.3742975231,27549.436,0.9138481093,305041,-42.11263896,-26.5,-299.5,-174.5,-127.5,-70.5,-26.5,0.5,0.5,0.3287951456,0.5118393921,0.341419678,0.1536219721,125710,-47.51753242,-33.5,-326.5,-186.5,-136.5,-76.5,-33.5,0.5,0.5,0.2627794129,0.5614350489,0.3773287726,0.1725001989,0.364339819,0.1646963835,0.2430308914,0.1106890002,0.1093518834,0.05060275264
midpoint,0.1,100,cancel,428534,305062,0.7118735036,123472,253139,0.5907092553,175395,169679,135383,0.3159212571,0.3959522465,105651,64014,64014,14,60223,0.2619507442,23237,0.09179541675,14796323,1950241.5,7475463.5,996725,6478738.5,15.11837684,21.23744845,25.59360075,7.500026085,0.5052244061,0.5110777306,0.5562115242,7.586918338,8229885.369,1084746.797,7145138.571,0.9067337792,0.9885470953,80696,1.260599244,86842.4177,0.9292233236,53444,0.83487987,57927.76161,0.9225973611,23690,0.370075296,26064.62824,0.9088946056,305041,-42.11263896,-26.5,-299.5,-174.5,-127.5,-70.5,-26.5,0.5,0.5,0.3287951456,0.5118393921,0.341419678,0.1536219721,135376,-47.0345039,-32.5,-324.5,-184.5,-135.5,-76.5,-32.5,0.5,0.5,0.2680091006,0.5572331876,0.3745346295,0.1711603238,0.364339819,0.1760327069,0.2430308914,0.118317333,0.1093518834,0.05407038881
midpoint,0.2,0,cancel,428534,305062,0.7118735036,123472,189233,0.4415822315,239301,117310,187752,0.438126263,0.2737472406,74027,43273,43273,10,64152,0.3535285625,7771,0.04106577605,14796323,1950241.5,5320985.5,858935.5,4462050,10.41235935,14.62669883,23.57966105,6.194860382,0.3596153923,0.4404251986,0.3845447811,7.586918338,5689848.789,749955.1906,4939893.598,0.9032684432,0.8165186584,56420,1.303815312,60039.74576,0.9397108414,37930,0.8765280891,40049.18531,0.9470854327,17003,0.3929239942,18020.15299,0.9435546976,305041,-42.11263896,-26.5,-299.5,-174.5,-127.5,-70.5,-26.5,0.5,0.5,0.3287951456,0.5118393921,0.341419678,0.1536219721,187741,-44.65743498,-29.5,-308.1,-178.5,-130.5,-72.5,-29.5,0.5,0.5,0.3037322695,0.5311146739,0.3527039911,0.1590382495,0.364339819,0.2326816542,0.2430308914,0.1545198281,0.1093518834,0.06967475159
midpoint,0.2,25,cancel,428534,305062,0.7118735036,123472,189233,0.4415822315,239301,111032,194030,0.4527762091,0.2590972945,69439,41585,41585,8,70430,0.3881253375,7771,0.04106577605,14796323,1950241.5,5010568.5,817603.5,4192965,9.784439508,13.74463224,22.15768391,6.128359896,0.3386360584,0.4192319259,0.3639653579,7.586918338,5385348.996,709820.3455,4675528.65,0.8967894999,0.8077535071,52947,1.273223518,56826.63925,0.9317285114,35733,0.8592761813,37905.90013,0.9426764668,16052,0.386004569,17055.78063,0.941147189,305041,-42.11263896,-26.5,-299.5,-174.5,-127.5,-70.5,-26.5,0.5,0.5,0.3287951456,0.5118393921,0.341419678,0.1536219721,194017,-44.59978507,-29.5,-307.5,-178.5,-130.5,-72.5,-29.5,0.5,0.5,0.3026075035,0.5318348392,0.352618585,0.1587953633,0.364339819,0.2407860286,0.2430308914,0.1596466091,0.1093518834,0.0718939454
midpoint,0.2,50,cancel,428534,305062,0.7118735036,123472,189233,0.4415822315,239301,105174,199888,0.4664460696,0.245427434,65175,39991,39991,8,76288,0.4204075784,7771,0.04106577605,14796323,1950241.5,4721080.5,787139.5,3933941,9.179997386,12.89554582,20.78887403,5.997768502,0.3190711976,0.4036112963,0.344762704,7.586918338,5101220.326,672370.5329,4428849.793,0.8882534255,0.7905408013,49684,1.242379535,53828.4905,0.923005634,33694,0.8425395714,35906.00133,0.9383946625,15177,0.3795103898,16155.92507,0.9394076745,305041,-42.11263896,-26.5,-299.5,-174.5,-127.5,-70.5,-26.5,0.5,0.5,0.3287951456,0.5118393921,0.341419678,0.1536219721,199875,-44.58857036,-29.5,-306.5,-177.5,-130.5,-72.5,-29.5,0.5,0.5,0.301713571,0.532572858,0.3524853033,0.1585190744,0.364339819,0.2484003603,0.2430308914,0.1644046913,0.1093518834,0.07393579039
midpoint,0.2,100,cancel,428534,305062,0.7118735036,123472,189233,0.4415822315,239301,96144,208918,0.4875179099,0.2243555937,58906,37230,37230,8,85318,0.4701700632,7771,0.04106577605,14796323,1950241.5,4291261,731950,3559311,8.305784372,11.66750038,18.80914534,5.862778878,0.2900221224,0.3753124934,0.3151621638,7.586918338,4663241.172,614642.331,4048598.841,0.8791463762,0.7727483831,45019,1.209213,49206.89895,0.9148920367,30588,0.8215954875,32823.19387,0.9319019996,13803,0.3707493956,14768.81416,0.9346044885,305041,-42.11263896,-26.5,-299.5,-174.5,-127.5,-70.5,-26.5,0.5,0.5,0.3287951456,0.5118393921,0.341419678,0.1536219721,208905,-44.45451521,-29.5,-306.5,-177.5,-129.5,-72.5,-29.5,0.5,0.5,0.3018884182,0.5318829133,0.352116991,0.158244178,0.364339819,0.259286311,0.2430308914,0.1716526577,0.1093518834,0.07714207041
midpoint,0.3,0,cancel,428534,305062,0.7118735036,123472,148335,0.34614523,280199,67464,237598,0.5544437548,0.1574297489,43315,24143,24143,6,78209,0.5368805475,2662,0.01794586578,14796323,1950241.5,3163535,614901.5,2548633.5,5.9473309,8.354477123,17.18160582,5.144783351,0.213805484,0.3152950545,0.2211484878,7.586918338,3272184.457,431292.9587,2840891.499,0.8971245475,0.6781123932,32888,1.362216792,34528.3557,0.9524925045,22187,0.9189827279,23031.95156,0.9633139397,10225,0.423518204,10363.23929,0.9866606101,305041,-42.11263896,-26.5,-299.5,-174.5,-127.5,-70.5,-26.5,0.5,0.5,0.3287951456,0.5118393921,0.341419678,0.1536219721,237583,-43.34252872,-27.5,-300.5,-174.5,-127.5,-71.5,-27.5,0.5,0.5,0.320532193,0.518740819,0.3449741774,0.1542029522,0.364339819,0.2875944499,0.2430308914,0.1912567031,0.1093518834,0.08549146625
midpoint,0.3,25,cancel,428534,305062,0.7118735036,123472,148335,0.34614523,280199,62606,242456,0.5657800781,0.1460934255,39653,22949,22949,4,83067,0.570229212,2662,0.01794586578,14796323,1950241.5,2906987,577320.5,2329666.5,5.436363276,7.636698442,15.70544039,5.03530881,0.1964668519,0.2960251333,0.2052238561,7.586918338,3036558.463,400236.081,2636322.382,0.8836804316,0.6636830115,30118,1.312388339,32042.01111,0.9399534848,20384,0.888230424,21373.44894,0.9537066317,9408,0.4099525034,9616.995122,0.9782681472,305041,-42.11263896,-26.5,-299.5,-174.5,-127.5,-70.5,-26.5,0.5,0.5,0.3287951456,0.5118393921,0.341419678,0.1536219721,242439,-43.37757127,-27.5,-300.5,-174.5,-127.5,-71.5,-27.5,0.5,0.5,0.3190369536,0.5197761086,0.3455013426,0.1544842208,0.364339819,0.2940583478,0.2430308914,0.1954640705,0.1093518834,0.08739796609
midpoint,0.3,50,cancel,428534,305062,0.7118735036,123472,148335,0.34614523,280199,58119,246943,0.5762506592,0.1356228444,36279,21836,21836,4,87554,0.6010310765,2662,0.01794586578,14796323,1950241.5,2678543,546495.5,2132047.5,4.975212002,6.988898978,14.37319244,4.901308428,0.1810276107,0.2802193985,0.1905153706,7.586918338,2818926.961,371550.9822,2447375.978,0.8711565035,0.6460209811,27603,1.264105147,29745.54585,0.927970868,18771,0.8596354644,19841.60431,0.9460424525,8710,0.3988825792,8927.740784,0.9756107632,305041,-42.11263896,-26.5,-299.5,-174.5,-127.5,-70.5,-26.5,0.5,0.5,0.3287951456,0.5118393921,0.341419678,0.1536219721,246926,-43.3896552,-27.5,-300.5,-174.5,-127.5,-71.5,-27.5,0.5,0.5,0.3177470173,0.520516268,0.3457554085,0.1545037785,0.364339819,0.2999271936,0.2430308914,0.1992280659,0.1093518834,0.08902677501
midpoint,0.3,100,cancel,428534,305062,0.7118735036,123472,148335,0.34614523,280199,51140,253922,0.5925364148,0.1193370888,31317,19819,19819,4,94533,0.6489397486,2662,0.01794586578,14796323,1950241.5,2333502,497006,1836496,4.285531603,6.020074608,12.3807328,4.695118369,0.157708236,0.2548433104,0.1676380539,7.586918338,2480426.793,326934.6897,2153492.103,0.8527990409,0.618843931,23959,1.208890459,26173.66463,0.9153857642,16318,0.8233513295,17459.0004,0.9346468656,7570,0.3819567082,7855.686844,0.963633117,305041,-42.11263896,-26.5,-299.5,-174.5,-127.5,-70.5,-26.5,0.5,0.5,0.3287951456,0.5118393921,0.341419678,0.1536219721,253905,-43.36104252,-27.5,-300.5,-174.5,-128.5,-71.5,-27.5,0.5,0.5,0.3169571296,0.5205608397,0.3459128414,0.1547468541,0.364339819,0.3084306029,0.2430308914,0.2049522325,0.1093518834,0.09168700733
midpoint,0.4,0,cancel,428534,305062,0.7118735036,123472,122630,0.2861616581,305904,36676,268386,0.6262886959,0.08558480774,23977,12697,12697,2,84882,0.6982839468,1072,0.008741743456,14796323,1950241.5,1791725,416818.5,1374906.5,3.208395367,4.506973992,11.21182826,4.2985736,0.121092585,0.2137266077,0.1202247412,7.586918338,1778884.103,234467.2796,1544416.824,0.8902431512,0.5665770222,18114,1.426636213,18770.92929,0.9650028359,12226,0.9629046231,12521.04612,0.9764359847,5783,0.4554619201,5633.851597,1.026473612,305041,-42.11263896,-26.5,-299.5,-174.5,-127.5,-70.5,-26.5,0.5,0.5,0.3287951456,0.5118393921,0.341419678,0.1536219721,268367,-42.74435754,-27.5,-298.5,-173.5,-127.5,-70.5,-27.5,0.5,0.5,0.3264149467,0.5142882694,0.3425197584,0.1530665097,0.364339819,0.3220701275,0.2430308914,0.2145010664,0.1093518834,0.09585703818
midpoint,0.4,25,cancel,428534,305062,0.7118735036,123472,122630,0.2861616581,305904,33257,271805,0.6342670593,0.0776064443,21342,11913,11913,2,88301,0.7264104378,1072,0.008741743456,14796323,1950241.5,1603012,385509.5,1217502.5,2.841087288,3.99100019,9.928259806,4.158164714,0.1083385379,0.1976726985,0.1090171834,7.586918338,1613053.458,212609.8353,1400443.623,0.8693691629,0.5480703138,16105,1.351884496,17021.07088,0.9461801855,10881,0.9133719466,11353.8126,0.9583564909,5170,0.4339796861,5108.654231,1.012008205,305041,-42.11263896,-26.5,-299.5,-174.5,-127.5,-70.5,-26.5,0.5,0.5,0.3287951456,0.5118393921,0.341419678,0.1536219721,271786,-42.78579103,-27.5,-298.5,-174.5,-127.5,-70.5,-27.5,0.5,0.5,0.3251933507,0.5152104965,0.3431596918,0.1533964222,0.364339819,0.3267582035,0.2430308914,0.2176396739,0.1093518834,0.09728749644
midpoint,0.4,50,cancel,428534,305062,0.7118735036,123472,122630,0.2861616581,305904,30314,274748,0.6411346591,0.07073884453,19074,11238,11238,2,91244,0.7506211027,1072,0.008741743456,14796323,1950241.5,1437361.5,360456.5,1076905,2.512997802,3.530118468,8.781741825,3.987614317,0.09714315509,0.1848265971,0.09936996414,7.586918338,1470310.086,193795.4279,1276514.658,0.8436291689,0.5255907786,14363,1.27807439,15514.83124,0.9257593445,9738,0.8665242926,10349.08366,0.9409528732,4628,0.4118170493,4656.575889,0.9938633257,305041,-42.11263896,-26.5,-299.5,-174.5,-127.5,-70.5,-26.5,0.5,0.5,0.3287951456,0.5118393921,0.341419678,0.1536219721,274729,-42.83922156,-27.5,-298.5,-174.5,-127.5,-70.5,-27.5,0.5,0.5,0.3241667243,0.5160321626,0.3436441002,0.1537260355,0.364339819,0.3308232252,0.2430308914,0.2203069068,0.1093518834,0.09855227357
midpoint,0.4,100,cancel,428534,305062,0.7118735036,123472,122630,0.2861616581,305904,25648,279414,0.6520229433,0.05985056028,15738,9908,9908,2,95910,0.7890060712,1072,0.008741743456,14796323,1950241.5,1198540.5,320307,878233.5,2.04939048,2.878868886,7.16165294,3.741849226,0.08100259098,0.1642396595,0.08407471268,7.586918338,1243996.605,163965.9938,1080030.611,0.8131561188,0.4931975091,11894,1.200444086,13126.75304,0.9060885021,8097,0.8172184094,8756.129102,0.9247236885,3846,0.3881711748,3939.825111,0.976185463,305041,-42.11263896,-26.5,-299.5,-174.5,-127.5,-70.5,-26.5,0.5,0.5,0.3287951456,0.5118393921,0.341419678,0.1536219721,279395,-42.8348682,-27.5,-298.5,-174.5,-127.5,-70.5,-27.5,0.5,0.5,0.3235133055,0.5162511856,0.3437785214,0.1539576585,0.364339819,0.3365847284,0.2430308914,0.2241362412,0.1093518834,0.1003770996
midpoint,0.5,0,cancel,428534,305062,0.7118735036,123472,106019,0.2473992729,322515,18676,286386,0.6682923642,0.04358113942,12413,6262,6262,1,86944,0.8231774285,399,0.003763476358,14796323,1950241.5,956903.5,260092,696811.5,1.626035507,2.284163547,6.572515304,3.679096243,0.06467170932,0.1333639962,0.06122034209,7.586918338,905835.9558,119394.4518,786441.504,0.8860309336,0.4849263006,9318,1.488022996,9558.454452,0.9748437937,6439,1.02826573,6375.914968,1.009894271,3174,0.5068668157,2868.846451,1.106368031,305041,-42.11263896,-26.5,-299.5,-174.5,-127.5,-70.5,-26.5,0.5,0.5,0.3287951456,0.5118393921,0.341419678,0.1536219721,286366,-42.42567204,-26.5,-298.5,-174.5,-127.5,-70.5,-26.5,0.5,0.5,0.3283699881,0.5126795779,0.3411997234,0.1525565186,0.364339819,0.34259592,0.2430308914,0.2280052458,0.1093518834,0.1019452366
midpoint,0.5,25,cancel,428534,305062,0.7118735036,123472,106019,0.2473992729,322515,16524,288538,0.6733141361,0.03855936752,10724,5799,5799,1,89096,0.8435523575,399,0.003763476358,14796323,1950241.5,828325.5,233528.5,594797,1.387980884,1.949757754,5.610286835,3.546999617,0.05598184765,0.1197433754,0.05416603838,7.586918338,801458.1995,105636.8559,695821.3435,0.854812813,0.4675151964,8017,1.382479738,8457.051904,0.9479662761,5534,0.9543024659,5641.230399,0.9809916647,2738,0.4721503708,2538.274724,1.078685445,305041,-42.11263896,-26.5,-299.5,-174.5,-127.5,-70.5,-26.5,0.5,0.5,0.3287951456,0.5118393921,0.341419678,0.1536219721,288518,-42.46280821,-26.5,-298.5,-174.5,-127.5,-70.5,-26.5,0.5,0.5,0.3275254923,0.5133648507,0.3417915,0.1529297999,0.364339819,0.3456318518,0.2430308914,0.2301170969,0.1093518834,0.1029626587
midpoint,0.5,50,cancel,428534,305062,0.7118735036,123472,106019,0.2473992729,322515,14697,290365,0.6775775084,0.03429599518,9287,5409,5409,1,90923,0.8608502178,399,0.003763476358,14796323,1950241.5,721299.5,214869,506430.5,1.181774375,1.660090408,4.776790009,3.356926779,0.04874856409,0.1101755859,0.04817709187,7.586918338,712843.8125,93956.96391,618886.8486,0.818292554,0.4424624899,6921,1.27953411,7521.985708,0.9201027852,4776,0.8829728231,5017.499587,0.9518685387,2368,0.4377888704,2257.626702,1.048889082,305041,-42.11263896,-26.5,-299.5,-174.5,-127.5,-70.5,-26.5,0.5,0.5,0.3287951456,0.5118393921,0.341419678,0.1536219721,290345,-42.49996039,-27.5,-298.5,-174.5,-127.5,-70.5,-27.5,0.5,0.5,0.3268077632,0.5139093148,0.3422514595,0.153241833,0.364339819,0.3481894085,0.2430308914,0.231885918,0.1093518834,0.1038260675
midpoint,0.5,100,cancel,428534,305062,0.7118735036,123472,106019,0.2473992729,322515,11976,293086,0.683927063,0.02794644066,7277,4699,4699,0,93644,0.886612384,399,0.003763476358,14796323,1950241.5,578897,187990,390907,0.9121959985,1.281401813,3.687140984,3.07940316,0.03912438246,0.09639319028,0.03925759354,7.586918338,580868.0342,76561.78811,504306.2461,0.7751381289,0.4058832615,5460,1.161949351,6129.366594,0.8907935128,3785,0.8054905299,4088.560594,0.9257536761,1872,0.3983826346,1839.650091,1.017584816,305041,-42.11263896,-26.5,-299.5,-174.5,-127.5,-70.5,-26.5,0.5,0.5,0.3287951456,0.5118393921,0.341419678,0.1536219721,293065,-42.49969973,-27.5,-299,-174.5,-127.5,-70.5,-27.5,0.5,0.5,0.32619726,0.5141248528,0.3424564516,0.1535120195,0.364339819,0.3515987063,0.2430308914,0.2341984533,0.1093518834,0.1049835019
midpoint,0.6,0,cancel,428534,305062,0.7118735036,123472,94052,0.219473834,334482,7873,297189,0.6935015658,0.01837193782,5416,2457,2457,0,86031,0.9161590561,148,0.001573597584,14796323,1950241.5,429577.5,130856,298721.5,0.6970777115,0.9792157004,3.176131289,3.28282616,0.02903271982,0.06709733128,0.02580786856,7.586918338,381861.5592,50331.5763,331529.9829,0.9010391681,0.432695597,4121,1.677248677,4029.434135,1.022724249,2868,1.167277167,2687.812087,1.06703888,1434,0.5836385836,1209.382529,1.185729053,305041,-42.11263896,-26.5,-299.5,-174.5,-127.5,-70.5,-26.5,0.5,0.5,0.3287951456,0.5118393921,0.341419678,0.1536219721,297168,-42.22311958,-26.5,-299,-174.5,-127.5,-70.5,-26.5,0.5,0.5,0.3292380068,0.5115321973,0.3408139504,0.1528663921,0.364339819,0.3547233125,0.2430308914,0.2363383069,0.1093518834,0.1060055912
midpoint,0.6,25,cancel,428534,305062,0.7118735036,123472,94052,0.219473834,334482,6779,298283,0.6960544554,0.0158190482,4535,2244,2244,0,87125,0.927809252,148,0.001573597584,14796323,1950241.5,361157.5,112736,248421.5,0.5797007939,0.8143311851,2.641320759,3.203568514,0.024408598,0.05780617426,0.02222171231,7.586918338,328799.6329,43337.70554,285461.9274,0.8702438966,0.422248978,3424,1.525846702,3469.520386,0.9868799197,2371,1.056595365,2314.324672,1.024488927,1212,0.5401069519,1041.33166,1.163894315,305041,-42.11263896,-26.5,-299.5,-174.5,-127.5,-70.5,-26.5,0.5,0.5,0.3287951456,0.5118393921,0.341419678,0.1536219721,298262,-42.2368924,-26.5,-299.5,-174.5,-127.5,-70.5,-26.5,0.5,0.5,0.3287445266,0.5119928117,0.3412301936,0.153050003,0.364339819,0.3563497879,0.2430308914,0.2374980748,0.1093518834,0.1065236364
midpoint,0.6,50,cancel,428534,305062,0.7118735036,123472,94052,0.219473834,334482,5888,299174,0.698133637,0.01373986662,3825,2063,2063,0,88016,0.9372976657,148,0.001573597584,14796323,1950241.5,310190.5,101567,208623.5,0.4868306832,0.6838724587,2.218171862,3.054048067,0.02096402599,0.05207919122,0.01930099455,7.586918338,285583.7496,37641.60057,247942.149,0.8414200684,0.4025413127,2886,1.398933592,3013.502881,0.9576894775,1997,0.9680077557,2010.14068,0.993462806,1030,0.4992729035,904.4639057,1.138796135,305041,-42.11263896,-26.5,-299.5,-174.5,-127.5,-70.5,-26.5,0.5,0.5,0.3287951456,0.5118393921,0.341419678,0.1536219721,299153,-42.24412926,-26.5,-299.5,-174.5,-127.5,-70.5,-26.5,0.5,0.5,0.3283704325,0.5122662985,0.3414640669,0.1532025418,0.364339819,0.3576052309,0.2430308914,0.2383708177,0.1093518834,0.1069483402
midpoint,0.6,100,cancel,428534,305062,0.7118735036,123472,94052,0.219473834,334482,4592,300470,0.7011579011,0.0107156025,2821,1771,1771,0,89312,0.9510989947,148,0.001573597584,14796323,1950241.5,234654.5,86968.5,147686,0.3446307644,0.4841179826,1.570259006,2.698155079,0.01585897388,0.04459370801,0.01505267782,7.586918338,222724.283,29356.35696,193367.926,0.7637564463,0.3556325452,2117,1.195369848,2350.204693,0.9007726035,1486,0.8390739695,1567.691237,0.947890736,753,0.4251835121,705.3835352,1.067504361,305041,-42.11263896,-26.5,-299.5,-174.5,-127.5,-70.5,-26.5,0.5,0.5,0.3287951456,0.5118393921,0.341419678,0.1536219721,300449,-42.26472879,-26.5,-299.5,-174.5,-127.5,-70.5,-26.5,0.5,0.5,0.3279258709,0.5126161179,0.3416919344,0.1534636494,0.364339819,0.3593997209,0.2430308914,0.2395632552,0.1093518834,0.1075947299
midpoint,0.7,0,cancel,428534,305062,0.7118735036,123472,86159,0.2010552255,342375,2713,302349,0.7055426174,0.006330886231,1894,819,819,0,83398,0.9684941529,48,0.0005571095301,14796323,1950241.5,156744.5,59736.5,97008,0.2263717698,0.3179943749,1.12591836,2.623931767,0.0105934765,0.03063030912,0.008893274154,7.586918338,131587.7569,17344.03233,114243.7246,0.8491319795,0.3458494807,1465,1.788766789,1388.52468,1.055076673,1026,1.252747253,926.2078233,1.107742749,543,0.663003663,416.7477201,1.30294654,305041,-42.11263896,-26.5,-299.5,-174.5,-127.5,-70.5,-26.5,0.5,0.5,0.3287951456,0.5118393921,0.341419678,0.1536219721,302328,-42.16967499,-26.5,-299.5,-174.5,-127.5,-70.5,-26.5,0.5,0.5,0.3290366754,0.5115867535,0.3410898097,0.1532044667,0.364339819,0.3609211871,0.2430308914,0.2406366823,0.1093518834,0.1080847727
midpoint,0.7,25,cancel,428534,305062,0.7118735036,123472,86159,0.2010552255,342375,2292,302770,0.7065250365,0.005348467099,1546,746,746,0,83819,0.9733831915,48,0.0005571095301,14796323,1950241.5,130588,50319,80269,0.1873106918,0.2631235618,0.9316380181,2.595202607,0.008825706224,0.02580141998,0.007513226819,7.586918338,111168.1308,14652.60674,96515.52405,0.8316693173,0.3420628102,1197,1.604557641,1173.05513,1.0204124,831,1.113941019,782.4800336,1.062007929,456,0.6112600536,352.077322,1.295170042,305041,-42.11263896,-26.5,-299.5,-174.5,-127.5,-70.5,-26.5,0.5,0.5,0.3287951456,0.5118393921,0.341419678,0.1536219721,302749,-42.16632425,-26.5,-299.5,-174.5,-127.5,-70.5,-26.5,0.5,0.5,0.3288202438,0.5117605673,0.3412595913,0.1532787887,0.364339819,0.3615465751,0.2430308914,0.241091722,0.1093518834,0.1082877905
midpoint,0.7,50,cancel,428534,305062,0.7118735036,123472,86159,0.2010552255,342375,1920,303142,0.7073931123,0.004480391288,1247,673,673,0,84191,0.977703197,48,0.0005571095301,14796323,1950241.5,108171.5,44036.5,64135,0.1496614038,0.210235952,0.7443795773,2.456405482,0.007310701449,0.02258002406,0.006293802571,7.586918338,93125.13574,12274.43497,80850.70078,0.7932522462,0.3237685411,962,1.429420505,982.6639831,0.9789714659,664,0.9866270431,655.4806564,1.012997094,378,0.5616641902,294.9338823,1.281643184,305041,-42.11263896,-26.5,-299.5,-174.5,-127.5,-70.5,-26.5,0.5,0.5,0.3287951456,0.5118393921,0.341419678,0.1536219721,303121,-42.16780263,-26.5,-299.5,-174.5,-127.5,-70.5,-26.5,0.5,0.5,0.3286575328,0.511907786,0.3413917215,0.1533480029,0.364339819,0.3620949563,0.2430308914,0.2414814227,0.1093518834,0.1084698064
midpoint,0.7,100,cancel,428534,305062,0.7118735036,123472,86159,0.2010552255,342375,1426,303636,0.7085458797,0.003327623946,847,579,579,0,84685,0.9834399786,48,0.0005571095301,14796323,1950241.5,78064.5,37034,41030.5,0.09574619517,0.1344988888,0.4762183869,2.107914349,0.005275939164,0.0189894431,0.004674459618,7.586918338,69164.81436,9116.325137,60048.48922,0.6832894638,0.2778353813,646,1.115716753,729.8327291,0.885134325,453,0.7823834197,486.8309458,0.9305078156,251,0.4335060449,219.0498522,1.145857884,305041,-42.11263896,-26.5,-299.5,-174.5,-127.5,-70.5,-26.5,0.5,0.5,0.3287951456,0.5118393921,0.341419678,0.1536219721,303615,-42.17529108,-26.5,-299.5,-174.5,-127.5,-70.5,-26.5,0.5,0.5,0.3284323897,0.5121156728,0.3415312155,0.1535167894,0.364339819,0.362832354,0.2430308914,0.241973799,0.1093518834,0.1087661656
midpoint,0.8,0,cancel,428534,305062,0.7118735036,123472,81009,0.1890375093,347525,779,304283,0.7100556782,0.001817825423,569,210,210,0,80217,0.9903822411,13,0.0001604759965,14796323,1950241.5,50770.5,23663,27107.5,0.06325635772,0.08885898604,0.3346233135,2.145564806,0.00343129168,0.01213336912,0.002553579272,7.586918338,37783.58372,4980.096271,32803.48745,0.8263603082,0.2827979306,454,2.161904762,398.695439,1.138713804,319,1.519047619,265.9476205,1.199484317,166,0.7904761905,119.6632783,1.387225909,305041,-42.11263896,-26.5,-299.5,-174.5,-127.5,-70.5,-26.5,0.5,0.5,0.3287951456,0.5118393921,0.341419678,0.1536219721,304262,-42.13136705,-26.5,-299.5,-174.5,-127.5,-70.5,-26.5,0.5,0.5,0.328946763,0.511657716,0.3412453741,0.153469707,0.364339819,0.3632803932,0.2430308914,0.242286493,0.1093518834,0.1089645162
midpoint,0.8,25,cancel,428534,305062,0.7118735036,123472,81009,0.1890375093,347525,642,304420,0.7103753728,0.001498130837,453,189,189,0,80354,0.9920736827,13,0.0001604759965,14796323,1950241.5,41215,17579,23636,0.05515548358,0.07747933207,0.2917700502,2.344558849,0.002785489341,0.009013755476,0.002104490235,7.586918338,31138.71726,4104.264192,27034.45307,0.8742917764,0.3090265038,366,1.936507937,328.5782693,1.113889853,254,1.343915344,219.1763445,1.158884188,126,0.6666666667,98.61851689,1.277650526,305041,-42.11263896,-26.5,-299.5,-174.5,-127.5,-70.5,-26.5,0.5,0.5,0.3287951456,0.5118393921,0.341419678,0.1536219721,304399,-42.12380954,-26.5,-299.5,-174.5,-127.5,-70.5,-26.5,0.5,0.5,0.3288677032,0.5117165299,0.3413053262,0.1535320418,0.364339819,0.3634857444,0.2430308914,0.2424381729,0.1093518834,0.1090578577
midpoint,0.8,50,cancel,428534,305062,0.7118735036,123472,81009,0.1890375093,347525,490,304572,0.7107300704,0.001143433193,325,165,165,0,80506,0.9939503185,13,0.0001604759965,14796323,1950241.5,29425,15300,14125,0.03296121195,0.04630206319,0.1743633423,1.923202614,0.001988669753,0.007845182251,0.001606230865,7.586918338,23766.31068,3132.538091,20633.77259,0.6845573167,0.2534892994,250,1.515151515,250.7840373,0.9968736553,170,1.03030303,167.2841258,1.016235098,85,0.5151515152,75.26958454,1.129274202,305041,-42.11263896,-26.5,-299.5,-174.5,-127.5,-70.5,-26.5,0.5,0.5,0.3287951456,0.5118393921,0.341419678,0.1536219721,304551,-42.13401532,-26.5,-299.5,-174.5,-127.5,-70.5,-26.5,0.5,0.5,0.3287823714,0.5118420232,0.3414107982,0.1535900391,0.364339819,0.3637564347,0.2430308914,0.2426341901,0.1093518834,0.1091535327
midpoint,0.8,100,cancel,428534,305062,0.7118735036,123472,81009,0.1890375093,347525,359,304703,0.7110357638,0.0008377398293,215,144,144,0,80637,0.9955676824,13,0.0001604759965,14796323,1950241.5,21221,12675.5,8545.5,0.01994124154,0.02801233848,0.1054882791,1.674174589,0.001434207674,0.006499451478,0.00117680996,7.586918338,17412.46028,2295.063621,15117.39666,0.5652759,0.2206659561,162,1.125,183.7376927,0.8816917076,114,0.7916666667,122.5612269,0.9301473466,56,0.3888888889,55.14649153,1.015477113,305041,-42.11263896,-26.5,-299.5,-174.5,-127.5,-70.5,-26.5,0.5,0.5,0.3287951456,0.5118393921,0.341419678,0.1536219721,304682,-42.13421206,-26.5,-299.5,-174.5,-127.5,-70.5,-26.5,0.5,0.5,0.3287099336,0.5119107791,0.3414478046,0.1536191833,0.364339819,0.363961786,0.2430308914,0.2427648681,0.1093518834,0.1092212053
midpoint,0.9,0,cancel,428534,305062,0.7118735036,123472,71656,0.1672119365,356878,85,304977,0.711675153,0.000198350656,71,14,14,0,71571,0.9988137769,0,0,14796323,1950241.5,10768.5,7352.5,3416,0.007971362832,0.01119772374,0.04767221168,1.464603876,0.0007277821659,0.003770045915,0.0002786318847,7.586918338,4122.727364,543.3994647,3579.327899,0.9543691152,0.1930433163,61,4.357142857,43.50335342,1.402190756,53,3.785714286,29.01867489,1.826410069,35,2.5,13.05696875,2.680560908,305041,-42.11263896,-26.5,-299.5,-174.5,-127.5,-70.5,-26.5,0.5,0.5,0.3287951456,0.5118393921,0.341419678,0.1536219721,304956,-42.11317534,-26.5,-299.5,-174.5,-127.5,-70.5,-26.5,0.5,0.5,0.328840882,0.5117820276,0.3413410459,0.1535500203,0.364339819,0.3641974732,0.2430308914,0.2429072139,0.1093518834,0.1092702096
midpoint,0.9,25,cancel,428534,305062,0.7118735036,123472,71656,0.1672119365,356878,65,304997,0.7117218237,0.0001516799134,56,9,9,0,71591,0.9990928882,0,0,14796323,1950241.5,9155,7102,2053,0.004790751726,0.00672977952,0.02865077593,1.2890735,0.0006187348032,0.003641600284,0.0002130714412,7.586918338,3152.673866,415.5407671,2737.133099,0.750054866,0.169907391,47,5.222222222,33.26727026,1.412800017,40,4.444444444,22.19075139,1.802552753,29,3.222222222,9.984740807,2.904431929,305041,-42.11263896,-26.5,-299.5,-174.5,-127.5,-70.5,-26.5,0.5,0.5,0.3287951456,0.5118393921,0.341419678,0.1536219721,304976,-42.11488281,-26.5,-299.5,-174.5,-127.5,-70.5,-26.5,0.5,0.5,0.3288357117,0.5117943707,0.3413612874,0.1535596244,0.364339819,0.3642301428,0.2430308914,0.2429375499,0.1093518834,0.1092842108
midpoint,0.9,50,cancel,428534,305062,0.7118735036,123472,71656,0.1672119365,356878,46,305016,0.7117661609,0.0001073427079,37,9,9,0,71610,0.999358044,0,0,14796323,1950241.5,7067.5,7102,-34.5,-8.050703095e-05,-0.000113091765,-0.000481467009,0.9951422135,0.0004776524546,0.003641600284,0.0001507890199,7.586918338,2231.123044,294.0750044,1937.048039,-0.01781060629,0.1311655364,28,3.111111111,23.54299126,1.189313613,22,2.444444444,15.70422406,1.400896976,20,2.222222222,7.066124263,2.830405928,305041,-42.11263896,-26.5,-299.5,-174.5,-127.5,-70.5,-26.5,0.5,0.5,0.3287951456,0.5118393921,0.341419678,0.1536219721,304995,-42.11910359,-26.5,-299.5,-174.5,-127.5,-70.5,-26.5,0.5,0.5,0.3288152265,0.511824784,0.3413990393,0.1535795669,0.364339819,0.36427448,0.2430308914,0.2429795535,0.1093518834,0.1093052127
midpoint,0.9,100,cancel,428534,305062,0.7118735036,123472,71656,0.1672119365,356878,30,305032,0.7118034975,7.000611387e-05,21,9,9,0,71626,0.999581333,0,0,14796323,1950241.5,5691.5,7102,-1410.5,-0.00329145412,-0.004623650274,-0.01968432511,0.8013939735,0.0003846563771,0.003641600284,9.834066518e-05,7.586918338,1455.080246,191.7880464,1263.2922,-1.116527119,0.1056283906,18,2,15.35412474,1.172323419,13,1.444444444,10.24188526,1.269297563,13,1.444444444,4.608341911,2.820971241,305041,-42.11263896,-26.5,-299.5,-174.5,-127.5,-70.5,-26.5,0.5,0.5,0.3287951456,0.5118393921,0.341419678,0.1536219721,305011,-42.12140546,-26.5,-299.5,-174.5,-127.5,-70.5,-26.5,0.5,0.5,0.3287979778,0.5118307209,0.3414106376,0.1535944605,0.364339819,0.3642978153,0.2430308914,0.2430005554,0.1093518834,0.1093215474
optimistic,,,never,428534,414222,0.9666024166,14312,0,0,428534,0,414222,0.9666024166,0,0,0,0,0,0,,0,,6305727.5,3847558.5,0,0,0,0,0,,,0,0,0,1.638890611,0,0,0,,,0,,0,,0,,0,,0,,0,,414208,-5.934624633,0.5,-210.5,-96.5,-53.5,0.5,0.5,0.5,18.5,0.7908900842,0.1574619515,0.1047493047,0.04691604218,414208,-5.934624633,0.5,-210.5,-96.5,-53.5,0.5,0.5,0.5,18.5,0.7908900842,0.1574619515,0.1047493047,0.04691604218,0.1521979586,0.1521979586,0.1012475089,0.1012475089,0.04534762703,0.04534762703
optimistic,0.1,0,cancel,428534,414222,0.9666024166,14312,253139,0.5907092553,175395,87250,326972,0.7630013021,0.2036011145,31617,55627,55627,6,164956,0.6540526395,933,0.003685722074,6305727.5,3847558.5,2110078,869879,1240199,2.894050414,2.994044256,4.899280632,2.425714381,0.3346287958,0.2260859711,0.2106358426,1.638890611,1328212.225,810433.7267,517778.4986,2.395230786,1.480095355,23480,0.422097183,13738.09093,1.709116654,15119,0.2717924749,9139.067939,1.654326251,6349,0.1141352221,4093.28633,1.551076443,414208,-5.934624633,0.5,-210.5,-96.5,-53.5,0.5,0.5,0.5,18.5,0.7908900842,0.1574619515,0.1047493047,0.04691604218,326964,-3.725089001,0.5,-204.5,-85.5,-40.5,0.5,0.5,0.5,18.5,0.8317918792,0.1276654311,0.08645905971,0.04001663792,0.1521979586,0.09740650683,0.1012475089,0.0659667611,0.04534762703,0.03053199979
optimistic,0.1,25,cancel,428534,414222,0.9666024166,14312,253139,0.5907092553,175395,78681,335541,0.7829973818,0.1836050348,28093,50583,50583,5,173525,0.6880288336,933,0.003685722074,6305727.5,3847558.5,1864587,747336,1117251,2.607146691,2.697227574,4.413587002,2.494978162,0.295697364,0.1942364229,0.189948868,1.638890611,1197765.801,730839.3816,466926.4189,2.392777437,1.522357957,20827,0.4117391218,12388.84507,1.681109085,13361,0.2641401261,8241.501485,1.621185172,5565,0.1100171995,3691.276352,1.507608607,414208,-5.934624633,0.5,-210.5,-96.5,-53.5,0.5,0.5,0.5,18.5,0.7908900842,0.1574619515,0.1047493047,0.04691604218,335532,-3.996393787,0.5,-206.5,-88.5,-42.5,0.5,0.5,0.5,19.5,0.825584445,0.1323122683,0.08949071922,0.04133137823,0.1521979586,0.1035973808,0.1012475089,0.07006911937,0.04534762703,0.0323614929
optimistic,0.1,50,cancel,428534,414222,0.9666024166,14312,253139,0.5907092553,175395,71114,343108,0.8006552572,0.1659471594,25034,46075,46075,5,181092,0.7180320849,933,0.003685722074,6305727.5,3847558.5,1651511,657768,993743,2.318936187,2.399058959,3.925681148,2.510780397,0.2619064969,0.1709572447,0.1716808861,1.638890611,1082572.885,660552.2526,422020.6321,2.354726107,1.531999988,18517,0.4018882257,11197.37075,1.653691783,11821,0.2565599566,7448.890286,1.586947793,4910,0.1065653825,3336.274659,1.471701374,414208,-5.934624633,0.5,-210.5,-96.5,-53.5,0.5,0.5,0.5,18.5,0.7908900842,0.1574619515,0.1047493047,0.04691604218,343099,-4.268231618,0.5,-208.5,-89.5,-44.5,0.5,0.5,0.5,19.5,0.8205153615,0.1361268905,0.09200551444,0.0423288905,0.1521979586,0.1089878516,0.1012475089,0.07366276655,0.04534762703,0.03388995972
optimistic,0.1,100,cancel,428534,414222,0.9666024166,14312,253139,0.5907092553,175395,58866,355356,0.82923642,0.1373659966,20355,38507,38507,4,193340,0.7665955608,933,0.003685722074,6305727.5,3847558.5,1336621.5,519898.5,816723,1.905853445,1.971703579,3.226381553,2.570927787,0.2119694357,0.1351242613,0.1421122007,1.638890611,896120.8121,546785.0058,349335.8063,2.337930969,1.568700052,15056,0.3909938453,9268.841954,1.624366892,9546,0.2479029787,6165.964164,1.548176367,3932,0.1021113044,2761.666396,1.423778051,414208,-5.934624633,0.5,-210.5,-96.5,-53.5,0.5,0.5,0.5,18.5,0.7908900842,0.1574619515,0.1047493047,0.04691604218,355346,-4.619289369,0.5,-208.5,-91.5,-46.5,0.5,0.5,0.5,20.5,0.8135338515,0.1411750801,0.09523675516,0.04362227238,0.1521979586,0.1170642236,0.1012475089,0.07897156352,0.04534762703,0.03617215904
optimistic,0.2,0,cancel,428534,414222,0.9666024166,14312,189233,0.4415822315,239301,42741,371481,0.8668647062,0.09973771043,19408,23330,23330,3,146146,0.7737218549,346,0.00182843373,6305727.5,3847558.5,1335923,483606.5,852316.5,1.988912198,2.057632139,4.504058489,2.762417379,0.2118586634,0.1256917861,0.1031838,1.638890611,650648.9252,397005.7067,253643.2184,3.360296819,1.685541036,14438,0.6188598371,6729.853803,2.145366069,9448,0.4049721389,4476.938714,2.110370636,4040,0.1731675954,2005.170785,2.014790974,414208,-5.934624633,0.5,-210.5,-96.5,-53.5,0.5,0.5,0.5,18.5,0.7908900842,0.1574619515,0.1047493047,0.04691604218,371470,-4.322966861,0.5,-203.5,-88.5,-44.5,0.5,0.5,0.5,18.5,0.8190782567,0.1367109053,0.09136673217,0.04143807037,0.1521979586,0.1185063496,0.1012475089,0.07920025016,0.04534762703,0.03592013703
optimistic,0.2,25,cancel,428534,414222,0.9666024166,14312,189233,0.4415822315,239301,37621,376601,0.8788124163,0.08779000033,16719,20900,20900,2,151266,0.8008280083,346,0.00182843373,6305727.5,3847558.5,1145693,409964,735729,1.716850938,1.776170749,3.887952947,2.794618552,0.1816908517,0.1065517262,0.09082327834,1.638890611,572706.8439,349447.8766,223258.9673,3.295406267,1.705189189,12415,0.5940191388,5923.67586,2.095827033,8086,0.3868899522,3940.640401,2.051950744,3434,0.1643062201,1764.968768,1.945643494,414208,-5.934624633,0.5,-210.5,-96.5,-53.5,0.5,0.5,0.5,18.5,0.7908900842,0.1574619515,0.1047493047,0.04691604218,376589,-4.573792649,0.5,-205.5,-90.5,-46.5,0.5,0.5,0.5,18.5,0.8143971279,0.1402244888,0.09374145288,0.04248398121,0.1521979586,0.1232270952,0.1012475089,0.08237852772,0.04534762703,0.03733426053
optimistic,0.2,50,cancel,428534,414222,0.9666024166,14312,189233,0.4415822315,239301,33128,381094,0.8892969986,0.07730541801,14443,18683,18683,2,155759,0.8246147167,346,0.00182843373,6305727.5,3847558.5,987052,357554.5,629497.5,1.468955789,1.519710445,3.326573589,2.760563774,0.1565326126,0.09293023095,0.07997643776,1.638890611,504309.6229,307714.0229,196595.6,3.201991804,1.684410025,10701,0.5727666863,5216.223223,2.051484291,6940,0.3714606862,3470.017681,1.999989809,2938,0.1572552588,1554.182115,1.890383355,414208,-5.934624633,0.5,-210.5,-96.5,-53.5,0.5,0.5,0.5,18.5,0.7908900842,0.1574619515,0.1047493047,0.04691604218,381082,-4.798629954,0.5,-206.5,-91.5,-47.5,0.5,0.5,0.5,18.5,0.8106129389,0.1430689458,0.09564345731,0.0432846474,0.1521979586,0.1272267778,0.1012475089,0.08505276127,0.04534762703,0.03849169494
optimistic,0.2,100,cancel,428534,414222,0.9666024166,14312,189233,0.4415822315,239301,26337,387885,0.9051440492,0.06145836736,11164,15172,15172,1,162550,0.8605674292,346,0.00182843373,6305727.5,3847558.5,759817.5,282920,476897.5,1.112858023,1.15130896,2.520160331,2.685626679,0.1204964058,0.07353234525,0.06358184742,1.638890611,400929.8037,244634.8775,156294.9263,3.051266675,1.638685743,8262,0.5445557606,4146.935252,1.992314685,5305,0.3496572634,2758.689196,1.923014745,2216,0.1460585289,1235.586041,1.793480929,414208,-5.934624633,0.5,-210.5,-96.5,-53.5,0.5,0.5,0.5,18.5,0.7908900842,0.1574619515,0.1047493047,0.04691604218,387872,-5.108054977,0.5,-208.5,-92.5,-48.5,0.5,0.5,0.5,18.5,0.8054744864,0.1468525699,0.0981844526,0.04438835492,0.1521979586,0.1329182749,0.1012475089,0.08886809448,0.04534762703,0.04017650875
optimistic,0.3,0,cancel,428534,414222,0.9666024166,14312,148335,0.34614523,280199,22125,392097,0.9149729076,0.05162950898,11482,10641,10641,2,126058,0.8506913749,152,0.001024707588,6305727.5,3847558.5,808688,303994.5,504693.5,1.177721021,1.218413073,3.402389861,2.660206023,0.1282465822,0.07900971486,0.05341338702,1.638890611,336810.2634,205511.1313,131299.1322,3.843844903,1.623174851,8529,0.8015224133,3483.727929,2.448239408,5594,0.5257024716,2317.500036,2.413807945,2462,0.2313692322,1037.98235,2.37190931,414208,-5.934624633,0.5,-210.5,-96.5,-53.5,0.5,0.5,0.5,18.5,0.7908900842,0.1574619515,0.1047493047,0.04691604218,392085,-4.982275527,0.5,-205.5,-91.5,-47.5,0.5,0.5,0.5,17.5,0.8083757349,0.1445936468,0.0963923639,0.04328398179,0.1521979586,0.1322952204,0.1012475089,0.08819370225,0.04534762703,0.03960245861
optimistic,0.3,25,cancel,428534,414222,0.9666024166,14312,148335,0.34614523,280199,19023,395199,0.9222115398,0.0443908768,9649,9373,9373,1,129160,0.8716249502,152,0.001024707588,6305727.5,3847558.5,674955.5,253544,421411.5,0.9833793818,1.017356635,2.840944484,2.662084293,0.1070384821,0.06589737362,0.0459246491,1.638890611,289588.3228,176697.774,112890.5488,3.732920999,1.624320913,7135,0.7612290622,2995.297464,2.382067253,4639,0.4949322522,1992.578675,2.328138938,2015,0.2149791956,892.453706,2.257820194,414208,-5.934624633,0.5,-210.5,-96.5,-53.5,0.5,0.5,0.5,18.5,0.7908900842,0.1574619515,0.1047493047,0.04691604218,395186,-5.153921192,0.5,-206.5,-92.5,-48.5,0.5,0.5,0.5,18.5,0.8052410764,0.1469864823,0.09805256259,0.04407544802,0.1521979586,0.1355481712,0.1012475089,0.09042223021,0.04534762703,0.04064554971
optimistic,0.3,50,cancel,428534,414222,0.9666024166,14312,148335,0.34614523,280199,16414,397808,0.9282997382,0.03830267843,8134,8279,8279,1,131769,0.8892315583,152,0.001024707588,6305727.5,3847558.5,573492.5,219928.5,353564,0.8250547214,0.8535616167,2.383550747,2.607631571,0.09094787239,0.0571605344,0.03962609422,1.638890611,249871.352,152463.7156,97407.6364,3.629735954,1.591095558,6031,0.7284696219,2584.493117,2.333533009,3905,0.4716753231,1719.296976,2.271277187,1697,0.2049764464,770.053889,2.203741874,414208,-5.934624633,0.5,-210.5,-96.5,-53.5,0.5,0.5,0.5,18.5,0.7908900842,0.1574619515,0.1047493047,0.04691604218,397795,-5.290677359,0.5,-207.5,-93.5,-49.5,0.5,0.5,0.5,18.5,0.8027099385,0.1487977476,0.09925464121,0.04458577911,0.1521979586,0.1381243962,0.1012475089,0.09213504646,0.04534762703,0.04138761452
optimistic,0.3,100,cancel,428534,414222,0.9666024166,14312,148335,0.34614523,280199,12608,401614,0.9371811805,0.02942123612,6050,6558,6558,0,135575,0.914916016,152,0.001024707588,6305727.5,3847558.5,428997.5,171802.5,257195,0.6001740819,0.6209110091,1.733879395,2.497038751,0.06803299064,0.04465234252,0.03043778457,1.638890611,191932.3752,117111.1567,74821.21846,3.437460727,1.523615264,4506,0.6870997255,1985.213185,2.269781419,2886,0.440073193,1320.634597,2.185313036,1239,0.1889295517,591.4974675,2.094683524,414208,-5.934624633,0.5,-210.5,-96.5,-53.5,0.5,0.5,0.5,18.5,0.7908900842,0.1574619515,0.1047493047,0.04691604218,401600,-5.480512948,0.5,-208.5,-94.5,-50.5,0.5,0.5,0.5,18.5,0.7993899402,0.151185259,0.1008515936,0.04530378486,0.1521979586,0.1416830403,0.1012475089,0.0945129208,0.04534762703,0.04245637452
optimistic,0.4,0,cancel,428534,414222,0.9666024166,14312,122630,0.2861616581,305904,11329,402893,0.9401657745,0.02643664213,6427,4901,4901,1,111223,0.9075576082,78,0.0006360596918,6305727.5,3847558.5,478513,190499.5,288013.5,0.6720901959,0.6953119342,2.34863818,2.511885858,0.07588545493,0.0495117878,0.02735006832,1.638890611,172462.0779,105230.9878,67231.09009,4.283933216,1.532674506,4814,0.9822485207,1783.826156,2.698693471,3183,0.649459294,1186.664764,2.682307671,1447,0.2952458682,531.4938777,2.722514898,414208,-5.934624633,0.5,-210.5,-96.5,-53.5,0.5,0.5,0.5,18.5,0.7908900842,0.1574619515,0.1047493047,0.04691604218,402880,-5.386605193,0.5,-206.5,-93.5,-49.5,0.5,0.5,0.5,17.5,0.8009630659,0.1499404289,0.09979398332,0.04464356632,0.1521979586,0.1409643109,0.1012475089,0.09381986027,0.04534762703,0.0419709988
optimistic,0.4,25,cancel,428534,414222,0.9666024166,14312,122630,0.2861616581,305904,9502,404720,0.9444291468,0.0221732698,5264,4237,4237,1,113050,0.9224655656,78,0.0006360596918,6305727.5,3847558.5,391436,159728,231708,0.5406992211,0.5593812014,1.889488706,2.45064109,0.06207626321,0.04151411863,0.02293938999,1.638890611,144649.5423,88260.64494,56388.89735,4.109106773,1.495304857,3915,0.9240028322,1496.152894,2.616711177,2574,0.6075053104,995.2942528,2.586169861,1152,0.2718904886,445.7811657,2.584227618,414208,-5.934624633,0.5,-210.5,-96.5,-53.5,0.5,0.5,0.5,18.5,0.7908900842,0.1574619515,0.1047493047,0.04691604218,404707,-5.501414604,0.5,-207.5,-93.5,-50.5,0.5,0.5,0.5,18.5,0.7989879098,0.1514849014,0.100848268,0.04517095084,0.1521979586,0.1430621608,0.1012475089,0.09524098438,0.04534762703,0.04265939225
optimistic,0.4,50,cancel,428534,414222,0.9666024166,14312,122630,0.2861616581,305904,8059,406163,0.9477964409,0.01880597572,4362,3696,3696,1,114493,0.9342401593,78,0.0006360596918,6305727.5,3847558.5,327984,138029,189955,0.4432670453,0.4585825958,1.549009215,2.376196307,0.05201366535,0.0358744383,0.01945575078,1.638890611,122682.6627,74857.13929,47825.52344,3.971833162,1.449880969,3244,0.8777056277,1268.942977,2.556458452,2118,0.5730519481,844.1461149,2.509044302,944,0.2554112554,378.0836049,2.496802262,414208,-5.934624633,0.5,-210.5,-96.5,-53.5,0.5,0.5,0.5,18.5,0.7908900842,0.1574619515,0.1047493047,0.04691604218,406150,-5.584670688,0.5,-208.5,-94.5,-50.5,0.5,0.5,0.5,18.5,0.7974812261,0.1525987935,0.1016127047,0.04552259018,0.1521979586,0.1446279642,0.1012475089,0.09630507731,0.04534762703,0.04314476798
optimistic,0.4,100,cancel,428534,414222,0.9666024166,14312,122630,0.2861616581,305904,5995,408227,0.9526128615,0.01398955509,3120,2875,2875,0,116557,0.9510819897,78,0.0006360596918,6305727.5,3847558.5,240437.5,110205.5,130232,0.3039012074,0.3144014562,1.061991356,2.181719606,0.03813001751,0.0286429693,0.01447291549,1.638890611,91262.26121,55685.38901,35576.8722,3.66058037,1.331217344,2327,0.8093913043,943.9524941,2.46516643,1518,0.528,627.9508573,2.417386619,668,0.2323478261,281.2521667,2.375092814,414208,-5.934624633,0.5,-210.5,-96.5,-53.5,0.5,0.5,0.5,18.5,0.7908900842,0.1574619515,0.1047493047,0.04691604218,408213,-5.70275077,0.5,-208.5,-94.5,-51.5,0.5,0.5,0.5,18.5,0.7954621729,0.1540739761,0.102569002,0.04596864872,0.1521979586,0.1467678177,0.1012475089,0.09770519959,0.04534762703,0.04378882422
optimistic,0.5,0,cancel,428534,414222,0.9666024166,14312,106019,0.2473992729,322515,5345,408877,0.9541296607,0.01247275595,3303,2041,2041,1,100631,0.9495640522,43,0.0004055876777,6305727.5,3847558.5,254941.5,113612.5,141329,0.3297964689,0.3411914384,1.333053509,2.243956431,0.04043014862,0.02952846591,0.01290370864,1.638890611,81367.27042,49647.77386,31719.49656,4.45558774,1.369192316,2442,1.196472317,841.6056849,2.90159637,1658,0.8123468888,559.8661104,2.961422328,780,0.3821656051,250.75777,3.110571609,414208,-5.934624633,0.5,-210.5,-96.5,-53.5,0.5,0.5,0.5,18.5,0.7908900842,0.1574619515,0.1047493047,0.04691604218,408864,-5.666529702,0.5,-208.5,-94.5,-51.5,0.5,0.5,0.5,18.5,0.796235423,0.1535473898,0.1020632778,0.04562152696,0.1521979586,0.146499461,0.1012475089,0.09737850439,0.04534762703,0.04352746807
optimistic,0.5,25,cancel,428534,414222,0.9666024166,14312,106019,0.2473992729,322515,4374,409848,0.9563955252,0.0102068914,2641,1732,1732,1,101602,0.9587265041,43,0.0004055876777,6305727.5,3847558.5,203938.5,93593.5,110345,0.2574941545,0.2663909691,1.040804007,2.178981446,0.03234178768,0.02432542611,0.01055955502,1.638890611,66585.67649,40628.50568,25957.17081,4.251041102,1.329546604,1929,1.113741339,688.7152976,2.800867073,1304,0.752886836,458.1579733,2.846179868,596,0.3441108545,205.2038327,2.904429182,414208,-5.934624633,0.5,-210.5,-96.5,-53.5,0.5,0.5,0.5,18.5,0.7908900842,0.1574619515,0.1047493047,0.04691604218,409835,-5.728705455,0.5,-208.5,-94.5,-51.5,0.5,0.5,0.5,18.5,0.7951029073,0.1544353215,0.102685227,0.0459623995,0.1521979586,0.1476965655,0.1012475089,0.09820457653,0.04534762703,0.0439568389
optimistic,0.5,50,cancel,428534,414222,0.9666024166,14312,106019,0.2473992729,322515,3664,410558,0.9580523366,0.00855008004,2157,1506,1506,1,102312,0.9654261342,43,0.0004055876777,6305727.5,3847558.5,169183,82558.5,86624.5,0.202141487,0.2091257828,0.817065809,2.049249926,0.02683005252,0.02145737355,0.008845498308,1.638890611,55777.30193,34033.5722,21743.72973,3.983884139,1.250388472,1575,1.045816733,576.9210906,2.730009399,1057,0.7018592297,383.7884806,2.754121224,485,0.3220451527,171.8945686,2.821496944,414208,-5.934624633,0.5,-210.5,-96.5,-53.5,0.5,0.5,0.5,18.5,0.7908900842,0.1574619515,0.1047493047,0.04691604218,410545,-5.776576258,0.5,-209.5,-95.5,-51.5,0.5,0.5,0.5,18.5,0.7942783373,0.1550305082,0.1031092816,0.04615328405,0.1521979586,0.1485226376,0.1012475089,0.0987809602,0.04534762703,0.04421586152
optimistic,0.5,100,cancel,428534,414222,0.9666024166,14312,106019,0.2473992729,322515,2677,411545,0.9603555377,0.006246878894,1497,1180,1180,0,103299,0.9747395637,43,0.0004055876777,6305727.5,3847558.5,124905.5,69758,55147.5,0.1286887388,0.1331351304,0.5201661966,1.790554488,0.01980826162,0.01813045858,0.006462718059,1.638890611,40752.13899,24865.6858,15886.45319,3.471353822,1.092540574,1098,0.9305084746,421.5113973,2.60491177,742,0.6288135593,280.4044112,2.646178057,343,0.2906779661,125.59,2.731109164,414208,-5.934624633,0.5,-210.5,-96.5,-53.5,0.5,0.5,0.5,18.5,0.7908900842,0.1574619515,0.1047493047,0.04691604218,411531,-5.839223534,0.5,-209.5,-95.5,-52.5,0.5,0.5,0.5,18.5,0.7931674649,0.1558181522,0.1036276732,0.04638775694,0.1521979586,0.1496357349,0.1012475089,0.0995160244,0.04534762703,0.04454722379
optimistic,0.6,0,cancel,428534,414222,0.9666024166,14312,94052,0.219473834,334482,2039,412183,0.9618443344,0.004758082206,1359,680,680,0,91997,0.9783168148,16,0.0001701186578,6305727.5,3847558.5,114031.5,58507,55524.5,0.1295684823,0.1340452704,0.5903595883,1.949023194,0.01808379763,0.01520626652,0.004922481182,1.638890611,31039.82495,18939.53431,12100.29064,4.588691432,1.189233242,1028,1.511764706,321.0540676,3.201952891,703,1.033823529,213.5766135,3.291558886,336,0.4941176471,95.6585768,3.512492149,414208,-5.934624633,0.5,-210.5,-96.5,-53.5,0.5,0.5,0.5,18.5,0.7908900842,0.1574619515,0.1047493047,0.04691604218,412169,-5.829270275,0.5,-209.5,-95.5,-52.5,0.5,0.5,0.5,18.5,0.7931528087,0.1557467932,0.1035618884,0.04633293625,0.1521979586,0.1497990825,0.1012475089,0.09960703235,0.04534762703,0.04456355855
optimistic,0.6,25,cancel,428534,414222,0.9666024166,14312,94052,0.219473834,334482,1644,412578,0.9627660816,0.00383633504,1058,586,586,0,92392,0.9825173338,16,0.0001701186578,6305727.5,3847558.5,89766.5,47487.5,42279,0.09865961627,0.102068456,0.4495279207,1.890318505,0.01423570873,0.01234224249,0.003968886249,1.638890611,25026.71517,15270.52202,9756.193143,4.333555044,1.153413469,786,1.341296928,258.858699,3.036405588,540,0.9215017065,172.2020366,3.135851414,254,0.433447099,77.12736648,3.293253894,414208,-5.934624633,0.5,-210.5,-96.5,-53.5,0.5,0.5,0.5,18.5,0.7908900842,0.1574619515,0.1047493047,0.04691604218,412564,-5.855794495,0.5,-209.5,-95.5,-52.5,0.5,0.5,0.5,18.5,0.792621266,0.1561842526,0.1038578257,0.04648733287,0.1521979586,0.1503637984,0.1012475089,0.0999873989,0.04534762703,0.0447549086
optimistic,0.6,50,cancel,428534,414222,0.9666024166,14312,94052,0.219473834,334482,1354,412868,0.9634428073,0.003159609273,843,511,511,0,92682,0.9856012591,16,0.0001701186578,6305727.5,3847558.5,75304,42517.5,32786.5,0.07650851508,0.07915200062,0.3485997108,1.771129535,0.01194215893,0.01105051424,0.003268778578,1.638890611,20612.02697,12576.8168,8035.210167,4.080353758,1.080688072,636,1.244618395,213.1962764,2.983166549,430,0.8414872798,141.8257649,3.031889165,213,0.4168297456,63.5221741,3.353159791,414208,-5.934624633,0.5,-210.5,-96.5,-53.5,0.5,0.5,0.5,18.5,0.7908900842,0.1574619515,0.1047493047,0.04691604218,412854,-5.874673613,0.5,-209.5,-95.5,-52.5,0.5,0.5,0.5,18.5,0.7922461693,0.1564378691,0.1040513111,0.04655398761,0.1521979586,0.150713829,0.1012475089,0.100244088,0.04534762703,0.04485058362
optimistic,0.6,100,cancel,428534,414222,0.9666024166,14312,94052,0.219473834,334482,984,413238,0.9643062161,0.002296200535,584,400,400,0,93052,0.9895359224,16,0.0001701186578,6305727.5,3847558.5,56827.5,37344.5,19483,0.04546430388,0.04703516472,0.2071513631,1.521710024,0.009012045002,0.009706025263,0.002375537755,1.638890611,14979.49375,9140.020482,5839.473268,3.336431063,0.9285000562,441,1.1025,154.9373235,2.846312239,307,0.7675,103.0698321,2.978563113,146,0.365,46.1638252,3.162649529,414208,-5.934624633,0.5,-210.5,-96.5,-53.5,0.5,0.5,0.5,18.5,0.7908900842,0.1574619515,0.1047493047,0.04691604218,413224,-5.901607845,0.5,-210.27,-95.5,-52.5,0.5,0.5,0.5,18.5,0.791805413,0.1567696939,0.1042558031,0.04667444292,0.1521979586,0.1511688687,0.1012475089,0.1005311131,0.04534762703,0.04500693061
optimistic,0.7,0,cancel,428534,414222,0.9666024166,14312,86159,0.2010552255,342375,620,413602,0.9651556236,0.00144679302,426,194,194,0,85534,0.9928035843,5,5.803224271e-05,6305727.5,3847558.5,42497,33124,9373,0.02187224351,0.02262796278,0.1087872422,1.282967033,0.006739428559,0.008609095872,0.001496781919,1.638890611,9438.298907,5758.955995,3679.342913,2.547465736,0.7828265197,324,1.670103093,97.62311031,3.318886265,239,1.231958763,64.9423739,3.680185766,122,0.6288659794,29.08696303,4.194318942,414208,-5.934624633,0.5,-210.5,-96.5,-53.5,0.5,0.5,0.5,18.5,0.7908900842,0.1574619515,0.1047493047,0.04691604218,413588,-5.920858439,0.5,-209.5,-96.5,-52.5,0.5,0.5,0.5,18.5,0.791606623,0.1569146107,0.1043284621,0.04669139337,0.1521979586,0.1514418926,0.1012475089,0.1006897936,0.04534762703,0.0450629355
optimistic,0.7,25,cancel,428534,414222,0.9666024166,14312,86159,0.2010552255,342375,495,413727,0.9654473157,0.001155100879,329,166,166,0,85659,0.9942544745,5,5.803224271e-05,6305727.5,3847558.5,34386.5,26617.5,7769,0.01812924995,0.01875564311,0.09017049873,1.291875646,0.005453216937,0.006918023469,0.001195011371,1.638890611,7535.416063,4597.876157,2937.539906,2.644730029,0.7882622777,243,1.463855422,77.94103162,3.117741643,183,1.102409639,51.84915335,3.529469397,94,0.5662650602,23.22265597,4.047771286,414208,-5.934624633,0.5,-210.5,-96.5,-53.5,0.5,0.5,0.5,18.5,0.7908900842,0.1574619515,0.1047493047,0.04691604218,413713,-5.922946584,0.5,-210.5,-96.5,-52.5,0.5,0.5,0.5,18.5,0.7914351253,0.1570629881,0.1044322997,0.04674496571,0.1521979586,0.1516309091,0.1012475089,0.1008204717,0.04534762703,0.04512827454
optimistic,0.7,50,cancel,428534,414222,0.9666024166,14312,86159,0.2010552255,342375,404,413818,0.9656596676,0.0009427490001,253,151,151,0,85750,0.9953107227,5,5.803224271e-05,6305727.5,3847558.5,28848.5,24719,4129.5,0.009636341574,0.009969291829,0.04792882926,1.167057729,0.004574967757,0.006424593674,0.0009753224117,1.638890611,6150.117353,3752.610035,2397.507317,1.72241393,0.7121022728,191,1.264900662,63.61247833,3.002555552,144,0.9536423841,42.3172888,3.402864505,79,0.5231788079,18.95344043,4.168108704,414208,-5.934624633,0.5,-210.5,-96.5,-53.5,0.5,0.5,0.5,18.5,0.7908900842,0.1574619515,0.1047493047,0.04691604218,413804,-5.93043929,0.5,-210.5,-96.5,-52.5,0.5,0.5,0.5,18.5,0.7912973292,0.1571541116,0.1045035814,0.04677093503,0.1521979586,0.151752253,0.1012475089,0.1009114796,0.04534762703,0.04516327759
optimistic,0.7,100,cancel,428534,414222,0.9666024166,14312,86159,0.2010552255,342375,304,413918,0.9658930213,0.0007093952872,178,126,126,0,85850,0.9964714349,5,5.803224271e-05,6305727.5,3847558.5,23089,21812,1277,0.002979926914,0.00308288792,0.01482143479,1.058545755,0.003661591783,0.005669049606,0.0007339059731,1.638890611,4627.811077,2823.746165,1804.064912,0.707845927,0.6458916463,130,1.031746032,47.86681538,2.715869,104,0.8253968254,31.84271236,3.266053432,57,0.4523809524,14.26199478,3.996635877,414208,-5.934624633,0.5,-210.5,-96.5,-53.5,0.5,0.5,0.5,18.5,0.7908900842,0.1574619515,0.1047493047,0.04691604218,413904,-5.935898179,0.5,-210.5,-96.5,-52.85,0.5,0.5,0.5,18.5,0.7911665507,0.15726352,0.1045749739,0.04681278751,0.1521979586,0.1518945988,0.1012475089,0.1010048211,0.04534762703,0.04521461541
optimistic,0.8,0,cancel,428534,414222,0.9666024166,14312,81009,0.1890375093,347525,181,414041,0.9661800464,0.0004223702203,134,47,47,0,80825,0.9977655976,3,3.703292227e-05,6305727.5,3847558.5,17100.5,14572.5,2528,0.005899181862,0.006103007566,0.03120640916,1.17347744,0.002711899618,0.003787466779,0.0004369637537,1.638890611,2755.374358,1681.243605,1074.130754,2.353530975,0.7160193808,105,2.234042553,28.49964995,3.684255779,81,1.723404255,18.95898335,4.272380988,48,1.021276596,8.491516626,5.652700467,414208,-5.934624633,0.5,-210.5,-96.5,-53.5,0.5,0.5,0.5,18.5,0.7908900842,0.1574619515,0.1047493047,0.04691604218,414027,-5.931113188,0.5,-210.5,-96.5,-53.5,0.5,0.5,0.5,18.5,0.7911223181,0.1572771824,0.1045994585,0.04682061798,0.1521979586,0.1519529372,0.1012475089,0.1010584924,0.04534762703,0.04523561724
optimistic,0.8,25,cancel,428534,414222,0.9666024166,14312,81009,0.1890375093,347525,142,414080,0.9662710543,0.0003313622723,101,41,41,0,80864,0.9982470434,3,3.703292227e-05,6305727.5,3847558.5,13250,9706,3544,0.008270055585,0.008555798581,0.04374822551,1.365134968,0.002101264287,0.002522638707,0.0003428113427,1.638890611,2161.674911,1318.986696,842.6882155,4.205588656,0.8329628342,75,1.829268293,22.35884139,3.354377746,59,1.43902439,14.87389854,3.966680279,32,0.7804878049,6.661852823,4.803468472,414208,-5.934624633,0.5,-210.5,-96.5,-53.5,0.5,0.5,0.5,18.5,0.7908900842,0.1574619515,0.1047493047,0.04691604218,414066,-5.928100834,0.5,-210.5,-96.5,-53.5,0.5,0.5,0.5,18.5,0.7910622944,0.157334821,0.1046427381,0.04685484923,0.1521979586,0.1520229433,0.1012475089,0.1011098303,0.04534762703,0.04527295384
optimistic,0.8,50,cancel,428534,414222,0.9666024166,14312,81009,0.1890375093,347525,119,414103,0.9663247257,0.0002776909183,80,39,39,0,80887,0.998530973,3,3.703292227e-05,6305727.5,3847558.5,10916.5,9325,1591.5,0.003713824341,0.003842142619,0.01964596526,1.170670241,0.001731203894,0.002423614872,0.0002872855618,1.638890611,1811.544468,1105.348005,706.1964623,2.253622165,0.7143065154,59,1.512820513,18.73733891,3.148792914,45,1.153846154,12.46474596,3.61018188,25,0.641025641,5.582820323,4.478023392,414208,-5.934624633,0.5,-210.5,-96.5,-53.5,0.5,0.5,0.5,18.5,0.7908900842,0.1574619515,0.1047493047,0.04691604218,414089,-5.932486736,0.5,-210.5,-96.5,-53.5,0.5,0.5,0.5,18.5,0.7910231858,0.1573647211,0.104670735,0.04686915132,0.1521979586,0.1520602799,0.1012475089,0.1011424998,0.04534762703,0.0452892886
optimistic,0.8,100,cancel,428534,414222,0.9666024166,14312,81009,0.1890375093,347525,92,414130,0.9663877312,0.0002146854159,58,34,34,0,80914,0.9988642817,3,3.703292227e-05,6305727.5,3847558.5,9056.5,8648.5,408,0.0009520831486,0.0009849790692,0.005036477428,1.047175811,0.001436233963,0.002247789085,0.0002221031234,1.638890611,1400.521773,854.5547605,545.9670129,0.747297896,0.6389540607,41,1.205882353,14.48600992,2.830316991,33,0.9705882353,9.63661032,3.424440639,17,0.5,4.316129998,3.938713618,414208,-5.934624633,0.5,-210.5,-96.5,-53.5,0.5,0.5,0.5,18.5,0.7908900842,0.1574619515,0.1047493047,0.04691604218,414116,-5.934957838,0.5,-210.5,-96.5,-53.5,0.5,0.5,0.5,18.5,0.7909836857,0.1573979272,0.104692888,0.04688541375,0.1521979586,0.1521022836,0.1012475089,0.1011705022,0.04534762703,0.04530795689
optimistic,0.9,0,cancel,428534,414222,0.9666024166,14312,71656,0.1672119365,356878,28,414194,0.9665370776,6.533903961e-05,20,8,8,0,71628,0.9996092442,0,0,6305727.5,3847558.5,5949,7161.5,-1212.5,-0.002829413769,-0.002927174317,-0.01692112314,0.8306918942,0.0009434280184,0.001861310231,6.759660279e-05,1.638890611,426.2457571,260.0818836,166.1638735,-7.297013332,0.5068623181,18,2.25,4.408785627,4.082756914,18,2.25,2.932881402,6.137309197,15,1.875,1.313604782,11.41895965,414208,-5.934624633,0.5,-210.5,-96.5,-53.5,0.5,0.5,0.5,18.5,0.7908900842,0.1574619515,0.1047493047,0.04691604218,414180,-5.937953305,0.5,-210.5,-96.5,-53.5,0.5,0.5,0.5,18.5,0.7909242358,0.1574291371,0.1047129267,0.04688299773,0.1521979586,0.152155955,0.1012475089,0.1012055053,0.04534762703,0.04531262397
optimistic,0.9,25,cancel,428534,414222,0.9666024166,14312,71656,0.1672119365,356878,21,414201,0.9665534123,4.900427971e-05,14,7,7,0,71635,0.9997069331,0,0,6305727.5,3847558.5,5187,7057,-1870,-0.004363714431,-0.0045144874,-0.02609690745,0.7350148788,0.0008225854987,0.00183415015,5.069745209e-05,1.638890611,319.6843178,195.0614127,124.6229051,-15.00526728,0.4484831837,13,1.857142857,3.30658922,3.931543695,13,1.857142857,2.199661051,5.910001449,11,1.571428571,0.9852035865,11.16520499,414208,-5.934624633,0.5,-210.5,-96.5,-53.5,0.5,0.5,0.5,18.5,0.7908900842,0.1574619515,0.1047493047,0.04691604218,414187,-5.939440398,0.5,-210.5,-96.5,-53.5,0.5,0.5,0.5,18.5,0.7909132831,0.1574385483,0.1047232289,0.04689186285,0.1521979586,0.1521676226,0.1012475089,0.101217173,0.04534762703,0.04532195812
optimistic,0.9,50,cancel,428534,414222,0.9666024166,14312,71656,0.1672119365,356878,16,414206,0.96656508,3.733659406e-05,10,6,6,0,71640,0.999776711,0,0,6305727.5,3847558.5,4730,6910.5,-2180.5,-0.00508827771,-0.005264085442,-0.03043011053,0.6844656682,0.000750111704,0.001796074056,3.862663016e-05,1.638890611,243.5690041,148.6182192,94.95078484,-22.96452845,0.4176396299,9,1.5,2.519306073,3.5724123,9,1.5,1.67593223,5.370145547,9,1.5,0.750631304,11.98990763,414208,-5.934624633,0.5,-210.5,-96.5,-53.5,0.5,0.5,0.5,18.5,0.7908900842,0.1574619515,0.1047493047,0.04691604218,414192,-5.940118351,0.5,-210.5,-96.5,-53.5,0.5,0.5,0.5,18.5,0.7909061498,0.1574463051,0.104731622,0.04689612547,0.1521979586,0.1521769568,0.1012475089,0.1012265071,0.04534762703,0.04532662519
optimistic,0.9,100,cancel,428534,414222,0.9666024166,14312,71656,0.1672119365,356878,13,414209,0.9665720806,3.033598268e-05,7,6,6,0,71643,0.9998185776,0,0,6305727.5,3847558.5,4503.5,6910.5,-2407,-0.005616823869,-0.005810893675,-0.03359104611,0.6516894581,0.0007141919786,0.001796074056,3.138413701e-05,1.638890611,197.8998158,120.7523031,77.14751269,-31.19996894,0.3976406075,7,1.166666667,2.046936184,3.419745107,7,1.166666667,1.361694937,5.140652148,7,1.166666667,0.6098879345,11.47751842,414208,-5.934624633,0.5,-210.5,-96.5,-53.5,0.5,0.5,0.5,18.5,0.7908900842,0.1574619515,0.1047493047,0.04691604218,414195,-5.940622171,0.5,-210.5,-96.5,-53.5,0.5,0.5,0.5,18.5,0.7909004213,0.1574499934,0.1047356921,0.04690061444,0.1521979586,0.1521816239,0.1012475089,0.1012311742,0.04534762703,0.04533129227
