entry_ts,exit_ts,side,entry_price,exit_price,qty,gross_pnl,entry_fee,exit_fee,total_fee,net_pnl,hold_sec,exit_reason
1774569600.065,1774569602.043,BUY,68790.05,68796.34999999999,0.001,0.006299999999988358,0.027516020000000006,0.027518539999999998,0.05503456,-0.04873456000001164,1.9779999256134033,imbalance_reversal
1774569639.953,1774569728.793,SELL,68728.34999999999,68722.35,0.001,-0.005999999999985448,0.02749134,0.027488940000000003,0.054980280000000006,-0.060980279999985454,88.83999991416931,imbalance_reversal
1774569837.233,1774569927.919,BUY,68780.95,68752.95,0.001,-0.028,0.027512380000000003,0.02750118,0.05501356,-0.08301356,90.6859998703003,timeout_exit
1774569940.882,1774570030.943,BUY,68774.45,68841.55,0.001,0.06710000000000582,0.02750978,0.02753662,0.0550464,0.012053600000005823,90.06100010871887,timeout_exit
1774570030.943,1774570121.049,BUY,68841.65000000001,68853.95,0.001,0.012299999999988358,0.027536660000000008,0.02754158,0.05507824000000001,-0.04277824000001165,90.10599994659424,timeout_exit
1774570121.049,1774570210.952,BUY,68854.05,68889.34999999999,0.001,0.03529999999998836,0.027541620000000003,0.02755574,0.05509736,-0.01979736000001164,89.90299987792969,imbalance_reversal
1774570333.444,1774570412.943,SELL,68905.95,68888.95,0.001,-0.017,0.027562380000000004,0.02755558,0.05511796000000001,-0.07211796000000001,79.49900007247925,imbalance_reversal
1774570442.698,1774570532.757,BUY,68914.85,68876.34999999999,0.001,-0.03850000000001455,0.02756594,0.027550539999999995,0.055116479999999995,-0.09361648000001455,90.05900001525879,timeout_exit
1774570576.779,1774570590.256,BUY,68886.65000000001,68859.95,0.001,-0.02670000000001164,0.02755466000000001,0.02754398,0.055098640000000004,-0.08179864000001165,13.476999998092651,opposite_signal
1774570590.256,1774570650.814,SELL,68859.95,68869.85,0.001,0.009900000000008732,0.02754398,0.027547940000000007,0.05509192,-0.045191919999991274,60.55799984931946,opposite_signal
1774570650.814,1774570740.887,BUY,68869.85,68902.55,0.001,0.03269999999999709,0.027547940000000007,0.027561020000000002,0.05510896000000001,-0.022408960000002916,90.07300019264221,timeout_exit
1774571178.985,1774571269.864,SELL,68725.95,68750.65000000001,0.001,0.024700000000011643,0.027490380000000002,0.027500260000000006,0.05499064000000001,-0.030290639999988364,90.87900018692017,timeout_exit
1774571505.661,1774571566.635,SELL,68658.55,68705.65000000001,0.001,0.047100000000005825,0.027463420000000002,0.027482260000000005,0.05494568000000001,-0.007845679999994182,60.973999977111816,imbalance_reversal
1774571695.99,1774571786.283,SELL,68701.05,68623.65000000001,0.001,-0.07739999999999418,0.027480420000000005,0.027449460000000005,0.054929880000000014,-0.13232987999999418,90.29299998283386,timeout_exit
1774571868.728,1774571936.237,SELL,68500.95,68547.95,0.001,0.047,0.027400380000000002,0.02741918,0.05481956,-0.007819560000000003,67.5090000629425,imbalance_reversal
1774572037.136,1774572127.385,BUY,68612.25,68732.25,0.001,0.12,0.0274449,0.027492900000000004,0.05493780000000001,0.0650622,90.24900007247925,timeout_exit
1774572571.809,1774572661.966,BUY,68611.85,68638.95,0.001,0.02709999999999127,0.027444740000000002,0.02745558,0.05490032,-0.027800320000008732,90.15700006484985,timeout_exit
1774572661.966,1774572752.596,BUY,68639.05,68662.25,0.001,0.02319999999999709,0.02745562,0.0274649,0.05492052,-0.03172052000000291,90.62999987602234,timeout_exit
1774572797.607,1774572843.238,BUY,68733.95,68719.25,0.001,-0.01469999999999709,0.02749358,0.027487700000000004,0.05498128000000001,-0.0696812799999971,45.63099980354309,imbalance_reversal
1774573174.069,1774573264.484,BUY,68750.05,68789.55,0.001,0.0395,0.027500020000000003,0.027515820000000003,0.05501584000000001,-0.015515840000000006,90.41499996185303,timeout_exit
1774573494.482,1774573573.621,SELL,68755.25,68720.35,0.001,-0.03489999999999418,0.0275021,0.027488140000000005,0.05499024000000001,-0.08989023999999418,79.13899993896484,imbalance_reversal
1774573615.252,1774573666.64,BUY,68716.95,68674.55,0.001,-0.04239999999999418,0.02748678,0.027469820000000006,0.05495660000000001,-0.09735659999999419,51.38800001144409,imbalance_reversal
1774573779.898,1774573869.9,BUY,68745.15000000001,68795.84999999999,0.001,0.05069999999998254,0.027498060000000005,0.027518339999999995,0.0550164,-0.004316400000017463,90.00200009346008,timeout_exit
1774574157.362,1774574216.729,SELL,68817.45,68850.05,0.001,0.03260000000000582,0.02752698,0.027540020000000005,0.055067000000000005,-0.022466999999994186,59.367000102996826,imbalance_reversal
1774574227.022,1774574317.025,BUY,68854.75,68859.95,0.001,0.00519999999999709,0.0275419,0.02754398,0.055085880000000004,-0.04988588000000291,90.00300002098083,timeout_exit
1774574356.623,1774574394.72,SELL,68812.45,68825.95,0.001,0.0135,0.02752498,0.027530379999999997,0.05505536,-0.04155536,38.09700012207031,imbalance_reversal
1774574416.618,1774574462.274,BUY,68822.15000000001,68813.05,0.001,-0.00910000000000582,0.027528860000000006,0.027525220000000003,0.055054080000000005,-0.06415408000000583,45.65599989891052,imbalance_reversal
1774574513.688,1774574574.225,SELL,68813.75,68854.95,0.001,0.04119999999999709,0.0275255,0.02754198,0.05506748,-0.013867480000002909,60.53699994087219,imbalance_reversal
1774574684.539,1774574774.601,BUY,68883.35,68890.75,0.001,0.0073999999999941795,0.027553340000000003,0.0275563,0.05510964,-0.047709640000005826,90.06200003623962,timeout_exit
1774574886.266,1774574976.935,SELL,68873.84999999999,68877.15000000001,0.001,0.0033000000000174626,0.027549539999999997,0.027550860000000007,0.05510040000000001,-0.05180039999998254,90.66899991035461,timeout_exit
1774575079.497,1774575131.802,SELL,68869.15,68890.05,0.001,0.02090000000000873,0.027547659999999998,0.02755602,0.05510368,-0.03420367999999127,52.3050000667572,opposite_signal
1774575131.802,1774575192.043,BUY,68890.05,68864.45,0.001,-0.025600000000005823,0.02755602,0.027545780000000002,0.055101800000000006,-0.08070180000000583,60.240999937057495,opposite_signal
1774575192.043,1774575245.615,SELL,68864.45,68871.75,0.001,0.007300000000002911,0.027545780000000002,0.027548700000000002,0.05509448,-0.04779447999999709,53.57200002670288,imbalance_reversal
1774575296.637,1774575359.392,SELL,68849.84999999999,68850.15000000001,0.001,0.0003000000000174623,0.027539939999999995,0.027540060000000005,0.055080000000000004,-0.05477999999998254,62.75499987602234,imbalance_reversal
1774575408.56,1774575470.695,BUY,68866.85,68853.25,0.001,-0.013600000000005821,0.027546740000000007,0.0275413,0.055088040000000005,-0.06868804000000583,62.13499999046326,imbalance_reversal
1774575472.574,1774575558.748,SELL,68849.95,68855.45,0.001,0.0055,0.02753998,0.027542180000000003,0.055082160000000005,-0.04958216,86.17400002479553,imbalance_reversal
1774576104.114,1774576194.451,BUY,68876.55,68941.55,0.001,0.065,0.027550620000000005,0.027576620000000003,0.05512724000000001,0.009872759999999994,90.33699989318848,timeout_exit
1774576398.349,1774576434.504,SELL,68900.05,68910.45,0.001,0.01039999999999418,0.027560020000000005,0.02756418,0.055124200000000005,-0.04472420000000583,36.15499997138977,imbalance_reversal
1774576471.147,1774576561.232,BUY,68930.45,68987.45,0.001,0.057,0.027572179999999998,0.027594979999999998,0.05516715999999999,0.0018328400000000057,90.08500003814697,timeout_exit
1774576600.686,1774576690.747,BUY,68999.05,68983.55,0.001,-0.0155,0.027599620000000005,0.027593420000000004,0.05519304000000001,-0.07069304000000001,90.0609998703003,timeout_exit
1774576709.355,1774576790.848,SELL,68994.15,69008.45,0.001,0.014300000000002911,0.027597659999999996,0.02760338,0.05520103999999999,-0.040901039999997085,81.49300003051758,imbalance_reversal
1774577144.582,1774577235.176,SELL,69017.05,69039.75,0.001,0.02269999999999709,0.02760682,0.0276159,0.05522272,-0.032522720000002905,90.59400010108948,timeout_exit
1774577314.153,1774577374.265,SELL,69011.95,69043.35,0.001,0.03140000000000873,0.027604780000000002,0.027617340000000004,0.055222120000000006,-0.023822119999991273,60.11199998855591,imbalance_reversal
1774577393.482,1774577483.556,BUY,69057.05,69117.84999999999,0.001,0.060799999999988356,0.027622820000000003,0.027647139999999997,0.05526996,0.00553003999998836,90.07399988174438,timeout_exit
1774577539.719,1774577598.593,SELL,69046.55,69050.15000000001,0.001,0.0036000000000058208,0.027618620000000007,0.02762006000000001,0.05523868000000001,-0.05163867999999419,58.87399983406067,imbalance_reversal
1774577743.837,1774577833.89,SELL,69004.55,68968.95,0.001,-0.03560000000000582,0.027601820000000006,0.027587579999999997,0.0551894,-0.09078940000000582,90.0530002117157,timeout_exit
1774577865.953,1774577956.036,SELL,68956.95,68956.35,0.001,-0.0005999999999912689,0.027582779999999998,0.027582540000000003,0.055165320000000004,-0.055765319999991264,90.08299994468689,timeout_exit
1774578042.621,1774578132.634,SELL,68937.45,68944.55,0.001,0.007100000000005821,0.02757498,0.027577820000000003,0.0551528,-0.04805279999999418,90.01300001144409,timeout_exit
1774578256.407,1774578292.944,BUY,68985.75,68988.84999999999,0.001,0.003099999999991269,0.0275943,0.02759554,0.055189840000000004,-0.05208984000000873,36.53699994087219,imbalance_reversal
1774578294.752,1774578354.794,SELL,68965.75,68962.35,0.001,-0.0033999999999941794,0.0275863,0.027584940000000002,0.05517124,-0.05857123999999418,60.04199981689453,imbalance_reversal
1774578393.135,1774578445.682,SELL,68930.65,68935.05,0.001,0.004400000000008731,0.02757226,0.02757402,0.055146280000000006,-0.050746279999991276,52.54699993133545,imbalance_reversal
1774578583.546,1774578673.607,BUY,68985.65000000001,69001.34999999999,0.001,0.015699999999982537,0.027594260000000002,0.027600539999999996,0.0551948,-0.03949480000001746,90.06100010871887,timeout_exit
1774578673.607,1774578746.761,BUY,69001.45,69029.55,0.001,0.02810000000000582,0.027600580000000003,0.027611820000000002,0.05521240000000001,-0.027112399999994184,73.15399980545044,imbalance_reversal
1774578955.897,1774579046.959,SELL,68954.95,68945.15000000001,0.001,-0.009799999999988358,0.02758198,0.027578060000000005,0.05516004000000001,-0.06496003999998837,91.06200003623962,timeout_exit
1774579085.514,1774579175.555,SELL,68933.95,68909.55,0.001,-0.02439999999999418,0.02757358,0.027563820000000006,0.0551374,-0.07953739999999418,90.04100012779236,timeout_exit
1774579175.555,1774579265.721,SELL,68909.45,68890.85,0.001,-0.01859999999999127,0.02756378,0.027556340000000002,0.05512012,-0.07372011999999127,90.16599988937378,timeout_exit
1774579295.871,1774579386.145,SELL,68872.25,68897.35,0.001,0.025100000000005823,0.027548900000000005,0.027558940000000004,0.055107840000000005,-0.030007839999994186,90.2739999294281,timeout_exit
1774579467.637,1774579496.208,BUY,68900.05,68866.45,0.001,-0.03360000000000582,0.027560020000000005,0.02754658,0.055106600000000006,-0.08870660000000583,28.57099986076355,imbalance_reversal
1774579624.999,1774579691.748,BUY,68899.65000000001,68874.95,0.001,-0.024700000000011643,0.027559860000000005,0.02754998,0.05510984000000001,-0.07980984000001165,66.74899983406067,imbalance_reversal
1774579692.428,1774579755.445,SELL,68859.65,68876.75,0.001,0.017100000000005822,0.027543860000000003,0.0275507,0.05509456,-0.03799455999999418,63.01699995994568,imbalance_reversal
1774579851.375,1774579924.246,BUY,68908.55,68929.84999999999,0.001,0.02129999999998836,0.027563420000000005,0.027571939999999996,0.05513536,-0.03383536000001164,72.87100005149841,imbalance_reversal
1774580051.378,1774580142.305,SELL,68924.15,68913.65000000001,0.001,-0.010499999999985448,0.02756966,0.027565460000000003,0.05513512,-0.06563511999998545,90.92700004577637,timeout_exit
1774580156.276,1774580166.442,SELL,68913.55,68919.55,0.001,0.006,0.02756542,0.027567820000000003,0.05513324,-0.04913324000000001,10.16599988937378,imbalance_reversal
1774580220.397,1774580311.338,SELL,68907.05,68877.05,0.001,-0.03,0.027562820000000002,0.027550820000000007,0.055113640000000005,-0.08511364,90.94099998474121,timeout_exit
1774580341.773,1774580368.252,SELL,68858.84999999999,68868.55,0.001,0.009700000000011642,0.02754354,0.02754742,0.055090959999999994,-0.04539095999998835,26.479000091552734,imbalance_reversal
1774580477.836,1774580568.094,SELL,68855.34999999999,68845.65000000001,0.001,-0.009699999999982539,0.027542139999999996,0.027538260000000005,0.0550804,-0.06478039999998254,90.25800013542175,timeout_exit
1774580644.794,1774580734.973,SELL,68842.05,68775.15000000001,0.001,-0.06689999999999419,0.02753682,0.027510060000000006,0.055046880000000006,-0.12194687999999419,90.17900013923645,timeout_exit
1774580734.973,1774580776.582,SELL,68775.05,68760.25,0.001,-0.014800000000002912,0.027510020000000003,0.0275041,0.05501412,-0.06981412000000292,41.60899996757507,imbalance_reversal
1774580797.304,1774580803.773,BUY,68767.35,68771.75,0.001,0.004399999999994179,0.027506940000000004,0.0275087,0.055015640000000005,-0.050615640000005825,6.4690001010894775,imbalance_reversal
1774580847.426,1774580907.73,SELL,68749.95,68686.65000000001,0.001,-0.06329999999998837,0.02749998,0.02747466000000001,0.054974640000000005,-0.11827463999998838,60.30399990081787,imbalance_reversal
1774581004.855,1774581083.179,BUY,68692.55,68650.75,0.001,-0.04180000000000291,0.027477020000000005,0.027460300000000003,0.05493732000000001,-0.09673732000000292,78.32399988174438,imbalance_reversal
1774581129.516,1774581219.718,BUY,68725.25,68728.25,0.001,0.003,0.027490100000000003,0.027491300000000003,0.05498140000000001,-0.05198140000000001,90.20199990272522,timeout_exit
1774581672.296,1774581763.142,BUY,68785.55,68741.15,0.001,-0.04440000000000873,0.027514220000000002,0.027496459999999997,0.05501068,-0.09941068000000873,90.84599995613098,timeout_exit
1774581795.283,1774581854.132,SELL,68719.95,68715.05,0.001,-0.004899999999994179,0.02748798,0.027486020000000003,0.054974,-0.05987399999999418,58.848999977111816,imbalance_reversal
1774582060.992,1774582122.81,BUY,68791.85,68786.34999999999,0.001,-0.005500000000014552,0.027516740000000005,0.02751454,0.05503128,-0.060531280000014565,61.817999839782715,imbalance_reversal
1774582224.565,1774582289.786,BUY,68802.55,68803.84999999999,0.001,0.0012999999999883584,0.027521020000000007,0.02752154,0.055042560000000004,-0.05374256000001165,65.22099995613098,imbalance_reversal
1774582416.669,1774582484.371,SELL,68764.34999999999,68788.75,0.001,0.02440000000000873,0.027505739999999997,0.027515500000000005,0.05502124,-0.030621239999991272,67.7020001411438,imbalance_reversal
1774582489.749,1774582574.029,BUY,68794.35,68827.84999999999,0.001,0.03349999999998545,0.027517740000000006,0.02753114,0.05504888000000001,-0.021548880000014554,84.27999997138977,imbalance_reversal
1774582937.437,1774583000.663,BUY,68867.55,68849.95,0.001,-0.017600000000005823,0.027547020000000005,0.02753998,0.055087000000000004,-0.07268700000000583,63.2260000705719,imbalance_reversal
1774583055.19,1774583145.308,SELL,68849.95,68793.65000000001,0.001,-0.05629999999998836,0.02753998,0.027517460000000007,0.055057440000000006,-0.11135743999998836,90.11800003051758,timeout_exit
1774583145.308,1774583205.436,SELL,68793.55,68806.65000000001,0.001,0.01310000000000582,0.027517420000000004,0.027522660000000004,0.055040080000000005,-0.04194007999999419,60.128000020980835,imbalance_reversal
1774583355.881,1774583385.045,SELL,68805.34999999999,68828.35,0.001,0.023000000000014554,0.027522139999999997,0.02753134,0.05505348,-0.032053479999985444,29.164000034332275,imbalance_reversal
1774583399.099,1774583465.151,BUY,68833.85,68806.84999999999,0.001,-0.027000000000014554,0.027533540000000006,0.02752274,0.055056280000000006,-0.08205628000001457,66.05200004577637,imbalance_reversal
1774583515.612,1774583575.832,BUY,68800.05,68819.84999999999,0.001,0.019799999999988358,0.02752002,0.027527939999999997,0.05504795999999999,-0.03524796000001164,60.22000002861023,imbalance_reversal
1774583583.564,1774583673.628,SELL,68813.55,68808.65000000001,0.001,-0.004899999999994179,0.027525420000000005,0.027523460000000007,0.05504888000000001,-0.05994887999999419,90.0640001296997,timeout_exit
1774583701.131,1774583791.421,SELL,68787.34999999999,68741.55,0.001,-0.04579999999998836,0.027514939999999998,0.027496620000000003,0.05501156,-0.10081155999998835,90.28999996185303,timeout_exit
1774583838.788,1774583929.188,SELL,68732.05,68733.05,0.001,0.001,0.02749282,0.027493220000000002,0.05498604,-0.05398604,90.39999985694885,timeout_exit
1774583935.537,1774583947.947,SELL,68733.05,68733.15000000001,0.001,0.00010000000000582077,0.027493220000000002,0.027493260000000005,0.054986480000000004,-0.05488647999999419,12.410000085830688,opposite_signal
1774583947.947,1774584014.478,BUY,68733.15000000001,68694.25,0.001,-0.03890000000000873,0.027493260000000005,0.0274777,0.054970960000000006,-0.09387096000000875,66.53099989891052,imbalance_reversal
1774584074.062,1774584147.944,SELL,68576.75,68472.75,0.001,-0.10400000000000001,0.027430700000000002,0.027389100000000003,0.0548198,-0.1588198,73.88199996948242,imbalance_reversal
1774584155.11,1774584245.214,BUY,68503.95,68557.05,0.001,0.05310000000000582,0.027401580000000002,0.027422820000000004,0.05482440000000001,-0.0017243999999941827,90.10400009155273,timeout_exit
1774584402.416,1774584492.447,SELL,68470.05,68405.15000000001,0.001,-0.06489999999999418,0.027388020000000003,0.027362060000000004,0.054750080000000007,-0.11965007999999419,90.0310001373291,timeout_exit
1774584498.223,1774584588.361,SELL,68389.25,68286.65000000001,0.001,-0.10259999999999127,0.027355700000000004,0.027314660000000004,0.05467036000000001,-0.15727035999999128,90.13800001144409,timeout_exit
1774585173.679,1774585263.82,BUY,68461.25,68516.75,0.001,0.0555,0.027384500000000003,0.027406700000000003,0.054791200000000005,0.0007087999999999955,90.14100003242493,timeout_exit
1774585263.82,1774585354.16,BUY,68516.85,68529.84999999999,0.001,0.012999999999985449,0.027406740000000002,0.02741194,0.05481868,-0.041818680000014555,90.34000015258789,timeout_exit
1774585439.566,1774585530.152,SELL,68490.75,68454.15000000001,0.001,-0.03659999999999127,0.027396300000000002,0.027381660000000006,0.05477796000000001,-0.09137795999999128,90.58599996566772,timeout_exit
1774585652.944,1774585742.984,BUY,68486.25,68508.84999999999,0.001,0.02259999999999127,0.027394500000000002,0.02740354,0.054798040000000006,-0.03219804000000873,90.03999996185303,timeout_exit
1774585861.832,1774585954.021,BUY,68494.75,68492.25,0.001,-0.0025,0.0273979,0.027396900000000002,0.054794800000000005,-0.0572948,92.18899989128113,timeout_exit
1774586025.435,1774586115.54,BUY,68507.45,68564.75,0.001,0.05730000000000291,0.027402979999999997,0.027425900000000003,0.054828879999999997,0.002471120000002911,90.10500001907349,timeout_exit
1774586379.9,1774586470.257,BUY,68567.55,68565.55,0.001,-0.002,0.027427020000000007,0.02742622,0.05485324000000001,-0.056853240000000006,90.35699987411499,timeout_exit
1774586482.535,1774586572.654,BUY,68567.45,68552.15,0.001,-0.01530000000000291,0.02742698,0.027420860000000002,0.05484784,-0.07014784000000292,90.11899995803833,timeout_exit
1774586745.253,1774586835.607,BUY,68568.35,68569.25,0.001,0.0008999999999941792,0.027427340000000005,0.0274277,0.05485504000000001,-0.053955040000005824,90.35400009155273,timeout_exit
1774586954.576,1774587044.696,BUY,68554.75,68561.65,0.001,0.006899999999994179,0.0274219,0.02742466,0.05484656,-0.04794656000000582,90.12000012397766,timeout_exit
1774587048.17,1774587050.442,BUY,68561.75,68561.55,0.001,-0.00019999999999708963,0.027424700000000003,0.027424620000000007,0.05484932000000001,-0.0550493199999971,2.2719998359680176,imbalance_reversal
1774587231.55,1774587236.472,BUY,68585.05,68584.15,0.001,-0.0009000000000087312,0.027434020000000007,0.02743366,0.05486768,-0.055767680000008736,4.921999931335449,imbalance_reversal
1774587244.768,1774587319.035,SELL,68579.95,68560.05,0.001,-0.01989999999999418,0.02743198,0.027424020000000004,0.054856,-0.07475599999999419,74.26700019836426,imbalance_reversal
1774587376.956,1774587416.394,BUY,68597.95,68583.05,0.001,-0.01489999999999418,0.02743918,0.02743322,0.0548724,-0.06977239999999418,39.437999963760376,imbalance_reversal
1774587454.173,1774587544.229,SELL,68577.15,68547.15000000001,0.001,-0.029999999999985448,0.027430859999999998,0.027418860000000007,0.054849720000000005,-0.08484971999998545,90.05599999427795,timeout_exit
1774587601.805,1774587672.844,SELL,68529.05,68552.95,0.001,0.02389999999999418,0.02741162,0.02742118,0.0548328,-0.03093280000000582,71.03900003433228,imbalance_reversal
1774587816.764,1774587903.529,SELL,68525.05,68520.05,0.001,-0.005,0.027410020000000004,0.02740802,0.054818040000000005,-0.05981804,86.76500010490417,imbalance_reversal
1774587963.467,1774588053.574,BUY,68534.15000000001,68580.05,0.001,0.04589999999999418,0.027413660000000006,0.02743202,0.05484568000000001,-0.008945680000005826,90.10699987411499,timeout_exit
1774588081.039,1774588171.15,BUY,68590.05,68659.45,0.001,0.06939999999999417,0.027436020000000002,0.027463779999999997,0.0548998,0.014500199999994173,90.11100006103516,timeout_exit
1774588171.15,1774588261.19,BUY,68659.55,68719.65,0.001,0.06009999999999127,0.027463820000000007,0.027487860000000003,0.05495168000000001,0.005148319999991262,90.03999996185303,timeout_exit
1774588454.088,1774588544.245,BUY,68750.05,68823.25,0.001,0.07319999999999709,0.027500020000000003,0.027529300000000003,0.05502932000000001,0.018170679999997084,90.15699982643127,timeout_exit
1774588812.873,1774588902.996,SELL,68690.25,68698.75,0.001,0.0085,0.027476100000000003,0.027479500000000004,0.05495560000000001,-0.04645560000000001,90.1230001449585,timeout_exit
1774589160.183,1774589245.17,SELL,68579.84999999999,68562.05,0.001,-0.01779999999998836,0.02743194,0.027424820000000003,0.054856760000000004,-0.07265675999998836,84.98699998855591,imbalance_reversal
1774589523.631,1774589613.732,SELL,68546.05,68494.15000000001,0.001,-0.05189999999999418,0.027418420000000006,0.027397660000000004,0.05481608000000001,-0.10671607999999419,90.1010000705719,timeout_exit
1774589652.971,1774589743.254,BUY,68520.05,68587.84999999999,0.001,0.06779999999998836,0.02740802,0.027435139999999997,0.05484316,0.012956839999988354,90.2829999923706,timeout_exit
1774589743.254,1774589833.439,BUY,68587.95,68666.55,0.001,0.07860000000000582,0.027435179999999997,0.02746662,0.0549018,0.02369820000000582,90.18499994277954,timeout_exit
1774590059.562,1774590150.006,BUY,68542.45,68569.84999999999,0.001,0.02739999999999418,0.02741698,0.027427939999999998,0.05484492,-0.02744492000000582,90.44400000572205,timeout_exit
1774590183.139,1774590273.149,BUY,68598.65000000001,68578.25,0.001,-0.02040000000000873,0.027439460000000002,0.0274313,0.054870760000000005,-0.07527076000000874,90.00999999046326,timeout_exit
1774590294.149,1774590358.601,SELL,68564.45,68570.05,0.001,0.005600000000005821,0.02742578,0.027428020000000004,0.05485380000000001,-0.049253799999994186,64.4520001411438,imbalance_reversal
1774590762.937,1774590832.728,BUY,68560.05,68560.05,0.001,0.0,0.027424020000000004,0.027424020000000004,0.05484804000000001,-0.05484804000000001,69.79099988937378,imbalance_reversal
1774591301.688,1774591332.771,SELL,68566.45,68572.25,0.001,0.0058000000000029105,0.027426580000000002,0.0274289,0.05485548,-0.04905547999999709,31.08299994468689,imbalance_reversal
1774591611.021,1774591701.413,BUY,68622.95,68650.65,0.001,0.02769999999999709,0.027449180000000004,0.02746026,0.054909440000000004,-0.027209440000002912,90.39200019836426,timeout_exit
1774591779.738,1774591869.741,BUY,68654.85,68703.75,0.001,0.04889999999999418,0.027461940000000004,0.027481500000000002,0.05494344000000001,-0.006043440000005829,90.00300002098083,timeout_exit
1774591926.171,1774592016.356,SELL,68661.15,68659.45,0.001,-0.0016999999999970897,0.02746446,0.027463779999999997,0.054928239999999996,-0.05662823999999708,90.18499994277954,timeout_exit
1774592079.766,1774592101.278,BUY,68713.15000000001,68714.65,0.001,0.001499999999985448,0.027485260000000008,0.027485859999999997,0.054971120000000005,-0.053471120000014555,21.51200008392334,imbalance_reversal
1774592140.06,1774592200.273,SELL,68683.84999999999,68710.35,0.001,0.026500000000014554,0.027473539999999998,0.027484140000000004,0.05495768,-0.028457679999985448,60.21300005912781,imbalance_reversal
1774592278.33,1774592322.395,SELL,68694.15,68717.85,0.001,0.023700000000011642,0.027477659999999998,0.027487140000000007,0.05496480000000001,-0.031264799999988366,44.06500005722046,imbalance_reversal
1774592332.306,1774592422.549,BUY,68724.85,68737.75,0.001,0.01289999999999418,0.027489940000000004,0.027495100000000005,0.05498504000000001,-0.04208504000000583,90.24300003051758,timeout_exit
1774592478.745,1774592528.081,SELL,68706.55,68704.15000000001,0.001,-0.0023999999999941794,0.027482620000000003,0.027481660000000005,0.054964280000000004,-0.05736427999999419,49.336000204086304,imbalance_reversal
1774592681.6,1774592745.37,BUY,68740.15000000001,68728.45,0.001,-0.011700000000011642,0.027496060000000006,0.02749138,0.054987440000000005,-0.06668744000001164,63.769999980926514,imbalance_reversal
1774592763.548,1774592805.868,SELL,68707.95,68741.05,0.001,0.03310000000000582,0.02748318,0.02749642,0.0549796,-0.02187959999999418,42.3199999332428,imbalance_reversal
1774592822.776,1774592912.819,BUY,68753.85,68784.65,0.001,0.030799999999988358,0.02750154000000001,0.02751386,0.055015400000000006,-0.024215400000011652,90.04299998283386,timeout_exit
1774592912.819,1774592998.048,BUY,68784.75,68769.45,0.001,-0.01530000000000291,0.0275139,0.02750778,0.05502168,-0.07032168000000291,85.22900009155273,opposite_signal
1774592998.048,1774593088.494,SELL,68769.45,68752.25,0.001,-0.01719999999999709,0.02750778,0.0275009,0.055008680000000004,-0.07220867999999708,90.44599986076355,timeout_exit
1774593198.564,1774593255.084,SELL,68717.55,68712.15000000001,0.001,-0.005399999999994179,0.02748702,0.027484860000000003,0.05497188,-0.06037187999999419,56.52000021934509,imbalance_reversal
1774593399.895,1774593452.595,BUY,68765.25,68751.84999999999,0.001,-0.013400000000008731,0.0275061,0.027500739999999996,0.055006839999999994,-0.06840684000000873,52.700000047683716,imbalance_reversal
1774593778.817,1774593863.798,BUY,68732.35,68708.34999999999,0.001,-0.02400000000001455,0.027492940000000007,0.02748334,0.05497628,-0.07897628000001455,84.98100018501282,imbalance_reversal
1774593900.171,1774593990.297,SELL,68675.95,68649.55,0.001,-0.026399999999994178,0.027470380000000003,0.027459820000000003,0.054930200000000005,-0.08133019999999419,90.12599992752075,timeout_exit
1774594034.451,1774594124.832,BUY,68677.35,68645.95,0.001,-0.03140000000000873,0.027470940000000003,0.02745838,0.054929320000000004,-0.08632932000000874,90.38100004196167,timeout_exit
1774594244.688,1774594335.03,BUY,68670.15000000001,68665.95,0.001,-0.0042000000000116415,0.027468060000000002,0.02746638,0.05493444,-0.05913444000001164,90.3420000076294,timeout_exit
1774594478.405,1774594500.796,BUY,68671.65000000001,68646.34999999999,0.001,-0.02530000000001746,0.027468660000000006,0.02745854,0.05492720000000001,-0.08022720000001747,22.391000032424927,imbalance_reversal
1774594556.763,1774594578.658,SELL,68667.65,68667.85,0.001,0.00020000000001164155,0.027467059999999998,0.02746714,0.0549342,-0.05473419999998835,21.894999980926514,imbalance_reversal
1774594650.057,1774594740.501,SELL,68655.45,68610.35,0.001,-0.04509999999999127,0.027462180000000003,0.027444140000000006,0.05490632000000001,-0.10000631999999128,90.44400000572205,timeout_exit
1774594740.501,1774594779.599,SELL,68610.25,68624.95,0.001,0.01469999999999709,0.027444100000000006,0.027449980000000002,0.05489408000000001,-0.04019408000000292,39.098000049591064,imbalance_reversal
1774594802.543,1774594892.89,BUY,68625.65000000001,68646.05,0.001,0.02039999999999418,0.027450260000000004,0.02745842,0.05490868,-0.03450868000000583,90.34700012207031,timeout_exit
1774594909.74,1774595000.726,BUY,68653.95,68647.05,0.001,-0.006899999999994179,0.02746158,0.027458820000000005,0.05492040000000001,-0.06182039999999418,90.98600006103516,timeout_exit
1774595201.207,1774595244.616,SELL,68627.65,68640.05,0.001,0.012400000000008732,0.027451060000000003,0.02745602,0.054907080000000004,-0.042507079999991274,43.40899991989136,imbalance_reversal
1774595344.232,1774595434.474,SELL,68586.05,68612.15000000001,0.001,0.02610000000000582,0.02743442,0.02744486000000001,0.05487928000000001,-0.02877927999999419,90.24199986457825,timeout_exit
1774595480.055,1774595570.233,BUY,68663.25,68802.45,0.001,0.1391999999999971,0.027465300000000005,0.027520979999999997,0.05498628,0.0842137199999971,90.17799997329712,timeout_exit
1774595591.432,1774595661.327,BUY,68844.95,68787.05,0.001,-0.05789999999999418,0.02753798,0.027514820000000006,0.055052800000000006,-0.11295279999999419,69.89499998092651,imbalance_reversal
1774595661.402,1774595695.015,SELL,68787.75,68816.45,0.001,0.02869999999999709,0.0275151,0.027526580000000002,0.05504168,-0.026341680000002914,33.61300015449524,imbalance_reversal
1774595773.006,1774595803.253,SELL,68770.05,68804.15000000001,0.001,0.03410000000000582,0.02750802,0.027521660000000003,0.055029680000000004,-0.020929679999994184,30.246999979019165,imbalance_reversal
1774595863.354,1774595895.17,SELL,68791.15,68808.95,0.001,0.01780000000000291,0.027516460000000003,0.02752358,0.05504004,-0.03724003999999709,31.81599998474121,imbalance_reversal
1774595899.958,1774595990.089,BUY,68823.25,68877.15,0.001,0.05389999999999418,0.027529300000000003,0.02755086,0.05508016,-0.0011801600000058213,90.13100004196167,timeout_exit
1774596506.364,1774596582.899,BUY,68877.95,68885.95,0.001,0.008,0.02755118,0.02755438,0.05510556,-0.047105560000000005,76.53499984741211,imbalance_reversal
1774596811.005,1774596901.109,SELL,68821.84999999999,68723.35,0.001,-0.09849999999998545,0.02752874,0.027489340000000004,0.055018080000000004,-0.15351807999998546,90.10399985313416,timeout_exit
1774597225.445,1774597285.52,SELL,68504.05,68571.75,0.001,0.0676999999999971,0.027401620000000005,0.0274287,0.05483032,0.012869679999997094,60.075000047683716,imbalance_reversal
1774597353.071,1774597443.361,BUY,68574.35,68587.95,0.001,0.013599999999991268,0.027429740000000005,0.027435179999999997,0.05486492,-0.04126492000000873,90.28999996185303,timeout_exit
1774597514.852,1774597580.132,BUY,68571.85,68567.75,0.001,-0.004100000000005821,0.027428740000000007,0.027427100000000003,0.05485584000000001,-0.05895584000000583,65.27999997138977,imbalance_reversal
1774598499.737,1774598588.087,BUY,68594.65000000001,68488.65,0.001,-0.10600000000001455,0.02743786000000001,0.02739546,0.054833320000000005,-0.16083332000001457,88.34999990463257,imbalance_reversal
1774598856.789,1774598946.924,SELL,68490.45,68477.05,0.001,-0.013399999999994179,0.02739618,0.027390820000000003,0.054787,-0.06818699999999418,90.13499999046326,timeout_exit
1774598987.908,1774599078.021,SELL,68438.05,68448.85,0.001,0.010800000000002911,0.027375220000000002,0.027379540000000004,0.054754760000000006,-0.043954759999997095,90.11299991607666,timeout_exit
1774599396.205,1774599486.286,SELL,68390.65,68365.95,0.001,-0.02469999999999709,0.02735626,0.02734638,0.05470264,-0.0794026399999971,90.08100008964539,timeout_exit
1774599810.737,1774599900.904,SELL,68317.65,68339.55,0.001,0.021900000000008732,0.02732706,0.027335820000000004,0.054662880000000004,-0.03276287999999127,90.16700005531311,timeout_exit
1774600075.179,1774600165.186,SELL,68300.05,68206.45,0.001,-0.09360000000000582,0.02732002,0.027282580000000004,0.0546026,-0.14820260000000582,90.007000207901,timeout_exit
1774600165.186,1774600255.277,SELL,68206.34999999999,68224.05,0.001,0.01770000000001164,0.027282539999999997,0.027289620000000004,0.05457216,-0.03687215999998836,90.09099984169006,timeout_exit
1774600412.932,1774600503.002,BUY,68240.15000000001,68195.25,0.001,-0.04490000000000873,0.027296060000000007,0.027278100000000003,0.05457416000000001,-0.09947416000000874,90.07000017166138,timeout_exit
1774600547.25,1774600578.801,SELL,68099.95,67793.55,0.001,-0.3063999999999942,0.027239979999999997,0.027117420000000007,0.0543574,-0.3607573999999942,31.551000118255615,take_profit
1774601255.638,1774601298.428,SELL,67737.45,67782.15000000001,0.001,0.04470000000001164,0.02709498,0.027112860000000006,0.05420784000000001,-0.009507839999988367,42.78999996185303,imbalance_reversal
1774601342.033,1774601401.622,BUY,67839.45,67796.95,0.001,-0.0425,0.02713578,0.02711878,0.05425456,-0.09675456,59.58899998664856,imbalance_reversal
1774601461.664,1774601551.694,BUY,67851.65000000001,67981.34999999999,0.001,0.12969999999998255,0.027140660000000004,0.027192539999999998,0.0543332,0.07536679999998254,90.02999997138977,timeout_exit
1774601606.878,1774601657.383,SELL,67922.25,67950.05,0.001,0.027800000000002913,0.027168900000000003,0.027180020000000003,0.05434892000000001,-0.026548919999997093,50.50499987602234,imbalance_reversal
1774601877.728,1774601923.432,BUY,67926.75,67902.05,0.001,-0.02469999999999709,0.0271707,0.027160820000000002,0.05433152,-0.0790315199999971,45.7039999961853,imbalance_reversal
1774601936.026,1774601996.043,SELL,67880.15,67887.15000000001,0.001,0.007000000000014552,0.027152060000000002,0.027154860000000003,0.05430692000000001,-0.04730691999998545,60.01699995994568,imbalance_reversal
1774602217.947,1774602293.382,SELL,67828.05,67769.15000000001,0.001,-0.05889999999999418,0.027131220000000004,0.027107660000000006,0.05423888000000001,-0.1131388799999942,75.43499994277954,imbalance_reversal
1774602361.705,1774602451.718,SELL,67730.15,67702.45,0.001,-0.02769999999999709,0.027092059999999998,0.02708098,0.05417304,-0.0818730399999971,90.01300001144409,timeout_exit
1774602527.254,1774602582.979,BUY,67737.85,67625.55,0.001,-0.11230000000000291,0.027095140000000004,0.027050220000000003,0.054145360000000003,-0.16644536000000293,55.72500014305115,imbalance_reversal
1774602679.121,1774602769.336,SELL,67554.95,67672.25,0.001,0.11730000000000292,0.027021980000000004,0.027068900000000003,0.05409088000000001,0.06320912000000291,90.21499991416931,timeout_exit
1774602946.086,1774603036.416,BUY,67765.85,67782.55,0.001,0.01669999999999709,0.027106340000000003,0.02711302,0.05421936000000001,-0.037519360000002916,90.32999992370605,timeout_exit
1774603553.18,1774603643.212,BUY,67873.15000000001,67910.34999999999,0.001,0.03719999999998254,0.027149260000000005,0.02716414,0.054313400000000005,-0.017113400000017466,90.03199982643127,timeout_exit
1774603762.04,1774603818.417,BUY,67883.05,67904.75,0.001,0.02169999999999709,0.02715322,0.027161900000000003,0.05431512,-0.03261512000000291,56.37700009346008,imbalance_reversal
1774603832.112,1774603922.12,SELL,67904.65,67813.25,0.001,-0.09139999999999418,0.027161859999999996,0.0271253,0.05428716,-0.14568715999999418,90.00799989700317,timeout_exit
1774603970.624,1774604050.171,BUY,67865.05,67798.75,0.001,-0.06630000000000291,0.027146020000000007,0.0271195,0.05426552000000001,-0.12056552000000292,79.54699993133545,imbalance_reversal
1774604260.397,1774604319.516,BUY,67776.65000000001,67785.84999999999,0.001,0.009199999999982538,0.02711066,0.02711434,0.054225,-0.04502500000001747,59.11899995803833,imbalance_reversal
1774604459.922,1774604525.527,SELL,67692.95,67720.35,0.001,0.027400000000008733,0.02707718,0.027088140000000007,0.05416532,-0.026765319999991273,65.60500001907349,imbalance_reversal
1774604617.827,1774604707.843,SELL,67713.34999999999,67690.05,0.001,-0.023299999999988358,0.02708534,0.027076020000000003,0.054161360000000006,-0.07746135999998836,90.01600003242493,timeout_exit
1774604707.843,1774604756.061,SELL,67689.95,67715.35,0.001,0.02540000000000873,0.02707598,0.02708614,0.05416212,-0.02876211999999127,48.218000173568726,imbalance_reversal
1774604808.903,1774604898.935,BUY,67748.75,67781.05,0.001,0.03230000000000291,0.027099500000000002,0.027112420000000005,0.05421192000000001,-0.021911919999997097,90.03199982643127,timeout_exit
1774605045.99,1774605136.108,BUY,67820.35,67815.65,0.001,-0.004700000000011642,0.027128140000000002,0.02712626,0.0542544,-0.05895440000001164,90.11800003051758,timeout_exit
1774605145.548,1774605201.305,BUY,67847.45,67816.15,0.001,-0.03130000000000291,0.02713898,0.027126459999999998,0.05426544,-0.08556544000000291,55.75699996948242,imbalance_reversal
1774605357.991,1774605448.06,SELL,67774.45,67659.55,0.001,-0.11489999999999419,0.027109780000000003,0.027063820000000006,0.05417360000000001,-0.16907359999999422,90.06900000572205,timeout_exit
1774605448.06,1774605532.826,SELL,67659.45,67672.05,0.001,0.012600000000005822,0.02706378,0.02706882,0.0541326,-0.041532599999994174,84.76600003242493,imbalance_reversal
1774605699.483,1774605758.612,SELL,67593.05,67645.25,0.001,0.05219999999999709,0.027037220000000004,0.0270581,0.05409532,-0.0018953200000029168,59.12899994850159,imbalance_reversal
1774605891.982,1774605982.042,SELL,67638.34999999999,67644.65000000001,0.001,0.006300000000017463,0.027055339999999997,0.027057860000000006,0.0541132,-0.04781319999998254,90.05999994277954,timeout_exit
1774606238.513,1774606329.061,SELL,67659.95,67685.05,0.001,0.025100000000005823,0.027063979999999998,0.027074020000000004,0.054138000000000006,-0.02903799999999418,90.54800009727478,timeout_exit
1774607585.157,1774607675.304,SELL,67656.95,67642.85,0.001,-0.014099999999991269,0.027062779999999998,0.027057140000000004,0.05411992,-0.06821991999999127,90.14699983596802,timeout_exit
1774607679.157,1774607769.312,SELL,67635.95,67594.95,0.001,-0.041,0.02705438,0.02703798,0.05409236,-0.09509236,90.15499997138977,timeout_exit
1774607824.922,1774607915.0,SELL,67499.95,67310.95,0.001,-0.189,0.02699998,0.026924380000000005,0.053924360000000005,-0.24292436,90.07800006866455,timeout_exit
1774607919.258,1774608009.299,SELL,66926.75,66944.45,0.001,0.01769999999999709,0.0267707,0.02677778,0.05354848,-0.035848480000002916,90.04100012779236,timeout_exit
1774611316.316,1774611406.389,SELL,66655.45,66643.85,0.001,-0.011599999999991268,0.02666218,0.02665754,0.05331972,-0.06491971999999127,90.07299995422363,timeout_exit
1774611589.225,1774611679.23,BUY,66671.45,66688.55,0.001,0.017100000000005822,0.026668579999999997,0.026675420000000005,0.053344,-0.036243999999994184,90.00500011444092,timeout_exit
1774612059.522,1774612149.577,BUY,66792.05,66768.45,0.001,-0.02360000000000582,0.026716820000000002,0.026707380000000003,0.053424200000000005,-0.07702420000000583,90.05499982833862,timeout_exit
1774612776.544,1774612803.077,SELL,66656.75,66683.25,0.001,0.0265,0.0266627,0.0266733,0.053336,-0.026836000000000002,26.532999992370605,imbalance_reversal
1774612887.066,1774612977.254,SELL,66630.25,66621.95,0.001,-0.008300000000002911,0.0266521,0.02664878,0.05330088,-0.06160088000000291,90.18799996376038,timeout_exit
1774613031.859,1774613075.742,BUY,66643.15000000001,66609.15,0.001,-0.03400000000001455,0.026657260000000002,0.02664366,0.05330092,-0.08730092000001455,43.88300013542175,imbalance_reversal
1774613082.423,1774613172.94,SELL,66603.84999999999,66591.85,0.001,-0.011999999999985448,0.02664154,0.026636740000000006,0.053278280000000004,-0.06527827999998545,90.51699995994568,timeout_exit
1774613260.947,1774613346.033,BUY,66696.15000000001,66680.05,0.001,-0.01610000000000582,0.026678460000000008,0.026672020000000005,0.05335048000000001,-0.06945048000000584,85.08599996566772,imbalance_reversal
1774613369.742,1774613459.794,SELL,66642.75,66571.95,0.001,-0.07080000000000292,0.026657100000000003,0.02662878,0.05328588000000001,-0.12408588000000292,90.05199980735779,timeout_exit
1774613690.884,1774613781.427,SELL,66606.45,66658.65000000001,0.001,0.05220000000001164,0.02664258,0.026663460000000003,0.05330604,-0.0011060399999883626,90.54299998283386,timeout_exit
1774613852.902,1774613942.936,SELL,66576.75,66614.15000000001,0.001,0.03740000000000873,0.026630700000000004,0.026645660000000005,0.05327636000000001,-0.015876359999991277,90.03400015830994,timeout_exit
1774614377.158,1774614467.304,SELL,66504.34999999999,66530.85,0.001,0.026500000000014554,0.026601739999999995,0.02661234,0.05321408,-0.026714079999985443,90.14599990844727,timeout_exit
1774614800.577,1774614890.592,SELL,66514.75,66432.15000000001,0.001,-0.08259999999999126,0.026605900000000005,0.026572860000000004,0.053178760000000005,-0.13577875999999128,90.01500010490417,timeout_exit
1774615517.862,1774615607.968,BUY,66615.25,66639.84999999999,0.001,0.024599999999991268,0.026646100000000002,0.02665594,0.05330204,-0.028702040000008734,90.10599994659424,timeout_exit
1774616916.394,1774617006.541,SELL,66551.65,66533.65000000001,0.001,-0.017999999999985448,0.02662066,0.026613460000000005,0.05323412000000001,-0.07123411999998545,90.14699983596802,timeout_exit
1774617339.155,1774617429.379,BUY,66540.15000000001,66478.95,0.001,-0.06120000000001164,0.026616060000000007,0.02659158,0.05320764000000001,-0.11440764000001165,90.22399997711182,timeout_exit
1774617897.019,1774617963.73,BUY,66632.75,66622.75,0.001,-0.01,0.026653100000000002,0.0266491,0.0533022,-0.0633022,66.71099996566772,imbalance_reversal
1774618102.824,1774618166.276,BUY,66676.45,66663.84999999999,0.001,-0.012600000000005822,0.026670580000000003,0.02666554,0.05333612,-0.06593612000000583,63.4520001411438,imbalance_reversal
1774618182.12,1774618272.33,SELL,66636.05,66621.75,0.001,-0.014300000000002911,0.02665442,0.026648700000000004,0.05330312000000001,-0.06760312000000292,90.21000003814697,timeout_exit
1774618305.333,1774618395.416,SELL,66411.34999999999,66469.95,0.001,0.05860000000000582,0.02656454,0.02658798,0.05315252,0.005447480000005816,90.08299994468689,timeout_exit
1774619882.608,1774619945.641,SELL,65972.15,66108.85,0.001,0.13670000000001165,0.02638886,0.02644354,0.0528324,0.08386760000001164,63.032999992370605,imbalance_reversal
1774621196.041,1774621286.101,SELL,66089.25,65971.85,0.001,-0.11739999999999418,0.026435700000000003,0.026388740000000004,0.05282444000000001,-0.17022443999999418,90.06000018119812,timeout_exit
1774622088.914,1774622178.974,BUY,65878.95,65923.55,0.001,0.04460000000000582,0.026351580000000003,0.026369420000000005,0.052721000000000004,-0.008120999999994185,90.05999994277954,timeout_exit
1774622431.277,1774622491.489,BUY,65837.65000000001,65856.65,0.001,0.01899999999998545,0.026335060000000004,0.02634266,0.052677720000000004,-0.03367772000001455,60.212000131607056,imbalance_reversal
1774623357.967,1774623421.316,BUY,66058.05,66126.05,0.001,0.068,0.026423220000000004,0.026450420000000002,0.052873640000000006,0.015126359999999998,63.348999977111816,imbalance_reversal
1774624041.729,1774624089.131,SELL,66061.45,66119.25,0.001,0.05780000000000291,0.02642458,0.026447700000000005,0.05287228000000001,0.004927720000002911,47.401999950408936,imbalance_reversal
1774624186.881,1774624247.025,SELL,66182.65,66252.05,0.001,0.06940000000000873,0.02647306,0.026500820000000005,0.05297388,0.016426120000008728,60.14400005340576,imbalance_reversal
1774624312.544,1774624385.668,SELL,66176.75,66221.45,0.001,0.04469999999999709,0.0264707,0.026488580000000005,0.052959280000000004,-0.008259280000002915,73.12400007247925,imbalance_reversal
1774624548.623,1774624638.933,SELL,66168.65,66205.45,0.001,0.036800000000002914,0.02646746,0.02648218,0.052949640000000006,-0.01614963999999709,90.31000018119812,timeout_exit
1774624638.933,1774624644.375,SELL,66205.34999999999,66232.75,0.001,0.027400000000008733,0.02648214,0.0264931,0.05297524,-0.025575239999991266,5.441999912261963,imbalance_reversal
1774624786.13,1774624876.162,SELL,66099.95,65980.55,0.001,-0.11939999999999418,0.02643998,0.026392220000000004,0.0528322,-0.17223219999999417,90.03199982643127,timeout_exit
1774625435.121,1774625525.201,BUY,66309.65000000001,66384.45,0.001,0.07479999999998836,0.026523860000000003,0.026553780000000003,0.05307764000000001,0.021722359999988356,90.07999992370605,timeout_exit
1774625942.404,1774626032.452,SELL,66516.75,66385.65000000001,0.001,-0.13109999999999128,0.0266067,0.026554260000000007,0.05316096000000001,-0.1842609599999913,90.0479998588562,timeout_exit
1774626032.452,1774626122.473,SELL,66385.55,66325.55,0.001,-0.06,0.026554220000000003,0.026530220000000004,0.05308444000000001,-0.11308444000000001,90.02100014686584,timeout_exit
1774626377.132,1774626454.975,SELL,66338.84999999999,66313.75,0.001,-0.025099999999991268,0.02653554,0.0265255,0.053061040000000004,-0.07816103999999127,77.84299993515015,imbalance_reversal
1774626526.064,1774626586.192,SELL,66307.55,66324.55,0.001,0.017,0.026523020000000005,0.026529820000000003,0.053052840000000004,-0.03605284,60.128000020980835,imbalance_reversal
1774627258.726,1774627348.736,SELL,66003.45,66058.55,0.001,0.055100000000005825,0.026401380000000002,0.026423420000000006,0.052824800000000005,0.0022752000000058163,90.00999999046326,timeout_exit
1774627565.37,1774627655.355,SELL,65849.95,65888.85,0.001,0.03890000000000873,0.02633998,0.026355540000000004,0.05269552,-0.01379551999999127,89.9850001335144,imbalance_reversal
1774628202.745,1774628292.832,SELL,65880.05,65885.75,0.001,0.005699999999997089,0.026352020000000007,0.0263543,0.05270632000000001,-0.04700632000000292,90.08700013160706,timeout_exit
1774628452.859,1774628542.971,BUY,66030.45,66000.05,0.001,-0.030399999999994178,0.02641218,0.026400020000000003,0.052812200000000004,-0.08321219999999419,90.11199998855591,timeout_exit
1774629473.699,1774629563.794,SELL,65803.05,65815.35,0.001,0.012300000000002911,0.02632122,0.026326140000000005,0.052647360000000004,-0.04034735999999709,90.09500002861023,timeout_exit
1774629606.328,1774629691.491,SELL,65799.95,65823.15000000001,0.001,0.023200000000011642,0.02631998,0.026329260000000007,0.05264924000000001,-0.029449239999988365,85.16299986839294,imbalance_reversal
1774629738.337,1774629798.054,BUY,65880.05,65879.75,0.001,-0.0003000000000029104,0.026352020000000007,0.0263519,0.05270392000000001,-0.05300392000000292,59.717000007629395,imbalance_reversal
1774629814.882,1774629904.897,BUY,65966.05,65988.55,0.001,0.0225,0.026386420000000004,0.026395420000000003,0.05278184000000001,-0.030281840000000008,90.01500010490417,timeout_exit
1774629945.098,1774630035.112,BUY,66075.05,66118.75,0.001,0.04369999999999709,0.026430020000000002,0.026447500000000002,0.052877520000000004,-0.009177520000002916,90.01399993896484,timeout_exit
1774630098.658,1774630156.177,SELL,65953.65,66004.55,0.001,0.05090000000000873,0.02638146,0.026401820000000006,0.05278328,-0.0018832799999912754,57.51900005340576,imbalance_reversal
1774630158.738,1774630201.749,BUY,66000.15000000001,65994.75,0.001,-0.005400000000008731,0.026400060000000003,0.0263979,0.052797960000000005,-0.058197960000008736,43.01100015640259,imbalance_reversal
1774631970.026,1774632060.074,SELL,66080.25,65980.55,0.001,-0.0996999999999971,0.026432100000000004,0.026392220000000004,0.05282432000000001,-0.1525243199999971,90.0479998588562,timeout_exit
1774632060.074,1774632150.19,SELL,65980.45,65932.25,0.001,-0.04819999999999709,0.026392180000000005,0.0263729,0.052765080000000006,-0.1009650799999971,90.11600017547607,timeout_exit
1774632256.66,1774632316.822,BUY,65939.55,65862.95,0.001,-0.07660000000000582,0.026375820000000005,0.02634518,0.052721000000000004,-0.12932100000000582,60.16199994087219,opposite_signal
1774632316.822,1774632376.968,SELL,65862.95,65920.15000000001,0.001,0.057200000000011644,0.02634518,0.026368060000000006,0.05271324000000001,0.004486760000011639,60.145999908447266,imbalance_reversal
1774632674.51,1774632764.533,BUY,65885.25,65830.05,0.001,-0.05519999999999709,0.026354100000000002,0.02633202,0.05268612,-0.10788611999999709,90.02300000190735,timeout_exit
1774633698.307,1774633775.701,SELL,65572.34999999999,65636.05,0.001,0.06370000000001164,0.026228939999999996,0.02625442,0.05248335999999999,0.011216640000011643,77.39400005340576,imbalance_reversal
1774634483.631,1774634573.635,BUY,65625.15000000001,65684.55,0.001,0.05939999999999418,0.026250060000000002,0.026273820000000003,0.05252388000000001,0.006876119999994171,90.00399994850159,timeout_exit
1774635022.487,1774635112.547,SELL,65655.84999999999,65716.75,0.001,0.06090000000000873,0.026262339999999995,0.026286700000000003,0.05254904,0.008350960000008734,90.05999994277954,timeout_exit
1774635202.693,1774635292.892,SELL,65675.34999999999,65583.25,0.001,-0.09209999999999127,0.026270139999999997,0.026233300000000005,0.05250344,-0.14460343999999128,90.19899988174438,timeout_exit
1774635567.649,1774635582.125,SELL,65759.45,65776.95,0.001,0.0175,0.026303780000000002,0.026310780000000002,0.052614560000000005,-0.03511456,14.4760000705719,imbalance_reversal
1774635584.734,1774635675.008,BUY,65789.65000000001,65808.15,0.001,0.018499999999985448,0.026315860000000003,0.02632326,0.052639120000000005,-0.03413912000001455,90.2739999294281,timeout_exit
1774635879.004,1774635945.027,SELL,65569.45,65607.45,0.001,0.038,0.026227780000000003,0.026242980000000003,0.052470760000000005,-0.014470760000000006,66.02300000190735,imbalance_reversal
1774636242.988,1774636324.957,BUY,65816.45,65776.84999999999,0.001,-0.039600000000005825,0.026326580000000002,0.02631074,0.05263732,-0.09223732000000583,81.96900010108948,imbalance_reversal
1774636369.09,1774636441.673,SELL,65719.34999999999,65727.95,0.001,0.008600000000005822,0.026287739999999997,0.026291179999999997,0.052578919999999994,-0.043978919999994176,72.58300018310547,imbalance_reversal
1774636465.914,1774636556.983,BUY,65793.05,65789.75,0.001,-0.0033000000000029104,0.026317220000000006,0.0263159,0.052633120000000005,-0.05593312000000292,91.06900000572205,timeout_exit
1774636933.489,1774637003.921,SELL,65729.75,65778.05,0.001,0.04830000000000291,0.0262919,0.026311220000000003,0.05260312,-0.004303119999997093,70.4319999217987,imbalance_reversal
1774637971.181,1774638008.546,SELL,65829.95,65810.15000000001,0.001,-0.019799999999988358,0.02633198,0.026324060000000003,0.05265604,-0.07245603999998837,37.36500000953674,imbalance_reversal
1774638101.416,1774638184.08,SELL,65748.45,65753.15000000001,0.001,0.004700000000011642,0.026299380000000004,0.026301260000000003,0.052600640000000004,-0.047900639999988365,82.66400003433228,imbalance_reversal
1774638277.224,1774638367.345,SELL,65730.15,65666.65000000001,0.001,-0.06349999999998544,0.02629206,0.026266660000000004,0.05255872,-0.11605871999998543,90.12100005149841,timeout_exit
1774638367.345,1774638427.825,SELL,65666.55,65700.05,0.001,0.0335,0.02626662,0.026280020000000005,0.052546640000000006,-0.019046640000000004,60.480000019073486,imbalance_reversal
1774638599.956,1774638661.763,BUY,65787.15000000001,65736.25,0.001,-0.05090000000000873,0.026314860000000006,0.026294500000000002,0.05260936000000001,-0.10350936000000874,61.806999921798706,imbalance_reversal
1774638752.976,1774638843.506,BUY,65772.65000000001,65729.95,0.001,-0.042700000000011645,0.026309060000000006,0.026291980000000003,0.05260104000000001,-0.09530104000001166,90.52999997138977,timeout_exit
1774639022.819,1774639039.179,BUY,65778.15000000001,65769.05,0.001,-0.00910000000000582,0.026311260000000006,0.026307620000000004,0.05261888000000001,-0.06171888000000583,16.359999895095825,imbalance_reversal
1774639265.359,1774639340.179,SELL,65852.05,65846.75,0.001,-0.005300000000002911,0.026340820000000004,0.0263387,0.05267952000000001,-0.057979520000002914,74.8199999332428,imbalance_reversal
1774639356.228,1774639446.239,BUY,65889.65000000001,65835.55,0.001,-0.054100000000005824,0.026355860000000002,0.026334220000000002,0.05269008,-0.10679008000000582,90.01100015640259,timeout_exit
1774639687.917,1774639778.23,BUY,65856.85,65873.55,0.001,0.01669999999999709,0.026342740000000003,0.026349420000000005,0.05269216000000001,-0.035992160000002923,90.31299996376038,timeout_exit
1774639805.063,1774639895.295,BUY,65917.85,65912.55,0.001,-0.005300000000002911,0.02636714,0.026365020000000006,0.05273216000000001,-0.058032160000002914,90.23200011253357,timeout_exit
1774640028.327,1774640118.339,BUY,66000.05,65947.75,0.001,-0.052300000000002914,0.026400020000000003,0.026379100000000003,0.052779120000000006,-0.10507912000000293,90.01200008392334,timeout_exit
1774640359.716,1774640436.411,BUY,65993.25,65903.34999999999,0.001,-0.08990000000000874,0.026397300000000002,0.026361339999999997,0.052758639999999996,-0.14265864000000872,76.6949999332428,imbalance_reversal
1774640446.45,1774640536.612,SELL,65880.55,65883.85,0.001,0.0033000000000029104,0.026352220000000003,0.026353540000000005,0.052705760000000004,-0.04940575999999709,90.16199994087219,timeout_exit
1774640554.014,1774640644.024,BUY,65883.75,65917.84999999999,0.001,0.03409999999999127,0.026353500000000005,0.026367139999999997,0.05272064,-0.018620640000008733,90.00999999046326,timeout_exit
1774640644.024,1774640734.053,BUY,65917.95,65904.25,0.001,-0.01369999999999709,0.026367180000000004,0.026361700000000002,0.052728880000000006,-0.0664288799999971,90.02900004386902,timeout_exit
1774641848.69,1774641939.002,SELL,66057.95,66046.85,0.001,-0.01109999999999127,0.026423180000000004,0.026418740000000003,0.05284192000000001,-0.06394191999999127,90.31200003623962,timeout_exit
1774642135.092,1774642225.288,SELL,66024.75,66013.25,0.001,-0.0115,0.0264099,0.0264053,0.0528152,-0.06431519999999999,90.19600009918213,timeout_exit
1774642278.361,1774642368.509,SELL,66001.95,65994.05,0.001,-0.007899999999994179,0.02640078,0.02639762,0.052798399999999995,-0.06069839999999417,90.14800000190735,timeout_exit
1774642424.613,1774642515.083,SELL,65993.34999999999,65986.05,0.001,-0.007299999999988358,0.02639734,0.026394420000000005,0.05279176000000001,-0.060091759999988364,90.47000002861023,timeout_exit
1774642570.669,1774642621.621,BUY,66033.15000000001,66030.95,0.001,-0.0022000000000116414,0.026413260000000004,0.026412380000000003,0.05282564000000001,-0.055025640000011644,50.9520001411438,imbalance_reversal
1774642685.289,1774642732.772,SELL,65986.45,65995.95,0.001,0.0095,0.026394580000000004,0.02639838,0.05279296,-0.043292960000000005,47.48300004005432,imbalance_reversal
1774642748.048,1774642838.066,BUY,66000.05,65977.65,0.001,-0.022400000000008732,0.026400020000000003,0.02639106,0.052791080000000004,-0.07519108000000874,90.01799988746643,timeout_exit
1774642871.954,1774642962.237,SELL,65984.75,65991.85,0.001,0.007100000000005821,0.026393900000000005,0.026396740000000005,0.052790640000000014,-0.04569063999999419,90.2829999923706,timeout_exit
1774643112.202,1774643202.344,SELL,65933.65,65883.25,0.001,-0.05039999999999418,0.02637346,0.026353300000000003,0.052726760000000004,-0.10312675999999418,90.14200019836426,timeout_exit
1774643280.739,1774643366.222,SELL,65871.95,65852.45,0.001,-0.0195,0.026348780000000002,0.026340980000000003,0.05268976,-0.07218976,85.48299980163574,imbalance_reversal
1774643544.077,1774643567.673,SELL,65797.45,65824.85,0.001,0.027400000000008733,0.02631898,0.026329940000000007,0.05264892,-0.025248919999991272,23.59600019454956,imbalance_reversal
1774643651.3,1774643742.453,SELL,65824.75,65815.45,0.001,-0.00930000000000291,0.0263299,0.02632618,0.05265608,-0.06195608000000291,91.15300011634827,timeout_exit
1774643974.778,1774644065.449,BUY,65904.35,65886.84999999999,0.001,-0.017500000000014553,0.026361740000000005,0.026354739999999998,0.05271648,-0.07021648000001456,90.67099976539612,timeout_exit
1774644329.441,1774644386.838,SELL,65849.55,65877.55,0.001,0.028,0.026339820000000003,0.02635102,0.05269084,-0.024690840000000002,57.3970000743866,imbalance_reversal
1774644390.194,1774644480.939,BUY,65882.65000000001,65941.45,0.001,0.05879999999998836,0.026353060000000005,0.026376580000000004,0.05272964000000001,0.006070359999988353,90.74499988555908,timeout_exit
1774644731.917,1774644821.921,BUY,65986.85,66053.84999999999,0.001,0.06699999999998545,0.026394740000000003,0.02642154,0.05281628000000001,0.014183719999985446,90.00399994850159,timeout_exit
1774644901.522,1774644967.702,BUY,66044.35,66003.05,0.001,-0.04130000000000291,0.026417740000000006,0.026401220000000003,0.05281896000000001,-0.09411896000000292,66.17999982833862,imbalance_reversal
1774644998.484,1774645087.154,BUY,66015.85,65974.45,0.001,-0.041400000000008735,0.02640634,0.02638978,0.05279612,-0.09419612000000874,88.67000007629395,imbalance_reversal
1774645205.882,1774645259.994,SELL,65983.05,65999.95,0.001,0.01689999999999418,0.026393220000000002,0.02639998,0.0527932,-0.03589320000000582,54.11199998855591,imbalance_reversal
1774645319.665,1774645409.928,BUY,66000.05,66048.84999999999,0.001,0.04879999999998836,0.026400020000000003,0.026419539999999995,0.05281956,-0.004019560000011638,90.26300001144409,timeout_exit
1774645455.195,1774645546.099,BUY,66072.25,66044.05,0.001,-0.02819999999999709,0.0264289,0.02641762,0.05284652,-0.0810465199999971,90.90400004386902,timeout_exit
1774645629.553,1774645654.53,BUY,66065.25,66055.05,0.001,-0.01019999999999709,0.026426100000000004,0.026422020000000004,0.05284812000000001,-0.0630481199999971,24.97699999809265,imbalance_reversal
1774645726.548,1774645817.011,BUY,66050.15000000001,66045.05,0.001,-0.005100000000005821,0.02642006000000001,0.026418020000000004,0.05283808000000001,-0.05793808000000583,90.46299982070923,timeout_exit
1774645901.975,1774645965.406,BUY,66064.25,66061.55,0.001,-0.0026999999999970897,0.026425700000000003,0.026424620000000006,0.052850320000000006,-0.0555503199999971,63.430999994277954,imbalance_reversal
1774645969.403,1774646040.494,BUY,66081.25,66097.95,0.001,0.01669999999999709,0.0264325,0.02643918,0.052871680000000004,-0.03617168000000291,71.09099984169006,imbalance_reversal
1774646135.014,1774646186.273,BUY,66132.15000000001,66080.15,0.001,-0.052000000000014555,0.026452860000000005,0.026432059999999997,0.05288492,-0.10488492000001455,51.259000062942505,imbalance_reversal
1774646261.693,1774646304.611,BUY,66098.65000000001,66088.05,0.001,-0.010600000000005822,0.026439460000000005,0.026435220000000006,0.05287468000000001,-0.06347468000000583,42.91799998283386,imbalance_reversal
1774646323.575,1774646354.938,SELL,66075.84999999999,66066.15000000001,0.001,-0.009699999999982539,0.026430339999999997,0.026426460000000006,0.0528568,-0.06255679999998254,31.36299991607666,imbalance_reversal
1774646402.285,1774646456.919,BUY,66112.85,66105.75,0.001,-0.007100000000005821,0.026445140000000006,0.026442300000000002,0.05288744000000001,-0.05998744000000583,54.633999824523926,imbalance_reversal
1774646615.999,1774646676.574,BUY,66120.05,66111.25,0.001,-0.008800000000002911,0.026448020000000003,0.0264445,0.05289252,-0.061692520000002915,60.57499980926514,imbalance_reversal
1774646682.05,1774646738.202,SELL,66109.65,66129.55,0.001,0.01990000000000873,0.026443860000000003,0.026451820000000004,0.05289568000000001,-0.03299567999999128,56.151999950408936,imbalance_reversal
1774646811.197,1774646901.256,BUY,66119.25,66113.15,0.001,-0.006100000000005821,0.026447700000000005,0.026445259999999998,0.05289296,-0.058992960000005826,90.05900001525879,timeout_exit
1774646981.476,1774647045.844,SELL,66110.45,66128.15000000001,0.001,0.01770000000001164,0.02644418,0.026451260000000004,0.05289544,-0.035195439999988365,64.36800003051758,imbalance_reversal
1774647060.599,1774647099.417,BUY,66128.15000000001,66127.95,0.001,-0.00020000000001164155,0.026451260000000004,0.02645118,0.05290244000000001,-0.053102440000011644,38.818000078201294,imbalance_reversal
1774647127.468,1774647155.768,SELL,66124.95,66136.15000000001,0.001,0.011200000000011642,0.02644998,0.026454460000000006,0.05290444000000001,-0.041704439999988366,28.299999952316284,opposite_signal
1774647155.768,1774647206.395,BUY,66136.15000000001,66125.05,0.001,-0.01110000000000582,0.026454460000000006,0.02645002,0.052904480000000004,-0.06400448000000583,50.62700009346008,imbalance_reversal
1774647297.763,1774647388.786,SELL,66105.84999999999,66095.75,0.001,-0.010099999999991269,0.026442339999999998,0.026438299999999998,0.05288063999999999,-0.06298063999999126,91.02300000190735,timeout_exit
1774647474.509,1774647564.583,SELL,66010.95,66030.65000000001,0.001,0.019700000000011642,0.026404379999999998,0.026412260000000003,0.05281664,-0.03311663999998836,90.07399988174438,timeout_exit
1774647595.214,1774647613.534,BUY,66033.95,66023.25,0.001,-0.01069999999999709,0.026413580000000002,0.026409300000000004,0.05282288,-0.06352287999999709,18.319999933242798,imbalance_reversal
1774647660.291,1774647744.154,SELL,66015.55,66090.85,0.001,0.0753000000000029,0.026406220000000005,0.026436340000000003,0.05284256000000001,0.022457440000002896,83.86300015449524,opposite_signal
1774647744.154,1774647776.969,BUY,66090.85,66054.95,0.001,-0.03590000000000873,0.026436340000000003,0.026421980000000005,0.05285832000000001,-0.08875832000000874,32.81500005722046,imbalance_reversal
1774647811.972,1774647876.695,BUY,66066.25,66099.65,0.001,0.03339999999999418,0.0264265,0.02643986,0.05286636,-0.01946636000000582,64.72300004959106,imbalance_reversal
1774647980.74,1774648030.378,BUY,66092.45,66092.25,0.001,-0.00019999999999708963,0.026436980000000002,0.026436900000000003,0.052873880000000005,-0.05307387999999709,49.63800001144409,imbalance_reversal
1774648030.462,1774648121.095,SELL,66089.25,66071.65000000001,0.001,-0.01759999999999127,0.026435700000000003,0.026428660000000003,0.052864360000000006,-0.07046435999999127,90.63300013542175,timeout_exit
1774648139.121,1774648190.121,BUY,66095.35,66058.34999999999,0.001,-0.037000000000014556,0.026438140000000006,0.026423339999999997,0.05286148,-0.08986148000001457,51.0,imbalance_reversal
1774648262.744,1774648343.377,SELL,66045.84999999999,66058.45,0.001,0.012600000000005822,0.026418339999999995,0.02642338,0.052841719999999995,-0.04024171999999417,80.63300013542175,imbalance_reversal
1774648348.662,1774648440.032,BUY,66058.35,66053.34999999999,0.001,-0.005000000000014552,0.026423340000000003,0.026421339999999998,0.052844680000000005,-0.05784468000001455,91.37000012397766,timeout_exit
1774648765.758,1774648856.875,SELL,65999.95,66003.15000000001,0.001,0.0032000000000116414,0.02639998,0.026401260000000003,0.05280124,-0.04960123999998836,91.11700010299683,timeout_exit
1774648943.433,1774648997.637,BUY,66029.85,66029.84999999999,0.001,-1.4551915228366852e-14,0.026411940000000005,0.02641194,0.052823880000000004,-0.052823880000014554,54.2039999961853,imbalance_reversal
1774649058.73,1774649148.739,SELL,66005.25,65963.15000000001,0.001,-0.04209999999999127,0.0264021,0.026385260000000008,0.052787360000000005,-0.09488735999999127,90.0090000629425,timeout_exit
1774649179.833,1774649269.877,SELL,65953.65,65943.95,0.001,-0.00969999999999709,0.02638146,0.02637758,0.05275904,-0.06245903999999709,90.0440001487732,timeout_exit
1774649369.487,1774649436.251,BUY,65963.75,65990.75,0.001,0.027,0.026385500000000003,0.026396300000000004,0.052781800000000004,-0.025781800000000007,66.76399993896484,imbalance_reversal
1774649460.519,1774649551.181,SELL,65976.75,65960.15000000001,0.001,-0.016599999999991268,0.0263907,0.026384060000000008,0.052774760000000004,-0.06937475999999126,90.66199994087219,timeout_exit
1774649696.459,1774649764.697,SELL,65979.55,65960.05,0.001,-0.0195,0.026391820000000003,0.026384020000000005,0.052775840000000004,-0.07227584000000001,68.23799991607666,imbalance_reversal
1774649907.379,1774649947.357,BUY,65977.05,65972.15,0.001,-0.004900000000008732,0.026390820000000002,0.02638886,0.05277968,-0.05767968000000873,39.97800016403198,imbalance_reversal
1774649996.26,1774650066.258,SELL,65974.95,65973.65000000001,0.001,-0.0012999999999883584,0.026389979999999997,0.026389460000000003,0.05277944,-0.05407943999998836,69.99799990653992,imbalance_reversal
1774650089.029,1774650149.399,SELL,65971.05,65980.65000000001,0.001,0.009600000000005821,0.026388420000000003,0.026392260000000004,0.05278068000000001,-0.043180679999994184,60.36999988555908,imbalance_reversal
1774650356.166,1774650446.467,SELL,65939.05,65917.95,0.001,-0.021100000000005822,0.026375620000000006,0.026367180000000004,0.052742800000000006,-0.07384280000000583,90.30100011825562,timeout_exit
1774650446.467,1774650536.9,SELL,65917.84999999999,65928.95,0.001,0.01110000000000582,0.026367139999999997,0.026371580000000002,0.05273872,-0.041638719999994175,90.43300008773804,timeout_exit
1774650597.315,1774650657.744,BUY,65971.05,65961.45,0.001,-0.009600000000005821,0.026388420000000003,0.02638458,0.052773,-0.06237300000000583,60.42899990081787,imbalance_reversal
1774650685.365,1774650775.625,BUY,65987.05,65999.45,0.001,0.01239999999999418,0.026394820000000006,0.02639978,0.05279460000000001,-0.04039460000000583,90.25999999046326,timeout_exit
1774650777.648,1774650860.015,BUY,65999.55,65972.95,0.001,-0.02660000000000582,0.02639982,0.02638918,0.052789,-0.07938900000000582,82.36700010299683,imbalance_reversal
1774650894.881,1774650895.33,BUY,65998.45,65985.65,0.001,-0.012800000000002911,0.026399380000000004,0.02639426,0.05279364,-0.06559364000000291,0.44899988174438477,imbalance_reversal
1774650895.333,1774650985.383,SELL,65978.65,65926.15000000001,0.001,-0.05249999999998545,0.026391460000000002,0.026370460000000005,0.052761920000000004,-0.10526191999998546,90.04999995231628,timeout_exit
1774651020.384,1774651107.627,SELL,65902.15,65904.15000000001,0.001,0.0020000000000145518,0.026360859999999996,0.02636166000000001,0.05272252000000001,-0.05072251999998545,87.24300003051758,imbalance_reversal
1774651123.982,1774651214.347,SELL,65882.15,65908.55,0.001,0.026400000000008732,0.02635286,0.026363420000000002,0.052716280000000004,-0.02631627999999127,90.36499977111816,timeout_exit
1774651318.098,1774651360.346,BUY,65928.65000000001,65910.84999999999,0.001,-0.01780000000001746,0.026371460000000003,0.02636434,0.0527358,-0.07053580000001747,42.24799990653992,imbalance_reversal
1774651410.274,1774651500.293,BUY,65970.15000000001,66000.25,0.001,0.03009999999999127,0.02638806,0.026400100000000006,0.05278816000000001,-0.02268816000000874,90.01900005340576,timeout_exit
1774651572.342,1774651598.966,SELL,66002.25,66002.45,0.001,0.00019999999999708963,0.0264009,0.02640098,0.05280188,-0.05260188000000292,26.624000072479248,imbalance_reversal
1774651598.971,1774651689.011,BUY,66007.35,66016.15,0.001,0.008799999999988359,0.026402940000000003,0.02640646,0.052809400000000006,-0.04400940000001165,90.03999996185303,timeout_exit
1774651689.011,1774651694.719,BUY,66016.25,66016.05,0.001,-0.00019999999999708963,0.0264065,0.026406420000000003,0.05281292,-0.05301291999999709,5.708000183105469,imbalance_reversal
1774651756.244,1774651847.177,BUY,66008.05,66028.55,0.001,0.0205,0.02640322,0.026411420000000005,0.05281464000000001,-0.032314640000000006,90.93300008773804,timeout_exit
1774651887.215,1774651925.825,BUY,66037.25,66006.34999999999,0.001,-0.030900000000008733,0.0264149,0.02640254,0.05281744,-0.08371744000000873,38.610000133514404,imbalance_reversal
1774651969.78,1774652044.635,SELL,65995.25,65995.35,0.001,0.00010000000000582077,0.0263981,0.02639814,0.05279624,-0.05269623999999418,74.85500001907349,imbalance_reversal
1774652079.009,1774652170.019,BUY,65991.45,66019.95,0.001,0.0285,0.026396580000000003,0.026407979999999998,0.05280456,-0.02430456,91.00999999046326,timeout_exit
1774652170.019,1774652260.273,BUY,66020.05,66016.65,0.001,-0.003400000000008731,0.02640802,0.026406660000000002,0.05281468,-0.05621468000000873,90.25399994850159,timeout_exit
1774652260.273,1774652278.006,BUY,66016.75,65993.15,0.001,-0.02360000000000582,0.0264067,0.026397260000000002,0.052803960000000004,-0.07640396000000582,17.73300004005432,imbalance_reversal
1774652297.295,1774652388.412,SELL,65986.95,65981.15000000001,0.001,-0.005799999999988359,0.02639478,0.026392460000000006,0.052787240000000006,-0.05858723999998836,91.11699986457825,timeout_exit
1774652455.075,1774652521.203,BUY,65994.15000000001,65999.34999999999,0.001,0.005199999999982538,0.026397660000000003,0.026399739999999998,0.0527974,-0.04759740000001746,66.12800002098083,imbalance_reversal
1774652615.033,1774652677.638,SELL,65959.55,65979.25,0.001,0.01969999999999709,0.026383820000000006,0.026391700000000004,0.052775520000000006,-0.03307552000000292,62.605000019073486,imbalance_reversal
1774652702.274,1774652762.3,BUY,65981.05,65960.05,0.001,-0.021,0.026392420000000007,0.026384020000000005,0.05277644000000001,-0.07377644000000001,60.026000022888184,imbalance_reversal
1774652879.299,1774652969.417,SELL,65931.95,65942.85,0.001,0.01090000000000873,0.026372780000000002,0.026377140000000004,0.052749920000000006,-0.04184991999999128,90.11800003051758,timeout_exit
1774653000.404,1774653091.008,BUY,65951.75,65982.15,0.001,0.030399999999994178,0.026380700000000003,0.026392859999999997,0.05277356,-0.022373560000005822,90.60399985313416,timeout_exit
1774653188.793,1774653279.24,BUY,66050.15000000001,66049.45,0.001,-0.0007000000000116415,0.02642006000000001,0.026419779999999997,0.052839840000000006,-0.05353984000001165,90.44700002670288,timeout_exit
1774653279.24,1774653342.599,BUY,66049.55,66044.84999999999,0.001,-0.004700000000011642,0.026419820000000007,0.02641794,0.05283776000000001,-0.05753776000001165,63.35899996757507,imbalance_reversal
1774653413.538,1774653473.619,SELL,66034.84999999999,66045.05,0.001,0.010200000000011642,0.026413939999999997,0.026418020000000004,0.05283196,-0.04263195999998835,60.08099985122681,opposite_signal
1774653473.619,1774653486.699,BUY,66045.05,66046.05,0.001,0.001,0.026418020000000004,0.026418420000000005,0.05283644000000001,-0.05183644000000001,13.079999923706055,imbalance_reversal
1774653639.783,1774653729.97,BUY,66056.85,66079.05,0.001,0.02219999999999709,0.026422740000000007,0.026431620000000006,0.05285436000000002,-0.030654360000002923,90.18700003623962,timeout_exit
1774653774.242,1774653864.344,BUY,66078.45,66123.65,0.001,0.04519999999999709,0.026431380000000004,0.02644946,0.052880840000000005,-0.007680840000002916,90.10199999809265,timeout_exit
1774653879.994,1774653947.721,BUY,66149.95,66138.84999999999,0.001,-0.01110000000000582,0.026459980000000004,0.026455539999999996,0.05291552,-0.06401552000000582,67.72699999809265,imbalance_reversal
1774653956.779,1774654004.731,SELL,66148.15,66142.35,0.001,-0.005799999999988359,0.026459260000000002,0.026456940000000005,0.05291620000000001,-0.05871619999998837,47.95199990272522,imbalance_reversal
1774654045.212,1774654135.346,BUY,66143.05,66141.84999999999,0.001,-0.0012000000000116416,0.026457220000000004,0.026456739999999996,0.052913959999999996,-0.054113960000011646,90.1340000629425,timeout_exit
1774654262.705,1774654304.427,BUY,66153.65000000001,66149.95,0.001,-0.0037000000000116415,0.026461460000000006,0.026459980000000004,0.052921440000000014,-0.05662144000001165,41.72200012207031,imbalance_reversal
1774654355.203,1774654402.657,SELL,66141.05,66145.55,0.001,0.0045000000000000005,0.026456420000000005,0.02645822,0.052914640000000006,-0.04841464000000001,47.4539999961853,imbalance_reversal
1774654466.777,1774654495.225,SELL,66125.65,66137.95,0.001,0.012300000000002911,0.02645026,0.026455180000000002,0.05290544,-0.04060543999999709,28.447999954223633,imbalance_reversal
1774654495.233,1774654555.811,BUY,66137.95,66137.65,0.001,-0.0003000000000029104,0.026455180000000002,0.02645506,0.05291024,-0.053210240000002906,60.57800006866455,imbalance_reversal
1774654617.142,1774654707.178,BUY,66153.55,66190.25,0.001,0.03669999999999709,0.026461420000000006,0.026476100000000002,0.05293752000000001,-0.01623752000000292,90.03600001335144,timeout_exit
1774654745.021,1774654835.051,BUY,66203.95,66211.65,0.001,0.007699999999997089,0.026481579999999998,0.026484659999999997,0.05296624,-0.0452662400000029,90.03000020980835,timeout_exit
1774654835.257,1774654893.281,BUY,66211.75,66163.15,0.001,-0.04860000000000582,0.0264847,0.02646526,0.052949960000000004,-0.10154996000000582,58.0239999294281,imbalance_reversal
1774654902.684,1774654945.016,SELL,66163.25,66185.55,0.001,0.02230000000000291,0.026465300000000004,0.026474220000000003,0.052939520000000004,-0.030639519999997096,42.33200001716614,imbalance_reversal
1774654949.157,1774655039.982,BUY,66194.45,66231.25,0.001,0.036800000000002914,0.026477780000000003,0.026492500000000002,0.05297028000000001,-0.01617027999999709,90.82500004768372,timeout_exit
1774655532.69,1774655622.695,BUY,66320.95,66327.05,0.001,0.006100000000005821,0.02652838,0.02653082,0.0530592,-0.04695919999999418,90.00499987602234,timeout_exit
1774655696.493,1774655756.944,BUY,66329.55,66326.15,0.001,-0.003400000000008731,0.02653182,0.026530460000000002,0.05306228,-0.05646228000000873,60.45099997520447,imbalance_reversal
1774655780.148,1774655840.096,SELL,66316.15,66330.55,0.001,0.014400000000008732,0.026526459999999998,0.026532220000000002,0.05305868,-0.03865867999999127,59.94799995422363,imbalance_reversal
1774655848.236,1774655930.774,BUY,66340.55,66330.55,0.001,-0.01,0.026536220000000003,0.026532220000000002,0.05306844000000001,-0.06306844,82.53799986839294,imbalance_reversal
