entry_ts,exit_ts,side,signal_type,entry_price,exit_price,qty,gross_pnl,entry_fee,exit_fee,total_fee,net_pnl,hold_sec,exit_reason,mfe,mae,mfe_pct,mae_pct
1774569600.065,1774569690.167,BUY,momentum_long,68790.25,68731.65,0.001,-0.05860000000000582,0.006879025,0.027492660000000002,0.034371685,-0.09297168500000583,90.10199999809265,timeout_exit,0.01425,-0.14635000000000584,0.00020715144951501121,-0.002127481728878814
1774569998.381,1774570088.522,BUY,momentum_long,68804.85,68830.95,0.001,0.02609999999999127,0.006880485,0.027532380000000002,0.034412865,-0.008312865000008732,90.14100003242493,timeout_exit,0.03675,0.0,0.0005341193244371581,0.0
1774570708.443,1774570798.65,BUY,momentum_long,68922.55,68879.15,0.001,-0.04340000000000873,0.006892255000000001,0.02755166,0.034443915,-0.07784391500000873,90.20700001716614,timeout_exit,0.00034999999999126886,-0.04335000000000582,5.0781638228891536e-06,-0.0006289668620793313
1774572580.302,1774572670.791,SELL,reversion_short,68614.05,68648.45,0.001,0.03439999999999418,0.006861405000000001,0.02745938,0.034320785,7.92149999941788e-05,90.48899984359741,timeout_exit,0.00655000000000291,-0.03594999999999709,9.546149804599655e-05,-0.0005239451686643928
1774574444.726,1774574534.864,BUY,momentum_long,68830.85,68832.05,0.001,0.0011999999999970897,0.0068830850000000015,0.027532820000000006,0.03441590500000001,-0.03321590500000292,90.13800001144409,timeout_exit,0.00125,-0.037550000000002914,1.8160461479118735e-05,-0.0005455402628327692
1774580083.217,1774580173.966,SELL,momentum_short,68913.25,68919.55,0.001,0.006300000000002911,0.006891325000000001,0.027567820000000003,0.034459145000000004,-0.028159144999997093,90.74900007247925,timeout_exit,0.006149999999994179,-0.00935000000000582,8.924263476173564e-05,-0.00013567782683309552
1774583744.007,1774583834.024,SELL,momentum_short,68749.75,68730.95,0.001,-0.01880000000000291,0.006874975000000001,0.027492379999999997,0.034367354999999995,-0.05316735500000291,90.01699995994568,timeout_exit,0.02194999999999709,0.0,0.00031927388826864225,0.0
1774586488.406,1774586579.19,BUY,momentum_long,68567.65000000001,68550.05,0.001,-0.017600000000005823,0.006856765000000002,0.02742002,0.034276785000000004,-0.05187678500000582,90.78400015830994,timeout_exit,0.01144999999999709,-0.01765000000000873,0.0001669883684215091,-0.0002574100176979775
1774586958.064,1774587048.17,BUY,momentum_long,68561.55,68561.65,0.001,9.999999999126886e-05,0.006856155000000002,0.02742466,0.034280815,-0.03418081500000873,90.10600018501282,timeout_exit,0.02314999999999418,0.0,0.00033765280977448984,0.0
1774587827.917,1774587919.593,SELL,momentum_short,68524.95,68533.55,0.001,0.008600000000005822,0.006852495000000001,0.027413420000000004,0.03426591500000001,-0.025665914999994186,91.67599987983704,timeout_exit,0.01614999999999418,-0.03005000000000291,0.00023568058057677063,-0.0004385264053458326
1774593940.689,1774594031.343,BUY,reversion_long,68653.05,68677.15,0.001,0.02409999999999127,0.006865305000000001,0.02747086,0.034336165,-0.010236165000008731,90.65400004386902,timeout_exit,0.03505000000000291,-0.01844999999999709,0.0005105381334114495,-0.00026874261230924317
1774594495.272,1774594586.072,BUY,momentum_long,68678.05,68670.55,0.001,-0.0075,0.006867805,0.027468220000000005,0.034336025000000006,-0.041836025000000006,90.79999995231628,timeout_exit,0.00525,-0.04155000000000291,7.644363810562472e-05,-0.0006049967930074152
1774605373.024,1774605377.975,SELL,momentum_short,67732.45,67739.15000000001,0.001,0.006700000000011642,0.006773245000000001,0.027095660000000004,0.033868905000000005,-0.027168904999988364,4.950999975204468,opposite_signal,0.0010500000000029104,-0.006650000000008731,1.550217067303649e-05,-9.818041426242121e-05
1774605377.975,1774605468.21,BUY,reversion_long,67739.15000000001,67662.15,0.001,-0.07700000000001456,0.006773915000000001,0.02706486,0.033838775,-0.11083877500001456,90.2350001335144,timeout_exit,0.0024499999999970895,-0.08215000000000873,3.6168153866664835e-05,-0.001212740342918515
1774624549.256,1774624551.319,SELL,momentum_short,66168.65,66172.45,0.001,0.0038000000000029104,0.006616865,0.02646898,0.033085845,-0.02928584499999709,2.062999963760376,opposite_signal,0.0,-0.00375,0.0,-5.6673364198906884e-05
1774624551.319,1774624641.379,BUY,reversion_long,66172.45,66227.95,0.001,0.0555,0.006617245,0.02649118,0.033108425,0.022391575000000004,90.05999994277954,timeout_exit,0.05555000000000291,-0.016849999999991268,0.000839473224884418,-0.0002546376928765864
1774642294.766,1774642312.559,SELL,momentum_short,66000.05,65975.95,0.001,-0.02410000000000582,0.006600005000000001,0.02639038,0.032990385000000004,-0.05709038500000582,17.792999982833862,opposite_signal,0.03044999999999709,0.0,0.0004613632868459507,0.0
1774642312.559,1774642402.907,BUY,reversion_long,65975.95,65999.55,0.001,0.02360000000000582,0.006597595,0.02639982,0.032997415,-0.009397414999994181,90.34800004959106,timeout_exit,0.02555000000000291,0.0,0.0003872623281665957,0.0
1774642748.115,1774642838.135,BUY,momentum_long,66000.25,65977.55,0.001,-0.02269999999999709,0.0066000250000000016,0.026391020000000005,0.032991045000000004,-0.055691044999997094,90.01999998092651,timeout_exit,0.03425,-0.022649999999994178,0.0005189374282673171,-0.00034318051825552444
1774645462.365,1774645552.573,SELL,reversion_short,66072.15,66044.15000000001,0.001,-0.02799999999998545,0.006607215,0.026417660000000006,0.03302487500000001,-0.06102487499998546,90.20799994468689,timeout_exit,0.02814999999999418,0.0,0.00042604940205508954,0.0
1774645980.174,1774646070.435,BUY,momentum_long,66100.15000000001,66088.84999999999,0.001,-0.011300000000017463,0.006610015000000002,0.02643554,0.033045555000000004,-0.04434555500001747,90.26099991798401,timeout_exit,0.04784999999999127,-0.01135000000000582,0.0007239015342626493,-0.0001717091413560456
1774646841.081,1774646931.729,BUY,momentum_long,66123.35,66121.15,0.001,-0.0022000000000116414,0.0066123350000000004,0.02644846,0.033060795000000004,-0.03526079500001165,90.64800000190735,timeout_exit,0.011649999999994179,-0.01335000000000582,0.0001761858708004688,-0.0002018953970118849
1774646985.669,1774647076.089,SELL,momentum_short,66105.15,66130.25,0.001,0.025100000000005823,0.006610515,0.026452100000000003,0.033062615000000004,-0.007962614999994181,90.42000007629395,timeout_exit,0.0039499999999970895,-0.02815000000000873,5.975328699801891e-05,-0.00042583671620151733
1774649478.655,1774649569.055,SELL,momentum_short,65958.75,65952.35,0.001,-0.0063999999999941794,0.006595875,0.026380940000000005,0.03297681500000001,-0.03937681499999419,90.40000009536743,timeout_exit,0.01964999999999418,-0.0013500000000058207,0.0002979134686450877,-2.0467337540596523e-05
1774649696.48,1774649786.585,SELL,momentum_short,65978.75,65965.05,0.001,-0.01369999999999709,0.0065978750000000004,0.026386020000000003,0.032983895000000006,-0.046683894999997096,90.10500001907349,timeout_exit,0.03494999999999709,0.0,0.0005297160070476796,0.0
1774649996.269,1774650086.466,SELL,momentum_short,65974.95,65973.65000000001,0.001,-0.0012999999999883584,0.006597494999999999,0.026389460000000003,0.032986955000000005,-0.034286954999988364,90.19700002670288,timeout_exit,0.00794999999999709,0.0,0.00012050028078834604,0.0
1774650779.187,1774650869.434,BUY,momentum_long,65999.55,65970.84999999999,0.001,-0.028700000000011643,0.006599955,0.02638834,0.032988295,-0.06168829500001165,90.24699997901917,timeout_exit,0.01784999999999127,-0.030150000000008732,0.00027045638947525047,-0.00045682129650897216
1774651676.5,1774651766.854,BUY,momentum_long,66011.25,66019.95,0.001,0.00869999999999709,0.006601125000000001,0.026407979999999998,0.033009105,-0.024309105000002905,90.35400009155273,timeout_exit,0.01725,-0.02075,0.00026131909333636314,-0.0003143403586509875
1774651971.092,1774652061.804,SELL,momentum_short,65988.65,65991.35,0.001,0.0027000000000116414,0.006598865,0.026396540000000007,0.032995405000000005,-0.030295404999988364,90.71199989318848,timeout_exit,0.006849999999991269,-0.00675,0.0001038057302277175,-0.0001022903181077352
1774652118.493,1774652209.206,BUY,momentum_long,66007.65000000001,66019.95,0.001,0.012299999999988358,0.0066007650000000015,0.026407979999999998,0.033008745,-0.02070874500001164,90.71300005912781,timeout_exit,0.01284999999999127,0.0,0.00019467440516351161,0.0
1774652223.571,1774652314.788,BUY,momentum_long,66020.05,66001.65,0.001,-0.018400000000008732,0.006602005,0.02640066,0.033002665,-0.05140266500000873,91.2170000076294,timeout_exit,0.014550000000002911,-0.04665000000000873,0.00022038759437478328,-0.0007066035242325435
1774652471.677,1774652561.769,BUY,momentum_long,65996.55,65989.05,0.001,-0.0075,0.006599655,0.026395620000000005,0.032995275000000004,-0.040495275000000004,90.0920000076294,timeout_exit,0.0029499999999970895,-0.01085000000000582,4.4699306251570565e-05,-0.00016440253316280654
1774653025.515,1774653042.963,BUY,momentum_long,65971.85,65977.55,0.001,0.005699999999997089,0.006597185000000001,0.026391020000000005,0.03298820500000001,-0.027288205000002917,17.447999954223633,opposite_signal,0.00575,-0.00035000000000582075,8.715838649363326e-05,-5.3052930910050384e-06
1774653042.963,1774653133.032,SELL,reversion_short,65977.55,65993.85,0.001,0.01630000000000291,0.006597755000000001,0.026397540000000004,0.03299529500000001,-0.0166952949999971,90.06900000572205,timeout_exit,0.00675,-0.02505000000000291,0.00010230752733316103,-0.00037967460143644176
1774653281.381,1774653371.723,BUY,momentum_long,66059.85,66044.95,0.001,-0.014900000000008731,0.006605985000000002,0.02641798,0.033023965,-0.047923965000008735,90.3420000076294,timeout_exit,0.0049499999999970895,-0.02145000000001164,7.49320502543843e-05,-0.00032470555110269907
1774653668.281,1774653758.702,BUY,momentum_long,66064.45,66076.34999999999,0.001,0.011899999999994179,0.006606445,0.02643054,0.033036985,-0.02113698500000582,90.4210000038147,timeout_exit,0.01465000000000873,0.0,0.00022175315165733964,0.0
1774654477.555,1774654538.236,SELL,momentum_short,66118.25,66142.45,0.001,0.02419999999999709,0.006611825000000001,0.02645698,0.033068805,-0.008868805000002911,60.680999994277954,opposite_signal,5.000000000291039e-05,-0.02775,7.562208619089341e-07,-0.0004197025783350285
1774654538.236,1774654628.393,BUY,momentum_long,66142.45,66153.45,0.001,0.011,0.006614245,0.02646138,0.033075625,-0.022075624999999998,90.15699982643127,timeout_exit,0.011150000000008731,-0.008349999999991269,0.00016857555170709176,-0.0001262426777355733
1774654635.379,1774654725.428,BUY,momentum_long,66153.65000000001,66190.25,0.001,0.03659999999999127,0.0066153650000000015,0.026476100000000002,0.033091465,0.003508534999991271,90.04900002479553,timeout_exit,0.03664999999999418,-5.000000000291039e-05,0.0005540132706206562,-7.558161946152688e-07
1774654958.47,1774655048.603,SELL,reversion_short,66198.05,66236.75,0.001,0.03869999999999709,0.006619805000000001,0.026494700000000003,0.033114505,0.0055854949999970885,90.13299989700317,timeout_exit,5.000000000291039e-05,-0.04005000000000291,7.553092576429424e-07,-0.0006050027153368249
1774655696.55,1774655786.569,BUY,momentum_long,66329.85,66314.95,0.001,-0.014900000000008731,0.006632985000000001,0.02652598,0.033158965,-0.04805896500000873,90.01900005340576,timeout_exit,0.0034499999999970895,-0.014950000000011641,5.201278157567202e-05,-0.0002253887201616111
