problem,family,task,model,fold,train_rows,validation_rows,validation_start_utc,horizon_ms,n,positives,base_rate,roc_auc,log_loss,brier,accuracy,sides,mean_target,median_target,mae,median_abs_error,rmse,spearman,sign_accuracy,r2
price_direction,price,classification,naive,0,343643,214277,2026-08-18T08:54:52.966Z,next_move,167411,83412,0.4982468297,0.5,0.6940041544,0.2504280256,0.5017531703,,,,,,,,,
price_direction,price,classification,linear,0,343643,214277,2026-08-18T08:54:52.966Z,next_move,167411,83412,0.4982468297,0.7679180256,0.5762210115,0.196192933,0.6959518789,,,,,,,,,
price_direction,price,classification,lightgbm,0,343643,214277,2026-08-18T08:54:52.966Z,next_move,167411,83412,0.4982468297,0.7404899392,0.6223918501,0.2122255498,0.6745375155,,,,,,,,,
price_direction,price,classification,naive,1,510993,214277,2026-08-18T14:52:00.649Z,next_move,172611,81980,0.4749407628,0.5,0.6920693404,0.2494612155,0.5250592372,,,,,,,,,
price_direction,price,classification,linear,1,510993,214277,2026-08-18T14:52:00.649Z,next_move,172611,81980,0.4749407628,0.7367247987,0.6054671136,0.2090088528,0.6731610384,,,,,,,,,
price_direction,price,classification,lightgbm,1,510993,214277,2026-08-18T14:52:00.649Z,next_move,172611,81980,0.4749407628,0.6947840409,0.6464276615,0.2255531775,0.6352781688,,,,,,,,,
price_direction,price,classification,naive,2,683604,214277,2026-08-18T20:49:08.333Z,next_move,156899,76181,0.4855416542,0.5,0.692757054,0.2498049497,0.5144583458,,,,,,,,,
price_direction,price,classification,linear,2,683604,214277,2026-08-18T20:49:08.333Z,next_move,156899,76181,0.4855416542,0.7662341285,0.5777189307,0.1965766381,0.7028406809,,,,,,,,,
price_direction,price,classification,lightgbm,2,683604,214277,2026-08-18T20:49:08.333Z,next_move,156899,76181,0.4855416542,0.7090266908,0.6463835532,0.2247857007,0.6471233086,,,,,,,,,
price_direction,price,classification,naive,3,840506,214250,2026-08-19T02:46:16.016Z,next_move,159597,75893,0.4755289886,0.5,0.6920403325,0.249446742,0.5244710114,,,,,,,,,
price_direction,price,classification,linear,3,840506,214250,2026-08-19T02:46:16.016Z,next_move,159597,75893,0.4755289886,0.766884926,0.5750114642,0.1960885158,0.6902322725,,,,,,,,,
price_direction,price,classification,lightgbm,3,840506,214250,2026-08-19T02:46:16.016Z,next_move,159597,75893,0.4755289886,0.7413436413,0.6018565641,0.2063603051,0.6834840254,,,,,,,,,
price_direction,price,classification,naive,4,1000101,214277,2026-08-19T08:43:23.700Z,next_move,165824,82546,0.4977928406,0.5,0.6936866183,0.2502695093,0.5022071594,,,,,,,,,
price_direction,price,classification,linear,4,1000101,214277,2026-08-19T08:43:23.700Z,next_move,165824,82546,0.4977928406,0.7701625001,0.5727432596,0.1951115127,0.6965819182,,,,,,,,,
price_direction,price,classification,lightgbm,4,1000101,214277,2026-08-19T08:43:23.700Z,next_move,165824,82546,0.4977928406,0.7619959218,0.5789714071,0.1982154977,0.6892970861,,,,,,,,,
price_direction,price,classification,naive,5,1165924,214277,2026-08-19T14:40:31.383Z,next_move,214073,110320,0.5153382257,0.5,0.6946601112,0.2507561568,0.4846617743,,,,,,,,,
price_direction,price,classification,linear,5,1165924,214277,2026-08-19T14:40:31.383Z,next_move,214073,110320,0.5153382257,0.7061514728,0.6278834164,0.2190119562,0.6426592798,,,,,,,,,
price_direction,price,classification,lightgbm,5,1165924,214277,2026-08-19T14:40:31.383Z,next_move,214073,110320,0.5153382257,0.7060186321,0.6263428042,0.2188420933,0.6458030672,,,,,,,,,
price_direction,price,classification,naive,6,1379997,214229,2026-08-19T20:37:39.066Z,next_move,213966,106120,0.4959666489,0.5,0.6932190797,0.2500359328,0.5040333511,,,,,,,,,
price_direction,price,classification,linear,6,1379997,214229,2026-08-19T20:37:39.066Z,next_move,213966,106120,0.4959666489,0.7363659382,0.6091186144,0.2097675935,0.6713496537,,,,,,,,,
price_direction,price,classification,lightgbm,6,1379997,214229,2026-08-19T20:37:39.066Z,next_move,213966,106120,0.4959666489,0.7297137144,0.6143948958,0.2121007422,0.6673770599,,,,,,,,,
price_direction,price,classification,naive,7,1593963,214255,2026-08-20T02:34:46.750Z,next_move,211871,94073,0.4440107424,0.5,0.6910414685,0.248947287,0.5559892576,,,,,,,,,
price_direction,price,classification,linear,7,1593963,214255,2026-08-20T02:34:46.750Z,next_move,211871,94073,0.4440107424,0.7319396676,0.6095792133,0.2102754334,0.6720929245,,,,,,,,,
price_direction,price,classification,lightgbm,7,1593963,214255,2026-08-20T02:34:46.750Z,next_move,211871,94073,0.4440107424,0.728877432,0.6143171053,0.2120636703,0.6723666759,,,,,,,,,
price_direction,price,classification,naive,8,1805834,214252,2026-08-20T08:31:54.433Z,next_move,214196,104345,0.4871472857,0.5,0.6928325266,0.2498426844,0.5128527143,,,,,,,,,
price_direction,price,classification,linear,8,1805834,214252,2026-08-20T08:31:54.433Z,next_move,214196,104345,0.4871472857,0.7337447345,0.6065920248,0.2096678282,0.6674681133,,,,,,,,,
price_direction,price,classification,lightgbm,8,1805834,214252,2026-08-20T08:31:54.433Z,next_move,214196,104345,0.4871472857,0.735111696,0.6038288859,0.2092155938,0.6669685708,,,,,,,,,
price_direction,price,classification,naive,9,2020030,214276,2026-08-20T14:29:02.116Z,next_move,214189,109894,0.5130702324,0.5,0.6944214427,0.2506368938,0.4869297676,,,,,,,,,
price_direction,price,classification,linear,9,2020030,214276,2026-08-20T14:29:02.116Z,next_move,214189,109894,0.5130702324,0.7224702319,0.6156601204,0.2137539629,0.6576948396,,,,,,,,,
price_direction,price,classification,lightgbm,9,2020030,214276,2026-08-20T14:29:02.116Z,next_move,214189,109894,0.5130702324,0.7215300965,0.6137330154,0.2136560713,0.6547208307,,,,,,,,,
move_within_250ms,price,classification,naive,0,427126,214277,2026-08-18T08:54:52.966Z,250,214277,11098,0.05179277291,0.5,0.210434444,0.04958161935,0.9482072271,,,,,,,,,
move_within_250ms,price,classification,linear,0,427126,214277,2026-08-18T08:54:52.966Z,250,214277,11098,0.05179277291,0.8780378717,0.1420906434,0.03662332306,0.9566449036,,,,,,,,,
move_within_250ms,price,classification,lightgbm,0,427126,214277,2026-08-18T08:54:52.966Z,250,214277,11098,0.05179277291,0.882444502,0.1350139648,0.03444790245,0.9593330129,,,,,,,,,
move_within_250ms,price,classification,naive,1,641403,214277,2026-08-18T14:52:00.649Z,250,214277,8257,0.03853423373,0.5,0.1632808197,0.03705103311,0.9614657663,,,,,,,,,
move_within_250ms,price,classification,linear,1,641403,214277,2026-08-18T14:52:00.649Z,250,214277,8257,0.03853423373,0.8537025343,0.1175722696,0.02845487735,0.96713133,,,,,,,,,
move_within_250ms,price,classification,lightgbm,1,641403,214277,2026-08-18T14:52:00.649Z,250,214277,8257,0.03853423373,0.8672806079,0.109842248,0.02646827573,0.9698334399,,,,,,,,,
move_within_250ms,price,classification,naive,2,855680,214277,2026-08-18T20:49:08.333Z,250,214277,5787,0.02700709829,0.5,0.1258985752,0.0263902821,0.9729929017,,,,,,,,,
move_within_250ms,price,classification,linear,2,855680,214277,2026-08-18T20:49:08.333Z,250,214277,5787,0.02700709829,0.8281835616,0.0946534429,0.02103957697,0.9769317286,,,,,,,,,
move_within_250ms,price,classification,lightgbm,2,855680,214277,2026-08-18T20:49:08.333Z,250,214277,5787,0.02700709829,0.8509166726,0.08475871001,0.01873002549,0.9794051625,,,,,,,,,
move_within_250ms,price,classification,naive,3,1069957,214250,2026-08-19T02:46:16.016Z,250,214247,5085,0.02373428799,0.5,0.1145180655,0.02330941513,0.976265712,,,,,,,,,
move_within_250ms,price,classification,linear,3,1069957,214250,2026-08-19T02:46:16.016Z,250,214247,5085,0.02373428799,0.8234714607,0.08415164686,0.01857961109,0.9794162812,,,,,,,,,
move_within_250ms,price,classification,lightgbm,3,1069957,214250,2026-08-19T02:46:16.016Z,250,214247,5085,0.02373428799,0.8539642399,0.07626350112,0.01662621534,0.9819180665,,,,,,,,,
move_within_250ms,price,classification,naive,4,1284205,214277,2026-08-19T08:43:23.700Z,250,214277,15239,0.07111822547,0.5,0.273165814,0.06747443369,0.9288817745,,,,,,,,,
move_within_250ms,price,classification,linear,4,1284205,214277,2026-08-19T08:43:23.700Z,250,214277,15239,0.07111822547,0.8827014325,0.1752593872,0.04748614343,0.9421916491,,,,,,,,,
move_within_250ms,price,classification,lightgbm,4,1284205,214277,2026-08-19T08:43:23.700Z,250,214277,15239,0.07111822547,0.9009794618,0.157276212,0.04309254567,0.9469285084,,,,,,,,,
move_within_250ms,price,classification,naive,5,1498481,214277,2026-08-19T14:40:31.383Z,250,214277,45475,0.2122252972,0.5,0.7205052688,0.1972426285,0.7877747028,,,,,,,,,
move_within_250ms,price,classification,linear,5,1498481,214277,2026-08-19T14:40:31.383Z,250,214277,45475,0.2122252972,0.8359932546,0.3844098385,0.1124571752,0.8540393976,,,,,,,,,
move_within_250ms,price,classification,lightgbm,5,1498481,214277,2026-08-19T14:40:31.383Z,250,214277,45475,0.2122252972,0.8580365509,0.3467568435,0.1027291747,0.8655618662,,,,,,,,,
move_within_250ms,price,classification,naive,6,1712758,214229,2026-08-19T20:37:39.066Z,250,214225,42102,0.196531684,0.5,0.6013434065,0.1764010955,0.803468316,,,,,,,,,
move_within_250ms,price,classification,linear,6,1712758,214229,2026-08-19T20:37:39.066Z,250,214225,42102,0.196531684,0.8008820848,0.3840062765,0.1147991931,0.8511098144,,,,,,,,,
move_within_250ms,price,classification,lightgbm,6,1712758,214229,2026-08-19T20:37:39.066Z,250,214225,42102,0.196531684,0.820803009,0.3592948557,0.1058719267,0.8666122068,,,,,,,,,
move_within_250ms,price,classification,naive,7,1926983,214255,2026-08-20T02:34:46.750Z,250,214252,26378,0.1231167037,0.5,0.3868083265,0.1102101117,0.8768832963,,,,,,,,,
move_within_250ms,price,classification,linear,7,1926983,214255,2026-08-20T02:34:46.750Z,250,214252,26378,0.1231167037,0.8409034632,0.2617765002,0.07271392337,0.9093637399,,,,,,,,,
move_within_250ms,price,classification,lightgbm,7,1926983,214255,2026-08-20T02:34:46.750Z,250,214252,26378,0.1231167037,0.862019737,0.2370162597,0.06543539543,0.9199307358,,,,,,,,,
move_within_250ms,price,classification,naive,8,2141235,214252,2026-08-20T08:31:54.433Z,250,214249,54942,0.2564399367,0.5,0.7089162958,0.2216944239,0.7435600633,,,,,,,,,
move_within_250ms,price,classification,linear,8,2141235,214252,2026-08-20T08:31:54.433Z,250,214249,54942,0.2564399367,0.7899127092,0.4605916948,0.1447308646,0.8050399302,,,,,,,,,
move_within_250ms,price,classification,lightgbm,8,2141235,214252,2026-08-20T08:31:54.433Z,250,214249,54942,0.2564399367,0.8091524057,0.420179014,0.1315141593,0.8236397836,,,,,,,,,
move_within_250ms,price,classification,naive,9,2355484,214276,2026-08-20T14:29:02.116Z,250,214274,43724,0.2040564884,0.5,0.5580890374,0.174018938,0.7959435116,,,,,,,,,
move_within_250ms,price,classification,linear,9,2355484,214276,2026-08-20T14:29:02.116Z,250,214274,43724,0.2040564884,0.8074212922,0.3952345569,0.1202710845,0.8437981276,,,,,,,,,
move_within_250ms,price,classification,lightgbm,9,2355484,214276,2026-08-20T14:29:02.116Z,250,214274,43724,0.2040564884,0.8216505149,0.3625063909,0.1094367468,0.8584382613,,,,,,,,,
move_within_500ms,price,classification,naive,0,427121,214277,2026-08-18T08:54:52.966Z,500,214277,18439,0.08605216612,0.5,0.3020463835,0.07968922269,0.9139478339,,,,,,,,,
move_within_500ms,price,classification,linear,0,427121,214277,2026-08-18T08:54:52.966Z,500,214277,18439,0.08605216612,0.8541847705,0.2165345212,0.06035689709,0.9251482894,,,,,,,,,
move_within_500ms,price,classification,lightgbm,0,427121,214277,2026-08-18T08:54:52.966Z,500,214277,18439,0.08605216612,0.8489710645,0.2148041738,0.05955487571,0.9272810428,,,,,,,,,
move_within_500ms,price,classification,naive,1,641398,214277,2026-08-18T14:52:00.649Z,500,214277,14234,0.06642803474,0.5,0.2443339248,0.06201950209,0.9335719653,,,,,,,,,
move_within_500ms,price,classification,linear,1,641398,214277,2026-08-18T14:52:00.649Z,500,214277,14234,0.06642803474,0.8110881682,0.1933420003,0.05062170091,0.940114898,,,,,,,,,
move_within_500ms,price,classification,lightgbm,1,641398,214277,2026-08-18T14:52:00.649Z,500,214277,14234,0.06642803474,0.8228300838,0.1863608175,0.04897323257,0.9423689897,,,,,,,,,
move_within_500ms,price,classification,naive,2,855675,214277,2026-08-18T20:49:08.333Z,500,214277,10064,0.04696724333,0.5,0.192430597,0.04508646482,0.9530327567,,,,,,,,,
move_within_500ms,price,classification,linear,2,855675,214277,2026-08-18T20:49:08.333Z,500,214277,10064,0.04696724333,0.7824879476,0.1596898689,0.03894049149,0.9567335738,,,,,,,,,
move_within_500ms,price,classification,lightgbm,2,855675,214277,2026-08-18T20:49:08.333Z,500,214277,10064,0.04696724333,0.7976795052,0.1499988241,0.03621344981,0.959622358,,,,,,,,,
move_within_500ms,price,classification,naive,3,1069952,214250,2026-08-19T02:46:16.016Z,500,214245,9121,0.04257275549,0.5,0.1794596726,0.0411146385,0.9574272445,,,,,,,,,
move_within_500ms,price,classification,linear,3,1069952,214250,2026-08-19T02:46:16.016Z,500,214245,9121,0.04257275549,0.7733181554,0.1458493092,0.03508231539,0.960787883,,,,,,,,,
move_within_500ms,price,classification,lightgbm,3,1069952,214250,2026-08-19T02:46:16.016Z,500,214245,9121,0.04257275549,0.7994681332,0.1381307297,0.03314656683,0.9632056757,,,,,,,,,
move_within_500ms,price,classification,naive,4,1284198,214277,2026-08-19T08:43:23.700Z,500,214277,25235,0.1177681226,0.5,0.3878004178,0.1074452352,0.8822318774,,,,,,,,,
move_within_500ms,price,classification,linear,4,1284198,214277,2026-08-19T08:43:23.700Z,500,214277,25235,0.1177681226,0.8629388464,0.2616839548,0.07679722999,0.9012819855,,,,,,,,,
move_within_500ms,price,classification,lightgbm,4,1284198,214277,2026-08-19T08:43:23.700Z,500,214277,25235,0.1177681226,0.8762119929,0.2427330576,0.0719413945,0.9049501346,,,,,,,,,
move_within_500ms,price,classification,naive,5,1498474,214277,2026-08-19T14:40:31.383Z,500,214277,67783,0.3163335309,0.5,0.9037462986,0.2785915964,0.6836664691,,,,,,,,,
move_within_500ms,price,classification,linear,5,1498474,214277,2026-08-19T14:40:31.383Z,500,214277,67783,0.3163335309,0.8064298316,0.4794597996,0.1515959655,0.7921755485,,,,,,,,,
move_within_500ms,price,classification,lightgbm,5,1498474,214277,2026-08-19T14:40:31.383Z,500,214277,67783,0.3163335309,0.8200545637,0.4737499212,0.1495678879,0.7976077694,,,,,,,,,
move_within_500ms,price,classification,naive,6,1712751,214229,2026-08-19T20:37:39.066Z,500,214223,65020,0.3035154955,0.5,0.777071126,0.253671649,0.6964845045,,,,,,,,,
move_within_500ms,price,classification,linear,6,1712751,214229,2026-08-19T20:37:39.066Z,500,214223,65020,0.3035154955,0.7607258469,0.5073112818,0.1637207091,0.7749307964,,,,,,,,,
move_within_500ms,price,classification,lightgbm,6,1712751,214229,2026-08-19T20:37:39.066Z,500,214223,65020,0.3035154955,0.7715482125,0.5042608738,0.1616080568,0.7817461244,,,,,,,,,
move_within_500ms,price,classification,naive,7,1926974,214255,2026-08-20T02:34:46.750Z,500,214250,41212,0.1923547258,0.5,0.5105562767,0.1604772464,0.8076452742,,,,,,,,,
move_within_500ms,price,classification,linear,7,1926974,214255,2026-08-20T02:34:46.750Z,500,214250,41212,0.1923547258,0.7955488818,0.3736355244,0.1119722231,0.8568774796,,,,,,,,,
move_within_500ms,price,classification,lightgbm,7,1926974,214255,2026-08-20T02:34:46.750Z,500,214250,41212,0.1923547258,0.8154381697,0.353542994,0.1057334248,0.8647887981,,,,,,,,,
move_within_500ms,price,classification,naive,8,2141224,214252,2026-08-20T08:31:54.433Z,500,214247,83855,0.3913940452,0.5,0.8883965656,0.3076792863,0.6086059548,,,,,,,,,
move_within_500ms,price,classification,linear,8,2141224,214252,2026-08-20T08:31:54.433Z,500,214247,83855,0.3913940452,0.7569915731,0.568574948,0.190894223,0.7158606655,,,,,,,,,
move_within_500ms,price,classification,lightgbm,8,2141224,214252,2026-08-20T08:31:54.433Z,500,214247,83855,0.3913940452,0.7693255984,0.5415651915,0.1822044692,0.7303392813,,,,,,,,,
move_within_500ms,price,classification,naive,9,2355471,214276,2026-08-20T14:29:02.116Z,500,214272,67461,0.3148381496,0.5,0.7063529632,0.2423013033,0.6851618504,,,,,,,,,
move_within_500ms,price,classification,linear,9,2355471,214276,2026-08-20T14:29:02.116Z,500,214272,67461,0.3148381496,0.7720719714,0.5174665496,0.1697066521,0.7592172566,,,,,,,,,
move_within_500ms,price,classification,lightgbm,9,2355471,214276,2026-08-20T14:29:02.116Z,500,214272,67461,0.3148381496,0.7760996861,0.4978377883,0.1632026815,0.7688032034,,,,,,,,,
move_within_1000ms,price,classification,naive,0,427111,214277,2026-08-18T08:54:52.966Z,1000,214277,30153,0.1407197226,0.5,0.4163714245,0.1228974118,0.8592802774,,,,,,,,,
move_within_1000ms,price,classification,linear,0,427111,214277,2026-08-18T08:54:52.966Z,1000,214277,30153,0.1407197226,0.8333213606,0.31117317,0.09295182864,0.8778730335,,,,,,,,,
move_within_1000ms,price,classification,lightgbm,0,427111,214277,2026-08-18T08:54:52.966Z,1000,214277,30153,0.1407197226,0.8175884464,0.3153177911,0.09387572752,0.8784563906,,,,,,,,,
move_within_1000ms,price,classification,naive,1,641388,214277,2026-08-18T14:52:00.649Z,1000,214277,24606,0.1148326699,0.5,0.3565820567,0.101662187,0.8851673301,,,,,,,,,
move_within_1000ms,price,classification,linear,1,641388,214277,2026-08-18T14:52:00.649Z,1000,214277,24606,0.1148326699,0.7773768285,0.297980935,0.085328902,0.8943330362,,,,,,,,,
move_within_1000ms,price,classification,lightgbm,1,641388,214277,2026-08-18T14:52:00.649Z,1000,214277,24606,0.1148326699,0.7824000723,0.295701538,0.08503152382,0.8955977543,,,,,,,,,
move_within_1000ms,price,classification,naive,2,855665,214277,2026-08-18T20:49:08.333Z,1000,214277,17842,0.08326605282,0.5,0.2911801015,0.07715775328,0.9167339472,,,,,,,,,
move_within_1000ms,price,classification,linear,2,855665,214277,2026-08-18T20:49:08.333Z,1000,214277,17842,0.08326605282,0.7476840841,0.2549939281,0.06932600951,0.9198234062,,,,,,,,,
move_within_1000ms,price,classification,lightgbm,2,855665,214277,2026-08-18T20:49:08.333Z,1000,214277,17842,0.08326605282,0.7371978884,0.2500597026,0.06650444131,0.9236922302,,,,,,,,,
move_within_1000ms,price,classification,naive,3,1069942,214250,2026-08-19T02:46:16.016Z,1000,214240,16482,0.07693241225,0.5,0.2761656055,0.07187309946,0.9230675878,,,,,,,,,
move_within_1000ms,price,classification,linear,3,1069942,214250,2026-08-19T02:46:16.016Z,1000,214240,16482,0.07693241225,0.734906292,0.2377542629,0.06330766881,0.9267176998,,,,,,,,,
move_within_1000ms,price,classification,lightgbm,3,1069942,214250,2026-08-19T02:46:16.016Z,1000,214240,16482,0.07693241225,0.7536903695,0.230802314,0.06139194234,0.9293362584,,,,,,,,,
move_within_1000ms,price,classification,naive,4,1284183,214277,2026-08-19T08:43:23.700Z,1000,214277,40497,0.1889936857,0.5,0.5193696107,0.1609682242,0.8110063143,,,,,,,,,
move_within_1000ms,price,classification,linear,4,1284183,214277,2026-08-19T08:43:23.700Z,1000,214277,40497,0.1889936857,0.8541834081,0.3552773013,0.1109778722,0.8448690247,,,,,,,,,
move_within_1000ms,price,classification,lightgbm,4,1284183,214277,2026-08-19T08:43:23.700Z,1000,214277,40497,0.1889936857,0.8648930725,0.3324163831,0.1040206026,0.8495965503,,,,,,,,,
move_within_1000ms,price,classification,naive,5,1498459,214277,2026-08-19T14:40:31.383Z,1000,214277,97272,0.4539544608,0.5,1.052674962,0.363609217,0.5460455392,,,,,,,,,
move_within_1000ms,price,classification,linear,5,1498459,214277,2026-08-19T14:40:31.383Z,1000,214277,97272,0.4539544608,0.7824920237,0.5453717559,0.1837225118,0.7248421436,,,,,,,,,
move_within_1000ms,price,classification,lightgbm,5,1498459,214277,2026-08-19T14:40:31.383Z,1000,214277,97272,0.4539544608,0.7892883102,0.5803569983,0.1952109091,0.7182338748,,,,,,,,,
move_within_1000ms,price,classification,naive,6,1712736,214229,2026-08-19T20:37:39.066Z,1000,214222,97064,0.4531000551,0.5,0.9338763767,0.3358860365,0.5468999449,,,,,,,,,
move_within_1000ms,price,classification,linear,6,1712736,214229,2026-08-19T20:37:39.066Z,1000,214222,97064,0.4531000551,0.7302519241,0.5991541972,0.2058255766,0.6847942788,,,,,,,,,
move_within_1000ms,price,classification,lightgbm,6,1712736,214229,2026-08-19T20:37:39.066Z,1000,214222,97064,0.4531000551,0.7331717959,0.6220153755,0.2147311021,0.6771900178,,,,,,,,,
move_within_1000ms,price,classification,naive,7,1926958,214255,2026-08-20T02:34:46.750Z,1000,214245,63589,0.2968050596,0.5,0.6415613433,0.2202635924,0.7031949404,,,,,,,,,
move_within_1000ms,price,classification,linear,7,1926958,214255,2026-08-20T02:34:46.750Z,1000,214245,63589,0.2968050596,0.7563612447,0.4959700356,0.1611451999,0.7781698523,,,,,,,,,
move_within_1000ms,price,classification,lightgbm,7,1926958,214255,2026-08-20T02:34:46.750Z,1000,214245,63589,0.2968050596,0.7740826901,0.4799650452,0.1554554111,0.7860393475,,,,,,,,,
move_within_1000ms,price,classification,naive,8,2141203,214252,2026-08-20T08:31:54.433Z,1000,214242,121333,0.5663361993,0.5,1.008413305,0.3798532565,0.4336638007,,,,,,,,,
move_within_1000ms,price,classification,linear,8,2141203,214252,2026-08-20T08:31:54.433Z,1000,214242,121333,0.5663361993,0.7404697944,0.5952471825,0.2049261494,0.673042634,,,,,,,,,
move_within_1000ms,price,classification,lightgbm,8,2141203,214252,2026-08-20T08:31:54.433Z,1000,214242,121333,0.5663361993,0.7467550814,0.5834538794,0.2027190621,0.6742375445,,,,,,,,,
move_within_1000ms,price,classification,naive,9,2355445,214276,2026-08-20T14:29:02.116Z,1000,214272,99857,0.4660291592,0.5,0.8201844731,0.3030292622,0.5339708408,,,,,,,,,
move_within_1000ms,price,classification,linear,9,2355445,214276,2026-08-20T14:29:02.116Z,1000,214272,99857,0.4660291592,0.750279612,0.5962492107,0.2050540562,0.6797155018,,,,,,,,,
move_within_1000ms,price,classification,lightgbm,9,2355445,214276,2026-08-20T14:29:02.116Z,1000,214272,99857,0.4660291592,0.7505029414,0.5843023044,0.2017557348,0.6836124179,,,,,,,,,
move_within_5000ms,price,classification,naive,0,427031,214277,2026-08-18T08:54:52.966Z,5000,214277,81051,0.3782533823,0.5,0.6672704508,0.2370264765,0.6217466177,,,,,,,,,
move_within_5000ms,price,classification,linear,0,427031,214277,2026-08-18T08:54:52.966Z,5000,214277,81051,0.3782533823,0.7919097021,0.5374263113,0.1788458326,0.7368873001,,,,,,,,,
move_within_5000ms,price,classification,lightgbm,0,427031,214277,2026-08-18T08:54:52.966Z,5000,214277,81051,0.3782533823,0.7370058056,0.5722815691,0.1940007394,0.709712195,,,,,,,,,
move_within_5000ms,price,classification,naive,1,641308,214277,2026-08-18T14:52:00.649Z,5000,214277,77539,0.3618633824,0.5,0.6548388963,0.2310810046,0.6381366176,,,,,,,,,
move_within_5000ms,price,classification,linear,1,641308,214277,2026-08-18T14:52:00.649Z,5000,214277,77539,0.3618633824,0.7358412591,0.5745503088,0.1946438092,0.71049156,,,,,,,,,
move_within_5000ms,price,classification,lightgbm,1,641308,214277,2026-08-18T14:52:00.649Z,5000,214277,77539,0.3618633824,0.7251622079,0.6101846345,0.2103592754,0.677655558,,,,,,,,,
move_within_5000ms,price,classification,naive,2,855585,214277,2026-08-18T20:49:08.333Z,5000,214277,63507,0.2963780527,0.5,0.6148704435,0.2116950329,0.7036219473,,,,,,,,,
move_within_5000ms,price,classification,linear,2,855585,214277,2026-08-18T20:49:08.333Z,5000,214277,63507,0.2963780527,0.7167328878,0.5518758595,0.1845869301,0.7258221834,,,,,,,,,
move_within_5000ms,price,classification,lightgbm,2,855585,214277,2026-08-18T20:49:08.333Z,5000,214277,63507,0.2963780527,0.6560544216,0.5946158602,0.1996015927,0.7208146465,,,,,,,,,
move_within_5000ms,price,classification,naive,3,1069862,214250,2026-08-19T02:46:16.016Z,5000,214200,59492,0.2777404295,0.5,0.6001132472,0.2046450305,0.7222595705,,,,,,,,,
move_within_5000ms,price,classification,linear,3,1069862,214250,2026-08-19T02:46:16.016Z,5000,214200,59492,0.2777404295,0.6831785241,0.5454348731,0.1813980826,0.7401540616,,,,,,,,,
move_within_5000ms,price,classification,lightgbm,3,1069862,214250,2026-08-19T02:46:16.016Z,5000,214200,59492,0.2777404295,0.6722459963,0.5522956674,0.1841971645,0.7360971055,,,,,,,,,
move_within_5000ms,price,classification,naive,4,1284063,214277,2026-08-19T08:43:23.700Z,5000,214277,94710,0.4419979746,0.5,0.7132165291,0.259056594,0.5580020254,,,,,,,,,
move_within_5000ms,price,classification,linear,4,1284063,214277,2026-08-19T08:43:23.700Z,5000,214277,94710,0.4419979746,0.8504810611,0.4920141725,0.1597247425,0.7800230543,,,,,,,,,
move_within_5000ms,price,classification,lightgbm,4,1284063,214277,2026-08-19T08:43:23.700Z,5000,214277,94710,0.4419979746,0.8615477582,0.4531150163,0.1446741056,0.802139287,,,,,,,,,
move_within_5000ms,price,classification,naive,5,1498339,214277,2026-08-19T14:40:31.383Z,5000,214277,178954,0.8351526295,0.5,0.9554929848,0.3765489966,0.1648473705,,,,,,,,,
move_within_5000ms,price,classification,linear,5,1498339,214277,2026-08-19T14:40:31.383Z,5000,214277,178954,0.8351526295,0.7583839571,0.3989878215,0.1287460404,0.819532661,,,,,,,,,
move_within_5000ms,price,classification,lightgbm,5,1498339,214277,2026-08-19T14:40:31.383Z,5000,214277,178954,0.8351526295,0.7584906657,0.482236107,0.1642586886,0.7251128213,,,,,,,,,
move_within_5000ms,price,classification,naive,6,1712616,214229,2026-08-19T20:37:39.066Z,5000,214222,185950,0.8680247594,0.5,0.8481788642,0.3265752344,0.1319752406,,,,,,,,,
move_within_5000ms,price,classification,linear,6,1712616,214229,2026-08-19T20:37:39.066Z,5000,214222,185950,0.8680247594,0.7182546329,0.4058708484,0.1269648138,0.837575039,,,,,,,,,
move_within_5000ms,price,classification,lightgbm,6,1712616,214229,2026-08-19T20:37:39.066Z,5000,214222,185950,0.8680247594,0.7103787837,0.4506937175,0.1461913978,0.8055288439,,,,,,,,,
move_within_5000ms,price,classification,naive,7,1926838,214255,2026-08-20T02:34:46.750Z,5000,214218,148485,0.6931490351,0.5,0.7285129172,0.2676407209,0.3068509649,,,,,,,,,
move_within_5000ms,price,classification,linear,7,1926838,214255,2026-08-20T02:34:46.750Z,5000,214218,148485,0.6931490351,0.709658123,0.5581448791,0.1906440134,0.6991009159,,,,,,,,,
move_within_5000ms,price,classification,lightgbm,7,1926838,214255,2026-08-20T02:34:46.750Z,5000,214218,148485,0.6931490351,0.7168042239,0.5534191285,0.1908102966,0.6932003847,,,,,,,,,
move_within_5000ms,price,classification,naive,8,2141056,214252,2026-08-20T08:31:54.433Z,5000,214202,200575,0.9363824801,0.5,0.7249202293,0.2658797203,0.06361751991,,,,,,,,,
move_within_5000ms,price,classification,linear,8,2141056,214252,2026-08-20T08:31:54.433Z,5000,214202,200575,0.9363824801,0.7672323904,0.2172370595,0.05836007591,0.933744783,,,,,,,,,
move_within_5000ms,price,classification,lightgbm,8,2141056,214252,2026-08-20T08:31:54.433Z,5000,214202,200575,0.9363824801,0.7604187382,0.2261279459,0.06074510699,0.9343236758,,,,,,,,,
move_within_5000ms,price,classification,naive,9,2355258,214276,2026-08-20T14:29:02.116Z,5000,214272,186012,0.8681115591,0.5,0.659654562,0.2332658035,0.8681115591,,,,,,,,,
move_within_5000ms,price,classification,linear,9,2355258,214276,2026-08-20T14:29:02.116Z,5000,214272,186012,0.8681115591,0.7648663431,0.3396611197,0.1035639593,0.8668188097,,,,,,,,,
move_within_5000ms,price,classification,lightgbm,9,2355258,214276,2026-08-20T14:29:02.116Z,5000,214272,186012,0.8681115591,0.7590582053,0.346134541,0.1055323591,0.8660020908,,,,,,,,,
fill_500ms,fill,classification,naive,0,854242,428554,2026-08-18T08:54:52.966Z,500,428554,20287,0.04733825842,0.5,0.1955590556,0.04542936045,0.9526617416,pooled,,,,,,,,
fill_500ms,fill,classification,linear,0,854242,428554,2026-08-18T08:54:52.966Z,500,428554,20287,0.04733825842,0.8919463348,0.1301076936,0.0343072275,0.9584766447,pooled,,,,,,,,
fill_500ms,fill,classification,lightgbm,0,854242,428554,2026-08-18T08:54:52.966Z,500,428554,20287,0.04733825842,0.8932184708,0.1281181999,0.03362344845,0.9593096786,pooled,,,,,,,,
fill_500ms,fill,classification,naive,1,1282796,428554,2026-08-18T14:52:00.649Z,500,428554,15129,0.03530243563,0.5,0.1527167691,0.0340562095,0.9646975644,pooled,,,,,,,,
fill_500ms,fill,classification,linear,1,1282796,428554,2026-08-18T14:52:00.649Z,500,428554,15129,0.03530243563,0.8806304473,0.1079199871,0.02705701104,0.9680063656,pooled,,,,,,,,
fill_500ms,fill,classification,lightgbm,1,1282796,428554,2026-08-18T14:52:00.649Z,500,428554,15129,0.03530243563,0.8851276323,0.1053303567,0.0263027461,0.9692267486,pooled,,,,,,,,
fill_500ms,fill,classification,naive,2,1711350,428554,2026-08-18T20:49:08.333Z,500,428554,10807,0.02521735884,0.5,0.1193303483,0.02468139426,0.9747826412,pooled,,,,,,,,
fill_500ms,fill,classification,linear,2,1711350,428554,2026-08-18T20:49:08.333Z,500,428554,10807,0.02521735884,0.8687611616,0.08748085533,0.0206705514,0.9767940563,pooled,,,,,,,,
fill_500ms,fill,classification,lightgbm,2,1711350,428554,2026-08-18T20:49:08.333Z,500,428554,10807,0.02521735884,0.868618974,0.08537399267,0.01974864899,0.9779001013,pooled,,,,,,,,
fill_500ms,fill,classification,naive,3,2139904,428500,2026-08-19T02:46:16.016Z,500,428490,9894,0.02309038717,0.5,0.1116171501,0.0226597866,0.9769096128,pooled,,,,,,,,
fill_500ms,fill,classification,linear,3,2139904,428500,2026-08-19T02:46:16.016Z,500,428490,9894,0.02309038717,0.8689059426,0.08092775097,0.01895740006,0.9785315877,pooled,,,,,,,,
fill_500ms,fill,classification,lightgbm,3,2139904,428500,2026-08-19T02:46:16.016Z,500,428490,9894,0.02309038717,0.8771405154,0.07822151718,0.0182010337,0.9796377978,pooled,,,,,,,,
fill_500ms,fill,classification,naive,4,2568396,428554,2026-08-19T08:43:23.700Z,500,428554,28177,0.06574900713,0.5,0.2572386436,0.06259854899,0.9342509929,pooled,,,,,,,,
fill_500ms,fill,classification,linear,4,2568396,428554,2026-08-19T08:43:23.700Z,500,428554,28177,0.06574900713,0.8889125041,0.1676183471,0.0459844597,0.9430480173,pooled,,,,,,,,
fill_500ms,fill,classification,lightgbm,4,2568396,428554,2026-08-19T08:43:23.700Z,500,428554,28177,0.06574900713,0.901852457,0.155377875,0.04336668347,0.9453067758,pooled,,,,,,,,
fill_500ms,fill,classification,naive,5,2996948,428554,2026-08-19T14:40:31.383Z,500,428554,79348,0.1851528629,0.5,0.6437657356,0.1730061311,0.8148471371,pooled,,,,,,,,
fill_500ms,fill,classification,linear,5,2996948,428554,2026-08-19T14:40:31.383Z,500,428554,79348,0.1851528629,0.8366331454,0.3690995541,0.1098534041,0.8549167666,pooled,,,,,,,,
fill_500ms,fill,classification,lightgbm,5,2996948,428554,2026-08-19T14:40:31.383Z,500,428554,79348,0.1851528629,0.8448616249,0.3531728611,0.1055114852,0.8607456703,pooled,,,,,,,,
fill_500ms,fill,classification,naive,6,3425502,428458,2026-08-19T20:37:39.066Z,500,428438,73394,0.1713059999,0.5,0.5437748995,0.1554910485,0.8286940001,pooled,,,,,,,,
fill_500ms,fill,classification,linear,6,3425502,428458,2026-08-19T20:37:39.066Z,500,428438,73394,0.1713059999,0.8149887642,0.361160726,0.1091617524,0.8544293457,pooled,,,,,,,,
fill_500ms,fill,classification,lightgbm,6,3425502,428458,2026-08-19T20:37:39.066Z,500,428438,73394,0.1713059999,0.8236287729,0.3545042528,0.1058938257,0.8611374341,pooled,,,,,,,,
fill_500ms,fill,classification,naive,7,3853940,428510,2026-08-20T02:34:46.750Z,500,428500,47747,0.111428238,0.5,0.3621733673,0.1009044921,0.888571762,pooled,,,,,,,,
fill_500ms,fill,classification,linear,7,3853940,428510,2026-08-20T02:34:46.750Z,500,428500,47747,0.111428238,0.8580992789,0.2445738797,0.06967828526,0.9106417736,pooled,,,,,,,,
fill_500ms,fill,classification,lightgbm,7,3853940,428510,2026-08-20T02:34:46.750Z,500,428500,47747,0.111428238,0.8671866997,0.2354667517,0.06666830711,0.9146487748,pooled,,,,,,,,
fill_500ms,fill,classification,naive,8,4282440,428504,2026-08-20T08:31:54.433Z,500,428494,97689,0.2279821888,0.5,0.6570482563,0.2002723759,0.7720178112,pooled,,,,,,,,
fill_500ms,fill,classification,linear,8,4282440,428504,2026-08-20T08:31:54.433Z,500,428494,97689,0.2279821888,0.8021225917,0.423629046,0.1328892023,0.8179227714,pooled,,,,,,,,
fill_500ms,fill,classification,lightgbm,8,4282440,428504,2026-08-20T08:31:54.433Z,500,428494,97689,0.2279821888,0.8143758295,0.4063489466,0.1270264515,0.8267140263,pooled,,,,,,,,
fill_500ms,fill,classification,naive,9,4710934,428552,2026-08-20T14:29:02.116Z,500,428544,77294,0.18036421,0.5,0.515768371,0.1566676087,0.81963579,pooled,,,,,,,,
fill_500ms,fill,classification,linear,9,4710934,428552,2026-08-20T14:29:02.116Z,500,428544,77294,0.18036421,0.8162292483,0.3615531428,0.1103168455,0.8522415435,pooled,,,,,,,,
fill_500ms,fill,classification,lightgbm,9,4710934,428552,2026-08-20T14:29:02.116Z,500,428544,77294,0.18036421,0.8241520039,0.3507347313,0.1064801096,0.8582479279,pooled,,,,,,,,
fill_1000ms,fill,classification,naive,0,854222,428554,2026-08-18T08:54:52.966Z,1000,428554,32743,0.07640344041,0.5,0.2757739609,0.07121667278,0.9235965596,pooled,,,,,,,,
fill_1000ms,fill,classification,linear,0,854222,428554,2026-08-18T08:54:52.966Z,1000,428554,32743,0.07640344041,0.8707201744,0.1923696742,0.05375597211,0.9327669325,pooled,,,,,,,,
fill_1000ms,fill,classification,lightgbm,0,854222,428554,2026-08-18T08:54:52.966Z,1000,428554,32743,0.07640344041,0.8624429107,0.1950645938,0.05384017885,0.9328462691,pooled,,,,,,,,
fill_1000ms,fill,classification,naive,1,1282776,428554,2026-08-18T14:52:00.649Z,1000,428554,25695,0.05995743827,0.5,0.2268545913,0.05636301337,0.9400425617,pooled,,,,,,,,
fill_1000ms,fill,classification,linear,1,1282776,428554,2026-08-18T14:52:00.649Z,1000,428554,25695,0.05995743827,0.8528369983,0.1695060337,0.04535296498,0.9450500987,pooled,,,,,,,,
fill_1000ms,fill,classification,lightgbm,1,1282776,428554,2026-08-18T14:52:00.649Z,1000,428554,25695,0.05995743827,0.8561986158,0.1676829718,0.04499759224,0.9458387974,pooled,,,,,,,,
fill_1000ms,fill,classification,naive,2,1711330,428554,2026-08-18T20:49:08.333Z,1000,428554,18719,0.04367944296,0.5,0.1819268133,0.04202283616,0.956320557,pooled,,,,,,,,
fill_1000ms,fill,classification,linear,2,1711330,428554,2026-08-18T20:49:08.333Z,1000,428554,18719,0.04367944296,0.8412370129,0.1409736113,0.03602569932,0.9580729616,pooled,,,,,,,,
fill_1000ms,fill,classification,lightgbm,2,1711330,428554,2026-08-18T20:49:08.333Z,1000,428554,18719,0.04367944296,0.8352848869,0.1406684924,0.03511224485,0.9599607051,pooled,,,,,,,,
fill_1000ms,fill,classification,naive,3,2139884,428500,2026-08-19T02:46:16.016Z,1000,428480,17355,0.04050364078,0.5,0.1721499116,0.03911459613,0.9594963592,pooled,,,,,,,,
fill_1000ms,fill,classification,linear,3,2139884,428500,2026-08-19T02:46:16.016Z,1000,428480,17355,0.04050364078,0.8450314642,0.1307964423,0.03305670486,0.961629481,pooled,,,,,,,,
fill_1000ms,fill,classification,lightgbm,3,2139884,428500,2026-08-19T02:46:16.016Z,1000,428480,17355,0.04050364078,0.8510328123,0.1282165686,0.03235997626,0.962707711,pooled,,,,,,,,
fill_1000ms,fill,classification,naive,4,2568366,428554,2026-08-19T08:43:23.700Z,1000,428554,44636,0.1041549023,0.5,0.3540499845,0.09585425203,0.8958450977,pooled,,,,,,,,
fill_1000ms,fill,classification,linear,4,2568366,428554,2026-08-19T08:43:23.700Z,1000,428554,44636,0.1041549023,0.8714281481,0.239605723,0.06979939085,0.9103590213,pooled,,,,,,,,
fill_1000ms,fill,classification,lightgbm,4,2568366,428554,2026-08-19T08:43:23.700Z,1000,428554,44636,0.1041549023,0.8846644851,0.2233039848,0.06614803008,0.9128907909,pooled,,,,,,,,
fill_1000ms,fill,classification,naive,5,2996918,428554,2026-08-19T14:40:31.383Z,1000,428554,115048,0.2684562506,0.5,0.7973893876,0.2394834778,0.7315437494,pooled,,,,,,,,
fill_1000ms,fill,classification,linear,5,2996918,428554,2026-08-19T14:40:31.383Z,1000,428554,115048,0.2684562506,0.8091591946,0.4683854391,0.1460688231,0.8011195789,pooled,,,,,,,,
fill_1000ms,fill,classification,lightgbm,5,2996918,428554,2026-08-19T14:40:31.383Z,1000,428554,115048,0.2684562506,0.8131984869,0.4693866924,0.1473220025,0.8001512061,pooled,,,,,,,,
fill_1000ms,fill,classification,naive,6,3425472,428458,2026-08-19T20:37:39.066Z,1000,428418,110239,0.2573164526,0.5,0.6962959332,0.2201710962,0.7426835474,pooled,,,,,,,,
fill_1000ms,fill,classification,linear,6,3425472,428458,2026-08-19T20:37:39.066Z,1000,428418,110239,0.2573164526,0.786446685,0.4704767402,0.1493414215,0.7927748134,pooled,,,,,,,,
fill_1000ms,fill,classification,lightgbm,6,3425472,428458,2026-08-19T20:37:39.066Z,1000,428418,110239,0.2573164526,0.7922827072,0.4743995468,0.1494362822,0.7947425178,pooled,,,,,,,,
fill_1000ms,fill,classification,naive,7,3853890,428510,2026-08-20T02:34:46.750Z,1000,428490,73075,0.1705407361,0.5,0.4758299763,0.1456490168,0.8294592639,pooled,,,,,,,,
fill_1000ms,fill,classification,linear,7,3853890,428510,2026-08-20T02:34:46.750Z,1000,428490,73075,0.1705407361,0.8286998534,0.3384957246,0.1015247134,0.8663469393,pooled,,,,,,,,
fill_1000ms,fill,classification,lightgbm,7,3853890,428510,2026-08-20T02:34:46.750Z,1000,428490,73075,0.1705407361,0.8357059563,0.3322644732,0.09916099598,0.8694905365,pooled,,,,,,,,
fill_1000ms,fill,classification,naive,8,4282380,428504,2026-08-20T08:31:54.433Z,1000,428484,144523,0.3372891403,0.5,0.8167228827,0.2741990266,0.6627108597,pooled,,,,,,,,
fill_1000ms,fill,classification,linear,8,4282380,428504,2026-08-20T08:31:54.433Z,1000,428484,144523,0.3372891403,0.777529846,0.5247752056,0.1730648831,0.7498202967,pooled,,,,,,,,
fill_1000ms,fill,classification,lightgbm,8,4282380,428504,2026-08-20T08:31:54.433Z,1000,428484,144523,0.3372891403,0.7871812232,0.50988576,0.1679541008,0.7572418107,pooled,,,,,,,,
fill_1000ms,fill,classification,naive,9,4710864,428552,2026-08-20T14:29:02.116Z,1000,428534,116277,0.2713366967,0.5,0.6518106503,0.2169473944,0.7286633033,pooled,,,,,,,,
fill_1000ms,fill,classification,linear,9,4710864,428552,2026-08-20T14:29:02.116Z,1000,428534,116277,0.2713366967,0.7865951458,0.4702775654,0.1517070757,0.7856762824,pooled,,,,,,,,
fill_1000ms,fill,classification,lightgbm,9,4710864,428552,2026-08-20T14:29:02.116Z,1000,428534,116277,0.2713366967,0.791862745,0.4632002775,0.1492847039,0.7903130207,pooled,,,,,,,,
fill_5000ms,fill,classification,naive,0,854062,428554,2026-08-18T08:54:52.966Z,5000,428554,92175,0.2150837467,0.5,0.5248503923,0.17012951,0.7849162533,pooled,,,,,,,,
fill_5000ms,fill,classification,linear,0,854062,428554,2026-08-18T08:54:52.966Z,5000,428554,92175,0.2150837467,0.8149387001,0.401288218,0.1262018591,0.825335897,pooled,,,,,,,,
fill_5000ms,fill,classification,lightgbm,0,854062,428554,2026-08-18T08:54:52.966Z,5000,428554,92175,0.2150837467,0.7835042578,0.4275112901,0.1325792524,0.8193949887,pooled,,,,,,,,
fill_5000ms,fill,classification,naive,1,1282616,428554,2026-08-18T14:52:00.649Z,5000,428554,83506,0.1948552574,0.5,0.4932423775,0.1569038608,0.8051447426,pooled,,,,,,,,
fill_5000ms,fill,classification,linear,1,1282616,428554,2026-08-18T14:52:00.649Z,5000,428554,83506,0.1948552574,0.7925248698,0.3992417646,0.124303738,0.8297204086,pooled,,,,,,,,
fill_5000ms,fill,classification,lightgbm,1,1282616,428554,2026-08-18T14:52:00.649Z,5000,428554,83506,0.1948552574,0.7922102433,0.4084763799,0.128231062,0.82229544,pooled,,,,,,,,
fill_5000ms,fill,classification,naive,2,1711170,428554,2026-08-18T20:49:08.333Z,5000,428554,67795,0.1581947666,0.5,0.440510488,0.134306032,0.8418052334,pooled,,,,,,,,
fill_5000ms,fill,classification,linear,2,1711170,428554,2026-08-18T20:49:08.333Z,5000,428554,67795,0.1581947666,0.7926292892,0.3587053727,0.1092724016,0.8514959608,pooled,,,,,,,,
fill_5000ms,fill,classification,lightgbm,2,1711170,428554,2026-08-18T20:49:08.333Z,5000,428554,67795,0.1581947666,0.7632996424,0.3821731983,0.1147099652,0.8526673418,pooled,,,,,,,,
fill_5000ms,fill,classification,naive,3,2139724,428500,2026-08-19T02:46:16.016Z,5000,428400,63093,0.1472759104,0.5,0.4229957613,0.1270218312,0.8527240896,pooled,,,,,,,,
fill_5000ms,fill,classification,linear,3,2139724,428500,2026-08-19T02:46:16.016Z,5000,428400,63093,0.1472759104,0.7978921891,0.3372931211,0.101397723,0.8649929972,pooled,,,,,,,,
fill_5000ms,fill,classification,lightgbm,3,2139724,428500,2026-08-19T02:46:16.016Z,5000,428400,63093,0.1472759104,0.7890398716,0.342872818,0.1030705704,0.8645798319,pooled,,,,,,,,
fill_5000ms,fill,classification,naive,4,2568126,428554,2026-08-19T08:43:23.700Z,5000,428554,112395,0.2622656655,0.5,0.5968372975,0.2004562459,0.7377343345,pooled,,,,,,,,
fill_5000ms,fill,classification,linear,4,2568126,428554,2026-08-19T08:43:23.700Z,5000,428554,112395,0.2622656655,0.8418700134,0.4254967129,0.1367180207,0.8029279857,pooled,,,,,,,,
fill_5000ms,fill,classification,lightgbm,4,2568126,428554,2026-08-19T08:43:23.700Z,5000,428554,112395,0.2622656655,0.8589609747,0.3969308839,0.1272123343,0.812737718,pooled,,,,,,,,
fill_5000ms,fill,classification,naive,5,2996678,428554,2026-08-19T14:40:31.383Z,5000,428554,233548,0.5449674953,0.5,0.9994616533,0.3735274813,0.4550325047,pooled,,,,,,,,
fill_5000ms,fill,classification,linear,5,2996678,428554,2026-08-19T14:40:31.383Z,5000,428554,233548,0.5449674953,0.7477192509,0.6187649562,0.2101584291,0.6776602248,pooled,,,,,,,,
fill_5000ms,fill,classification,lightgbm,5,2996678,428554,2026-08-19T14:40:31.383Z,5000,428554,233548,0.5449674953,0.7520899764,0.6445298362,0.223235899,0.6550026368,pooled,,,,,,,,
fill_5000ms,fill,classification,naive,6,3425232,428458,2026-08-19T20:37:39.066Z,5000,428258,237110,0.5536615778,0.5,0.9214252921,0.3486888067,0.4463384222,pooled,,,,,,,,
fill_5000ms,fill,classification,linear,6,3425232,428458,2026-08-19T20:37:39.066Z,5000,428258,237110,0.5536615778,0.7293502281,0.6315210067,0.2183977737,0.6612649384,pooled,,,,,,,,
fill_5000ms,fill,classification,lightgbm,6,3425232,428458,2026-08-19T20:37:39.066Z,5000,428258,237110,0.5536615778,0.7283633626,0.6555669069,0.2261937319,0.6527980797,pooled,,,,,,,,
fill_5000ms,fill,classification,naive,7,3853490,428510,2026-08-20T02:34:46.750Z,5000,428410,179754,0.4195840433,0.5,0.7317483767,0.2657942397,0.5804159567,pooled,,,,,,,,
fill_5000ms,fill,classification,linear,7,3853490,428510,2026-08-20T02:34:46.750Z,5000,428410,179754,0.4195840433,0.7673691706,0.5641096474,0.1894590269,0.7205480731,pooled,,,,,,,,
fill_5000ms,fill,classification,lightgbm,7,3853490,428510,2026-08-20T02:34:46.750Z,5000,428410,179754,0.4195840433,0.7714397058,0.5657554379,0.1891272737,0.7224504563,pooled,,,,,,,,
fill_5000ms,fill,classification,naive,8,4281900,428504,2026-08-20T08:31:54.433Z,5000,428404,278753,0.6506778648,0.5,0.9335152234,0.3608343839,0.3493221352,pooled,,,,,,,,
fill_5000ms,fill,classification,linear,8,4281900,428504,2026-08-20T08:31:54.433Z,5000,428404,278753,0.6506778648,0.7274602941,0.578901606,0.1982934722,0.6859833242,pooled,,,,,,,,
fill_5000ms,fill,classification,lightgbm,8,4281900,428504,2026-08-20T08:31:54.433Z,5000,428404,278753,0.6506778648,0.734266005,0.5704891097,0.1962574229,0.6875542712,pooled,,,,,,,,
fill_5000ms,fill,classification,naive,9,4710304,428552,2026-08-20T14:29:02.116Z,5000,428454,245761,0.5735994996,0.5,0.8198145181,0.3096733644,0.4264005004,pooled,,,,,,,,
fill_5000ms,fill,classification,linear,9,4710304,428552,2026-08-20T14:29:02.116Z,5000,428454,245761,0.5735994996,0.7323887353,0.5996230263,0.2068288077,0.6704336988,pooled,,,,,,,,
fill_5000ms,fill,classification,lightgbm,9,4710304,428552,2026-08-20T14:29:02.116Z,5000,428454,245761,0.5735994996,0.7317581458,0.5974893034,0.2073515644,0.6647318032,pooled,,,,,,,,
through_given_fill,fill_mechanism,classification,naive,0,420035,428554,2026-08-18T08:54:52.966Z,30000,215207,171288,0.7959220657,0.5,0.5106981648,0.1640970441,0.7959220657,pooled,,,,,,,,
through_given_fill,fill_mechanism,classification,linear,0,420035,428554,2026-08-18T08:54:52.966Z,30000,215207,171288,0.7959220657,0.8021929105,0.4086294894,0.1298952265,0.8128824806,pooled,,,,,,,,
through_given_fill,fill_mechanism,classification,lightgbm,0,420035,428554,2026-08-18T08:54:52.966Z,30000,215207,171288,0.7959220657,0.7885538713,0.4213868281,0.1340414791,0.8118509156,pooled,,,,,,,,
through_given_fill,fill_mechanism,classification,naive,1,635062,428554,2026-08-18T14:52:00.649Z,30000,213631,178046,0.8334277329,0.5,0.4629795796,0.1429709324,0.8334277329,pooled,,,,,,,,
through_given_fill,fill_mechanism,classification,linear,1,635062,428554,2026-08-18T14:52:00.649Z,30000,213631,178046,0.8334277329,0.8167441188,0.3590591269,0.1107663263,0.8467965791,pooled,,,,,,,,
through_given_fill,fill_mechanism,classification,lightgbm,1,635062,428554,2026-08-18T14:52:00.649Z,30000,213631,178046,0.8334277329,0.8085678076,0.359329478,0.1108973517,0.8476531964,pooled,,,,,,,,
through_given_fill,fill_mechanism,classification,naive,2,848711,428554,2026-08-18T20:49:08.333Z,30000,190382,150346,0.7897070101,0.5,0.5144027877,0.1660893714,0.7897070101,pooled,,,,,,,,
through_given_fill,fill_mechanism,classification,linear,2,848711,428554,2026-08-18T20:49:08.333Z,30000,190382,150346,0.7897070101,0.7758888692,0.432454947,0.1395684049,0.8004012984,pooled,,,,,,,,
through_given_fill,fill_mechanism,classification,lightgbm,2,848711,428554,2026-08-18T20:49:08.333Z,30000,190382,150346,0.7897070101,0.7536957371,0.4637740208,0.1468612003,0.7952695108,pooled,,,,,,,,
through_given_fill,fill_mechanism,classification,naive,3,1039248,428500,2026-08-19T02:46:16.016Z,30000,191560,149065,0.7781634997,0.5,0.5294132355,0.1726897491,0.7781634997,pooled,,,,,,,,
through_given_fill,fill_mechanism,classification,linear,3,1039248,428500,2026-08-19T02:46:16.016Z,30000,191560,149065,0.7781634997,0.7452111693,0.4637710227,0.1510460407,0.7860409271,pooled,,,,,,,,
through_given_fill,fill_mechanism,classification,lightgbm,3,1039248,428500,2026-08-19T02:46:16.016Z,30000,191560,149065,0.7781634997,0.7309091457,0.4824213615,0.1555762516,0.7830496972,pooled,,,,,,,,
through_given_fill,fill_mechanism,classification,naive,4,1230781,428554,2026-08-19T08:43:23.700Z,30000,224077,178795,0.7979176801,0.5,0.5037921841,0.1614169148,0.7979176801,pooled,,,,,,,,
through_given_fill,fill_mechanism,classification,linear,4,1230781,428554,2026-08-19T08:43:23.700Z,30000,224077,178795,0.7979176801,0.7756421204,0.4249107639,0.1356743585,0.8112211427,pooled,,,,,,,,
through_given_fill,fill_mechanism,classification,lightgbm,4,1230781,428554,2026-08-19T08:43:23.700Z,30000,224077,178795,0.7979176801,0.7729367442,0.429299167,0.1373291565,0.8067628538,pooled,,,,,,,,
through_given_fill,fill_mechanism,classification,naive,5,1454487,428554,2026-08-19T14:40:31.383Z,30000,347983,280525,0.8061457025,0.5,0.4929078084,0.1566499533,0.8061457025,pooled,,,,,,,,
through_given_fill,fill_mechanism,classification,linear,5,1454487,428554,2026-08-19T14:40:31.383Z,30000,347983,280525,0.8061457025,0.7525393759,0.4337366484,0.1372481793,0.8099246228,pooled,,,,,,,,
through_given_fill,fill_mechanism,classification,lightgbm,5,1454487,428554,2026-08-19T14:40:31.383Z,30000,347983,280525,0.8061457025,0.761060946,0.4239929224,0.1347870756,0.8146777285,pooled,,,,,,,,
through_given_fill,fill_mechanism,classification,naive,6,1802470,428458,2026-08-19T20:37:39.066Z,30000,349399,288135,0.8246589143,0.5,0.4679268558,0.1457615846,0.8246589143,pooled,,,,,,,,
through_given_fill,fill_mechanism,classification,linear,6,1802470,428458,2026-08-19T20:37:39.066Z,30000,349399,288135,0.8246589143,0.8224134711,0.3666860693,0.1142355838,0.8389176844,pooled,,,,,,,,
through_given_fill,fill_mechanism,classification,lightgbm,6,1802470,428458,2026-08-19T20:37:39.066Z,30000,349399,288135,0.8246589143,0.8370814888,0.3592129647,0.1136434558,0.8361844195,pooled,,,,,,,,
through_given_fill,fill_mechanism,classification,naive,7,2152011,428510,2026-08-20T02:34:46.750Z,30000,316540,244837,0.7734788652,0.5,0.5365716089,0.1757203124,0.7734788652,pooled,,,,,,,,
through_given_fill,fill_mechanism,classification,linear,7,2152011,428510,2026-08-20T02:34:46.750Z,30000,316540,244837,0.7734788652,0.8032941401,0.428586021,0.1391383345,0.7959499589,pooled,,,,,,,,
through_given_fill,fill_mechanism,classification,lightgbm,7,2152011,428510,2026-08-20T02:34:46.750Z,30000,316540,244837,0.7734788652,0.81117971,0.4183380468,0.1371249079,0.7981297782,pooled,,,,,,,,
through_given_fill,fill_mechanism,classification,naive,8,2468303,428504,2026-08-20T08:31:54.433Z,30000,367122,274517,0.7477541526,0.5,0.5707856858,0.1906851224,0.7477541526,pooled,,,,,,,,
through_given_fill,fill_mechanism,classification,linear,8,2468303,428504,2026-08-20T08:31:54.433Z,30000,367122,274517,0.7477541526,0.7666685523,0.483564233,0.158575929,0.7620818148,pooled,,,,,,,,
through_given_fill,fill_mechanism,classification,lightgbm,8,2468303,428504,2026-08-20T08:31:54.433Z,30000,367122,274517,0.7477541526,0.7931693623,0.4562219152,0.1506250717,0.7726668519,pooled,,,,,,,,
through_given_fill,fill_mechanism,classification,naive,9,2835372,428552,2026-08-20T14:29:02.116Z,30000,354231,269495,0.7607888638,0.5,0.5522065923,0.1826915718,0.7607888638,pooled,,,,,,,,
through_given_fill,fill_mechanism,classification,linear,9,2835372,428552,2026-08-20T14:29:02.116Z,30000,354231,269495,0.7607888638,0.7807478668,0.4581538989,0.1493397199,0.7775688745,pooled,,,,,,,,
through_given_fill,fill_mechanism,classification,lightgbm,9,2835372,428552,2026-08-20T14:29:02.116Z,30000,354231,269495,0.7607888638,0.8040083788,0.4364327403,0.1428801517,0.7877966638,pooled,,,,,,,,
markout_1000ms,adverse,regression,naive,0,420035,428554,2026-08-18T08:54:52.966Z,1000,215207,,,,,,,pooled,-46.22852881,-36.5,33.69131348,23,55.52612175,,0.902298717,-0.07568487865
markout_1000ms,adverse,regression,linear,0,420035,428554,2026-08-18T08:54:52.966Z,1000,215207,,,,,,,pooled,-46.22852881,-36.5,33.3876428,24.37704086,53.34140023,0.1982083624,0.9020385025,0.00729729457
markout_1000ms,adverse,regression,lightgbm,0,420035,428554,2026-08-18T08:54:52.966Z,1000,215207,,,,,,,pooled,-46.22852881,-36.5,33.59549371,21.80354502,55.26844416,0.137282998,0.9022336634,-0.0657242792
markout_1000ms,adverse,regression,naive,1,635062,428554,2026-08-18T14:52:00.649Z,1000,213631,,,,,,,pooled,-44.54393089,-34.5,29.61195707,21,44.1679143,,0.9272249814,-0.06669181557
markout_1000ms,adverse,regression,linear,1,635062,428554,2026-08-18T14:52:00.649Z,1000,213631,,,,,,,pooled,-44.54393089,-34.5,30.72213828,25.56448364,42.24276502,0.2154177557,0.9271875336,0.02426955811
markout_1000ms,adverse,regression,lightgbm,1,635062,428554,2026-08-18T14:52:00.649Z,1000,213631,,,,,,,pooled,-44.54393089,-34.5,31.05409124,25.56912606,42.55381713,0.1928629042,0.9272249814,0.009847186806
markout_1000ms,adverse,regression,naive,2,848711,428554,2026-08-18T20:49:08.333Z,1000,190382,,,,,,,pooled,-46.18202351,-36.5,31.23297896,22,45.95995415,,0.9123709174,-0.0824161243
markout_1000ms,adverse,regression,linear,2,848711,428554,2026-08-18T20:49:08.333Z,1000,190382,,,,,,,pooled,-46.18202351,-36.5,31.27491185,24.05384254,43.49214049,0.2136470733,0.9123551596,0.03070350097
markout_1000ms,adverse,regression,lightgbm,2,848711,428554,2026-08-18T20:49:08.333Z,1000,190382,,,,,,,pooled,-46.18202351,-36.5,30.95179678,20.66048801,45.92845598,0.1775313704,0.9122973811,-0.08093298777
markout_1000ms,adverse,regression,naive,3,1039248,428500,2026-08-19T02:46:16.016Z,1000,191560,,,,,,,pooled,-37.15265713,-28.5,27.08965859,21,38.30034594,,0.8909584464,-0.004819978555
markout_1000ms,adverse,regression,linear,3,1039248,428500,2026-08-19T02:46:16.016Z,1000,191560,,,,,,,pooled,-37.15265713,-28.5,29.6669065,26.29087067,38.27132414,0.2447061096,0.8909532261,-0.003297766312
markout_1000ms,adverse,regression,lightgbm,3,1039248,428500,2026-08-19T02:46:16.016Z,1000,191560,,,,,,,pooled,-37.15265713,-28.5,26.68937664,19.77856459,37.79998655,0.2003008306,0.8908905826,0.02126265672
markout_1000ms,adverse,regression,naive,4,1230781,428554,2026-08-19T08:43:23.700Z,1000,224077,,,,,,,pooled,-49.16735319,-35.5,39.56492411,26,63.30125981,,0.8912784445,-0.0652560161
markout_1000ms,adverse,regression,linear,4,1230781,428554,2026-08-19T08:43:23.700Z,1000,224077,,,,,,,pooled,-49.16735319,-35.5,38.87402386,27.39740753,60.43203371,0.2682826342,0.891269519,0.02912412745
markout_1000ms,adverse,regression,lightgbm,4,1230781,428554,2026-08-19T08:43:23.700Z,1000,224077,,,,,,,pooled,-49.16735319,-35.5,37.73222237,23.61845406,61.25177758,0.2849169848,0.8910820834,0.002606157765
markout_1000ms,adverse,regression,naive,5,1454487,428554,2026-08-19T14:40:31.383Z,1000,347983,,,,,,,pooled,-64.31605567,-51.5,72.67181874,35,172.1490687,,0.8497599021,-0.03310465475
markout_1000ms,adverse,regression,linear,5,1454487,428554,2026-08-19T14:40:31.383Z,1000,347983,,,,,,,pooled,-64.31605567,-51.5,70.05091299,38.60982513,170.0861271,0.1300962091,0.8497254176,-0.00849267348
markout_1000ms,adverse,regression,lightgbm,5,1454487,428554,2026-08-19T14:40:31.383Z,1000,347983,,,,,,,pooled,-64.31605567,-51.5,71.44021689,37.53512834,171.3332489,0.1440027656,0.8497599021,-0.0233360259
markout_1000ms,adverse,regression,naive,6,1802470,428458,2026-08-19T20:37:39.066Z,1000,349261,,,,,,,pooled,-66.26981255,-51.5,64.44058312,36,109.6902481,,0.8727398708,-0.08540973533
markout_1000ms,adverse,regression,linear,6,1802470,428458,2026-08-19T20:37:39.066Z,1000,349261,,,,,,,pooled,-66.26981255,-51.5,62.49025357,39.41052246,106.2766846,0.1028465929,0.8713827195,-0.01890494716
markout_1000ms,adverse,regression,lightgbm,6,1802470,428458,2026-08-19T20:37:39.066Z,1000,349261,,,,,,,pooled,-66.26981255,-51.5,62.56501227,36.21944523,107.5461522,0.1381638061,0.8727856818,-0.04339182295
markout_1000ms,adverse,regression,naive,7,2151873,428510,2026-08-20T02:34:46.750Z,1000,316540,,,,,,,pooled,-57.74642225,-44.5,50.97480729,33,88.08314206,,0.8764737474,-0.0557808007
markout_1000ms,adverse,regression,linear,7,2151873,428510,2026-08-20T02:34:46.750Z,1000,316540,,,,,,,pooled,-57.74642225,-44.5,50.37433459,33.03322029,86.23751823,0.1316883397,0.8758640298,-0.01200035143
markout_1000ms,adverse,regression,lightgbm,7,2151873,428510,2026-08-20T02:34:46.750Z,1000,316540,,,,,,,pooled,-57.74642225,-44.5,50.62267367,29.70913308,88.02853438,0.1449125302,0.8764484741,-0.0544721311
markout_1000ms,adverse,regression,naive,8,2468165,428504,2026-08-20T08:31:54.433Z,1000,367122,,,,,,,pooled,-65.46876243,-51.5,71.7098485,39,108.5557519,,0.8165459983,-0.06577839416
markout_1000ms,adverse,regression,linear,8,2468165,428504,2026-08-20T08:31:54.433Z,1000,367122,,,,,,,pooled,-65.46876243,-51.5,70.37882444,45.80792999,105.5626766,0.108490008,0.8156743535,-0.007817787082
markout_1000ms,adverse,regression,lightgbm,8,2468165,428504,2026-08-20T08:31:54.433Z,1000,367122,,,,,,,pooled,-65.46876243,-51.5,69.98253288,43.00059368,106.2291827,0.1443142523,0.8165432744,-0.02058436899
markout_1000ms,adverse,regression,naive,9,2835234,428552,2026-08-20T14:29:02.116Z,1000,354213,,,,,,,pooled,-66.63909145,-56.5,63.71010381,40,92.56377384,,0.8468859133,-0.09404689027
markout_1000ms,adverse,regression,linear,9,2835234,428552,2026-08-20T14:29:02.116Z,1000,354213,,,,,,,pooled,-66.63909145,-56.5,62.06103079,43.92144775,88.86822892,0.08260796174,0.8464172687,-0.008432609763
markout_1000ms,adverse,regression,lightgbm,9,2835234,428552,2026-08-20T14:29:02.116Z,1000,354213,,,,,,,pooled,-66.63909145,-56.5,61.98975224,41.12852755,90.23243624,0.1013413785,0.8469056754,-0.03963094411
good_fill_1s,adverse,classification,naive,0,420035,428554,2026-08-18T08:54:52.966Z,1000,215207,21026,0.09770128295,0.5,0.3200085142,0.0881567755,0.902298717,pooled,,,,,,,,
good_fill_1s,adverse,classification,linear,0,420035,428554,2026-08-18T08:54:52.966Z,1000,215207,21026,0.09770128295,0.7095012342,0.3017165392,0.08458876947,0.9016853541,pooled,,,,,,,,
good_fill_1s,adverse,classification,lightgbm,0,420035,428554,2026-08-18T08:54:52.966Z,1000,215207,21026,0.09770128295,0.7117709451,0.3196736015,0.08676700727,0.8994781768,pooled,,,,,,,,
good_fill_1s,adverse,classification,naive,1,635062,428554,2026-08-18T14:52:00.649Z,1000,213631,15547,0.07277501861,0.5,0.2643998559,0.06806657979,0.9272249814,pooled,,,,,,,,
good_fill_1s,adverse,classification,linear,1,635062,428554,2026-08-18T14:52:00.649Z,1000,213631,15547,0.07277501861,0.7544041831,0.2335698559,0.06327695381,0.9269628472,pooled,,,,,,,,
good_fill_1s,adverse,classification,lightgbm,1,635062,428554,2026-08-18T14:52:00.649Z,1000,213631,15547,0.07277501861,0.7169177427,0.2507682814,0.06605437325,0.9269347613,pooled,,,,,,,,
good_fill_1s,adverse,classification,naive,2,848711,428554,2026-08-18T20:49:08.333Z,1000,190382,16683,0.08762908258,0.5,0.2970874139,0.07996161577,0.9123709174,pooled,,,,,,,,
good_fill_1s,adverse,classification,linear,2,848711,428554,2026-08-18T20:49:08.333Z,1000,190382,16683,0.08762908258,0.7149692831,0.2745827896,0.07697327167,0.9118193947,pooled,,,,,,,,
good_fill_1s,adverse,classification,lightgbm,2,848711,428554,2026-08-18T20:49:08.333Z,1000,190382,16683,0.08762908258,0.6836193621,0.3063078619,0.08304551424,0.9012459161,pooled,,,,,,,,
good_fill_1s,adverse,classification,naive,3,1039248,428500,2026-08-19T02:46:16.016Z,1000,191560,20888,0.1090415536,0.5,0.3465276849,0.09750335581,0.8909584464,pooled,,,,,,,,
good_fill_1s,adverse,classification,linear,3,1039248,428500,2026-08-19T02:46:16.016Z,1000,191560,20888,0.1090415536,0.7157974809,0.3215876786,0.09316105761,0.8909375653,pooled,,,,,,,,
good_fill_1s,adverse,classification,lightgbm,3,1039248,428500,2026-08-19T02:46:16.016Z,1000,191560,20888,0.1090415536,0.6921822677,0.3469657047,0.0960069396,0.890405095,pooled,,,,,,,,
good_fill_1s,adverse,classification,naive,4,1230781,428554,2026-08-19T08:43:23.700Z,1000,224077,24362,0.1087215555,0.5,0.3451826406,0.09714020433,0.8912784445,pooled,,,,,,,,
good_fill_1s,adverse,classification,linear,4,1230781,428554,2026-08-19T08:43:23.700Z,1000,224077,24362,0.1087215555,0.6672329763,0.3352934758,0.09460591526,0.8900601133,pooled,,,,,,,,
good_fill_1s,adverse,classification,lightgbm,4,1230781,428554,2026-08-19T08:43:23.700Z,1000,224077,24362,0.1087215555,0.6742477635,0.3406046396,0.09514585031,0.8902252351,pooled,,,,,,,,
good_fill_1s,adverse,classification,naive,5,1454487,428554,2026-08-19T14:40:31.383Z,1000,347983,52281,0.1502400979,0.5,0.4380605252,0.1306488165,0.8497599021,pooled,,,,,,,,
good_fill_1s,adverse,classification,linear,5,1454487,428554,2026-08-19T14:40:31.383Z,1000,347983,52281,0.1502400979,0.6581416599,0.4185025396,0.1276760949,0.838601311,pooled,,,,,,,,
good_fill_1s,adverse,classification,lightgbm,5,1454487,428554,2026-08-19T14:40:31.383Z,1000,347983,52281,0.1502400979,0.6597972573,0.4046295304,0.1230145776,0.8490357288,pooled,,,,,,,,
good_fill_1s,adverse,classification,naive,6,1802470,428458,2026-08-19T20:37:39.066Z,1000,349261,44447,0.1272601292,0.5,0.3833638603,0.1115097411,0.8727398708,pooled,,,,,,,,
good_fill_1s,adverse,classification,linear,6,1802470,428458,2026-08-19T20:37:39.066Z,1000,349261,44447,0.1272601292,0.6611203581,0.3665464718,0.1081415193,0.8711737068,pooled,,,,,,,,
good_fill_1s,adverse,classification,lightgbm,6,1802470,428458,2026-08-19T20:37:39.066Z,1000,349261,44447,0.1272601292,0.6631948438,0.3665092925,0.1076096693,0.8718866406,pooled,,,,,,,,
good_fill_1s,adverse,classification,naive,7,2151873,428510,2026-08-20T02:34:46.750Z,1000,316540,39101,0.1235262526,0.5,0.3748484387,0.1084608796,0.8764737474,pooled,,,,,,,,
good_fill_1s,adverse,classification,linear,7,2151873,428510,2026-08-20T02:34:46.750Z,1000,316540,39101,0.1235262526,0.7017102038,0.3479596579,0.1027644981,0.8746414355,pooled,,,,,,,,
good_fill_1s,adverse,classification,lightgbm,7,2151873,428510,2026-08-20T02:34:46.750Z,1000,316540,39101,0.1235262526,0.6971624856,0.3492824729,0.1022605064,0.8763157895,pooled,,,,,,,,
good_fill_1s,adverse,classification,naive,8,2468165,428504,2026-08-20T08:31:54.433Z,1000,367122,67350,0.1834540017,0.5,0.4990824619,0.1549960507,0.8165459983,pooled,,,,,,,,
good_fill_1s,adverse,classification,linear,8,2468165,428504,2026-08-20T08:31:54.433Z,1000,367122,67350,0.1834540017,0.618080156,0.4686497897,0.1478177744,0.8137158765,pooled,,,,,,,,
good_fill_1s,adverse,classification,lightgbm,8,2468165,428504,2026-08-20T08:31:54.433Z,1000,367122,67350,0.1834540017,0.630886145,0.4610138384,0.1448589872,0.8167257751,pooled,,,,,,,,
good_fill_1s,adverse,classification,naive,9,2835234,428552,2026-08-20T14:29:02.116Z,1000,354213,54235,0.1531140867,0.5,0.4327023239,0.1307243316,0.8468859133,pooled,,,,,,,,
good_fill_1s,adverse,classification,linear,9,2835234,428552,2026-08-20T14:29:02.116Z,1000,354213,54235,0.1531140867,0.6372946613,0.4153105044,0.1267541449,0.8454263395,pooled,,,,,,,,
good_fill_1s,adverse,classification,lightgbm,9,2835234,428552,2026-08-20T14:29:02.116Z,1000,354213,54235,0.1531140867,0.6477149376,0.4119614271,0.1253889926,0.846950846,pooled,,,,,,,,
fill_1000ms_bid_only,fill,classification,naive,0,427111,428554,2026-08-18T08:54:52.966Z,1000,214277,15667,0.07311564004,0.5,0.2657096453,0.06822015074,0.92688436,bid,,,,,,,,
fill_1000ms_bid_only,fill,classification,linear,0,427111,428554,2026-08-18T08:54:52.966Z,1000,214277,15667,0.07311564004,0.8631743854,0.1890060963,0.05210799191,0.9355927141,bid,,,,,,,,
fill_1000ms_bid_only,fill,classification,lightgbm,0,427111,428554,2026-08-18T08:54:52.966Z,1000,214277,15667,0.07311564004,0.8566006442,0.1928919088,0.05287427841,0.9350233576,bid,,,,,,,,
fill_1000ms_bid_only,fill,classification,naive,1,641388,428554,2026-08-18T14:52:00.649Z,1000,214277,13121,0.06123382351,0.5,0.2303993283,0.05748988553,0.9387661765,bid,,,,,,,,
fill_1000ms_bid_only,fill,classification,linear,1,641388,428554,2026-08-18T14:52:00.649Z,1000,214277,13121,0.06123382351,0.8497291042,0.1725261576,0.04620235417,0.9438577169,bid,,,,,,,,
fill_1000ms_bid_only,fill,classification,lightgbm,1,641388,428554,2026-08-18T14:52:00.649Z,1000,214277,13121,0.06123382351,0.8527198647,0.1706212608,0.04586365493,0.9444130728,bid,,,,,,,,
fill_1000ms_bid_only,fill,classification,naive,2,855665,428554,2026-08-18T20:49:08.333Z,1000,214277,9401,0.04387311751,0.5,0.1824619841,0.04219352445,0.9561268825,bid,,,,,,,,
fill_1000ms_bid_only,fill,classification,linear,2,855665,428554,2026-08-18T20:49:08.333Z,1000,214277,9401,0.04387311751,0.8308492895,0.1446185901,0.03680477787,0.9578116177,bid,,,,,,,,
fill_1000ms_bid_only,fill,classification,lightgbm,2,855665,428554,2026-08-18T20:49:08.333Z,1000,214277,9401,0.04387311751,0.8228658941,0.1450510794,0.03590885232,0.9595150203,bid,,,,,,,,
fill_1000ms_bid_only,fill,classification,naive,3,1069942,428500,2026-08-19T02:46:16.016Z,1000,214240,8662,0.04043129201,0.5,0.1719627159,0.03905217783,0.959568708,bid,,,,,,,,
fill_1000ms_bid_only,fill,classification,linear,3,1069942,428500,2026-08-19T02:46:16.016Z,1000,214240,8662,0.04043129201,0.8337163668,0.1341198999,0.03370020691,0.9612724048,bid,,,,,,,,
fill_1000ms_bid_only,fill,classification,lightgbm,3,1069942,428500,2026-08-19T02:46:16.016Z,1000,214240,8662,0.04043129201,0.8286186118,0.1339337248,0.0333260772,0.9622106049,bid,,,,,,,,
fill_1000ms_bid_only,fill,classification,naive,4,1284183,428554,2026-08-19T08:43:23.700Z,1000,214277,22203,0.1036182138,0.5,0.3524583289,0.09536993684,0.8963817862,bid,,,,,,,,
fill_1000ms_bid_only,fill,classification,linear,4,1284183,428554,2026-08-19T08:43:23.700Z,1000,214277,22203,0.1036182138,0.8779720104,0.2342201495,0.06837521167,0.9118104136,bid,,,,,,,,
fill_1000ms_bid_only,fill,classification,lightgbm,4,1284183,428554,2026-08-19T08:43:23.700Z,1000,214277,22203,0.1036182138,0.8872240192,0.2198186973,0.06478992216,0.9146711966,bid,,,,,,,,
fill_1000ms_bid_only,fill,classification,naive,5,1498459,428554,2026-08-19T14:40:31.383Z,1000,214277,55859,0.2606859346,0.5,0.7764164091,0.2326920514,0.7393140654,bid,,,,,,,,
fill_1000ms_bid_only,fill,classification,linear,5,1498459,428554,2026-08-19T14:40:31.383Z,1000,214277,55859,0.2606859346,0.8081128853,0.4672813075,0.1448410703,0.8041320347,bid,,,,,,,,
fill_1000ms_bid_only,fill,classification,lightgbm,5,1498459,428554,2026-08-19T14:40:31.383Z,1000,214277,55859,0.2606859346,0.8129913395,0.4616639671,0.1441011587,0.80532675,bid,,,,,,,,
fill_1000ms_bid_only,fill,classification,naive,6,1712736,428458,2026-08-19T20:37:39.066Z,1000,214209,55619,0.2596482874,0.5,0.7041228683,0.2224670211,0.7403517126,bid,,,,,,,,
fill_1000ms_bid_only,fill,classification,linear,6,1712736,428458,2026-08-19T20:37:39.066Z,1000,214209,55619,0.2596482874,0.7897660039,0.4676407394,0.1486508399,0.7942009906,bid,,,,,,,,
fill_1000ms_bid_only,fill,classification,lightgbm,6,1712736,428458,2026-08-19T20:37:39.066Z,1000,214209,55619,0.2596482874,0.7935229139,0.4745455464,0.1491508713,0.795918939,bid,,,,,,,,
fill_1000ms_bid_only,fill,classification,naive,7,1926945,428510,2026-08-20T02:34:46.750Z,1000,214245,39415,0.1839716213,0.5,0.5050210049,0.1563368886,0.8160283787,bid,,,,,,,,
fill_1000ms_bid_only,fill,classification,linear,7,1926945,428510,2026-08-20T02:34:46.750Z,1000,214245,39415,0.1839716213,0.8346043388,0.3492481622,0.1060637647,0.8588531821,bid,,,,,,,,
fill_1000ms_bid_only,fill,classification,lightgbm,7,1926945,428510,2026-08-20T02:34:46.750Z,1000,214245,39415,0.1839716213,0.840208057,0.3433549433,0.1036491846,0.8628019324,bid,,,,,,,,
fill_1000ms_bid_only,fill,classification,naive,8,2141190,428504,2026-08-20T08:31:54.433Z,1000,214242,74946,0.3498193632,0.5,0.8408653225,0.2835626978,0.6501806368,bid,,,,,,,,
fill_1000ms_bid_only,fill,classification,linear,8,2141190,428504,2026-08-20T08:31:54.433Z,1000,214242,74946,0.3498193632,0.7870235013,0.5228476093,0.1725469772,0.7495449072,bid,,,,,,,,
fill_1000ms_bid_only,fill,classification,lightgbm,8,2141190,428504,2026-08-20T08:31:54.433Z,1000,214242,74946,0.3498193632,0.7951871977,0.5087848565,0.1681057596,0.7554961212,bid,,,,,,,,
fill_1000ms_bid_only,fill,classification,naive,9,2355432,428552,2026-08-20T14:29:02.116Z,1000,214267,57867,0.2700695861,0.5,0.6473013321,0.2155235061,0.7299304139,bid,,,,,,,,
fill_1000ms_bid_only,fill,classification,linear,9,2355432,428552,2026-08-20T14:29:02.116Z,1000,214267,57867,0.2700695861,0.792779792,0.4657008363,0.1502133762,0.7868873882,bid,,,,,,,,
fill_1000ms_bid_only,fill,classification,lightgbm,9,2355432,428552,2026-08-20T14:29:02.116Z,1000,214267,57867,0.2700695861,0.7979594569,0.4581389457,0.1473827116,0.79366398,bid,,,,,,,,
markout_1000ms_bid_only,adverse,regression,naive,0,215932,428554,2026-08-18T08:54:52.966Z,1000,107318,,,,,,,bid,-45.18789951,-35.5,33.72402579,24,53.5558662,,0.8982556514,-0.08133258582
markout_1000ms_bid_only,adverse,regression,linear,0,215932,428554,2026-08-18T08:54:52.966Z,1000,107318,,,,,,,bid,-45.18789951,-35.5,33.75420566,25.20481491,51.81966168,0.1657463757,0.8976779291,-0.01235851773
markout_1000ms_bid_only,adverse,regression,lightgbm,0,215932,428554,2026-08-18T08:54:52.966Z,1000,107318,,,,,,,bid,-45.18789951,-35.5,34.0777332,23.05435242,53.83814607,0.102662716,0.8976127024,-0.09276150512
markout_1000ms_bid_only,adverse,regression,naive,1,323058,428554,2026-08-18T14:52:00.649Z,1000,110883,,,,,,,bid,-45.46840814,-35.5,31.58459818,23,47.46548492,,0.92669751,-0.09481540101
markout_1000ms_bid_only,adverse,regression,linear,1,323058,428554,2026-08-18T14:52:00.649Z,1000,110883,,,,,,,bid,-45.46840814,-35.5,31.35727824,24.95763397,44.81504891,0.238592119,0.9265983063,0.02403823582
markout_1000ms_bid_only,adverse,regression,lightgbm,1,323058,428554,2026-08-18T14:52:00.649Z,1000,110883,,,,,,,bid,-45.46840814,-35.5,33.19662948,28.3138983,45.14877529,0.2225566519,0.92669751,0.009448632132
markout_1000ms_bid_only,adverse,regression,naive,2,434086,428554,2026-08-18T20:49:08.333Z,1000,97947,,,,,,,bid,-47.50052069,-38.5,31.25083974,23,45.34046382,,0.9320448814,-0.1229095177
markout_1000ms_bid_only,adverse,regression,linear,2,434086,428554,2026-08-18T20:49:08.333Z,1000,97947,,,,,,,bid,-47.50052069,-38.5,31.02582737,23.90184593,42.56153073,0.1947950562,0.9320346718,0.01051930886
markout_1000ms_bid_only,adverse,regression,lightgbm,2,434086,428554,2026-08-18T20:49:08.333Z,1000,97947,,,,,,,bid,-47.50052069,-38.5,31.09175595,22.4777612,44.4154283,0.1436083157,0.9320448814,-0.0775577492
markout_1000ms_bid_only,adverse,regression,naive,3,532374,428500,2026-08-19T02:46:16.016Z,1000,99558,,,,,,,bid,-38.09979108,-30.5,26.6542317,20,39.57313186,,0.8984913317,-0.01369565967
markout_1000ms_bid_only,adverse,regression,linear,3,532374,428500,2026-08-19T02:46:16.016Z,1000,99558,,,,,,,bid,-38.09979108,-30.5,29.83945995,25.2573452,39.53892666,0.2516231216,0.8984812873,-0.01194403303
markout_1000ms_bid_only,adverse,regression,lightgbm,3,532374,428500,2026-08-19T02:46:16.016Z,1000,99558,,,,,,,bid,-38.09979108,-30.5,27.4162345,19.85516086,39.60665198,0.1868856107,0.8982803994,-0.01541367358
markout_1000ms_bid_only,adverse,regression,naive,4,631904,428554,2026-08-19T08:43:23.700Z,1000,110280,,,,,,,bid,-45.82284186,-35.5,38.75371781,26,61.90491923,,0.8762241567,-0.0485668043
markout_1000ms_bid_only,adverse,regression,linear,4,631904,428554,2026-08-19T08:43:23.700Z,1000,110280,,,,,,,bid,-45.82284186,-35.5,38.60934098,27.39074707,59.80058348,0.238817834,0.8762332245,0.02150947415
markout_1000ms_bid_only,adverse,regression,lightgbm,4,631904,428554,2026-08-19T08:43:23.700Z,1000,110280,,,,,,,bid,-45.82284186,-35.5,37.05300015,22.87013271,59.98987823,0.2575568572,0.8757707653,0.01530497688
markout_1000ms_bid_only,adverse,regression,naive,5,741755,428554,2026-08-19T14:40:31.383Z,1000,169533,,,,,,,bid,-65.69251414,-52.5,73.80167578,38,142.9443961,,0.8491444144,-0.0534294855
markout_1000ms_bid_only,adverse,regression,linear,5,741755,428554,2026-08-19T14:40:31.383Z,1000,169533,,,,,,,bid,-65.69251414,-52.5,71.52620631,39.71754456,140.5072278,0.09630197843,0.8491149216,-0.01781426243
markout_1000ms_bid_only,adverse,regression,lightgbm,5,741755,428554,2026-08-19T14:40:31.383Z,1000,169533,,,,,,,bid,-65.69251414,-52.5,72.9172296,39.11470714,142.2132404,0.09690512877,0.8491444144,-0.04268053536
markout_1000ms_bid_only,adverse,regression,naive,6,911191,428458,2026-08-19T20:37:39.066Z,1000,175644,,,,,,,bid,-63.85807087,-51.5,62.2224101,36,100.8133212,,0.8716665528,-0.08592453021
markout_1000ms_bid_only,adverse,regression,linear,6,911191,428458,2026-08-19T20:37:39.066Z,1000,175644,,,,,,,bid,-63.85807087,-51.5,60.16774809,38.47883797,97.75630569,0.1116303317,0.8709093393,-0.02106493207
markout_1000ms_bid_only,adverse,regression,lightgbm,6,911191,428458,2026-08-19T20:37:39.066Z,1000,175644,,,,,,,bid,-63.85807087,-51.5,61.05925822,36.33137727,99.24529303,0.08555335229,0.8715583794,-0.05240677677
markout_1000ms_bid_only,adverse,regression,naive,7,1087031,428510,2026-08-20T02:34:46.750Z,1000,162938,,,,,,,bid,-50.00269428,-40.5,45.12657575,31,74.83307319,,0.8741238999,-0.02871542943
markout_1000ms_bid_only,adverse,regression,linear,7,1087031,428510,2026-08-20T02:34:46.750Z,1000,162938,,,,,,,bid,-50.00269428,-40.5,45.04529849,31.14177036,73.57149559,0.160526082,0.8739213689,0.005677512888
markout_1000ms_bid_only,adverse,regression,lightgbm,7,1087031,428510,2026-08-20T02:34:46.750Z,1000,162938,,,,,,,bid,-50.00269428,-40.5,44.89865592,28.12068751,74.92152036,0.1517993659,0.8736329156,-0.03114859798
markout_1000ms_bid_only,adverse,regression,naive,8,1249755,428504,2026-08-20T08:31:54.433Z,1000,183919,,,,,,,bid,-62.63802544,-49.5,69.86974973,38,104.400024,,0.8108188931,-0.06154601679
markout_1000ms_bid_only,adverse,regression,linear,8,1249755,428504,2026-08-20T08:31:54.433Z,1000,183919,,,,,,,bid,-62.63802544,-49.5,68.65926032,44.35823059,101.8630921,0.1165799008,0.8103132357,-0.01058148953
markout_1000ms_bid_only,adverse,regression,lightgbm,8,1249755,428504,2026-08-20T08:31:54.433Z,1000,183919,,,,,,,bid,-62.63802544,-49.5,68.43921558,41.37885133,102.6950939,0.1380296012,0.8107971444,-0.02715745162
markout_1000ms_bid_only,adverse,regression,naive,9,1433676,428552,2026-08-20T14:29:02.116Z,1000,174026,,,,,,,bid,-66.35962442,-55.5,64.82110144,39,94.7124781,,0.842609725,-0.09471939792
markout_1000ms_bid_only,adverse,regression,linear,9,1433676,428552,2026-08-20T14:29:02.116Z,1000,174026,,,,,,,bid,-66.35962442,-55.5,62.93894058,43.35978699,90.89851271,0.1014118326,0.8424947996,-0.008328328368
markout_1000ms_bid_only,adverse,regression,lightgbm,9,1433676,428552,2026-08-20T14:29:02.116Z,1000,174026,,,,,,,bid,-66.35962442,-55.5,63.53947378,40.88128937,93.13070074,0.07414192504,0.842609725,-0.05845928128
fill_1000ms_ask_only,fill,classification,naive,0,427111,428554,2026-08-18T08:54:52.966Z,1000,214277,17076,0.07969124078,0.5,0.2860046683,0.07422832149,0.9203087592,ask,,,,,,,,
fill_1000ms_ask_only,fill,classification,linear,0,427111,428554,2026-08-18T08:54:52.966Z,1000,214277,17076,0.07969124078,0.8761915209,0.1964191458,0.05554917064,0.929745143,ask,,,,,,,,
fill_1000ms_ask_only,fill,classification,lightgbm,0,427111,428554,2026-08-18T08:54:52.966Z,1000,214277,17076,0.07969124078,0.8521019686,0.2092701453,0.05731995387,0.9290591151,ask,,,,,,,,
fill_1000ms_ask_only,fill,classification,naive,1,641388,428554,2026-08-18T14:52:00.649Z,1000,214277,12574,0.05868105303,0.5,0.2233319124,0.05523859733,0.941318947,ask,,,,,,,,
fill_1000ms_ask_only,fill,classification,linear,1,641388,428554,2026-08-18T14:52:00.649Z,1000,214277,12574,0.05868105303,0.8556471981,0.1667184976,0.0445740942,0.9462471474,ask,,,,,,,,
fill_1000ms_ask_only,fill,classification,lightgbm,1,641388,428554,2026-08-18T14:52:00.649Z,1000,214277,12574,0.05868105303,0.8567268052,0.1657910752,0.04448013291,0.9467745022,ask,,,,,,,,
fill_1000ms_ask_only,fill,classification,naive,2,855665,428554,2026-08-18T20:49:08.333Z,1000,214277,9318,0.04348576842,0.5,0.1813916263,0.04185214608,0.9565142316,ask,,,,,,,,
fill_1000ms_ask_only,fill,classification,linear,2,855665,428554,2026-08-18T20:49:08.333Z,1000,214277,9318,0.04348576842,0.8502971337,0.1373701715,0.03524717337,0.9585116461,ask,,,,,,,,
fill_1000ms_ask_only,fill,classification,lightgbm,2,855665,428554,2026-08-18T20:49:08.333Z,1000,214277,9318,0.04348576842,0.8390350226,0.1446560575,0.03496013168,0.9601123779,ask,,,,,,,,
fill_1000ms_ask_only,fill,classification,naive,3,1069942,428500,2026-08-19T02:46:16.016Z,1000,214240,8693,0.04057598954,0.5,0.1723373013,0.03917703671,0.9594240105,ask,,,,,,,,
fill_1000ms_ask_only,fill,classification,linear,3,1069942,428500,2026-08-19T02:46:16.016Z,1000,214240,8693,0.04057598954,0.8541017634,0.1278340592,0.03247549077,0.9619025392,ask,,,,,,,,
fill_1000ms_ask_only,fill,classification,lightgbm,3,1069942,428500,2026-08-19T02:46:16.016Z,1000,214240,8693,0.04057598954,0.8589154996,0.1264956973,0.03221038475,0.9628267364,ask,,,,,,,,
fill_1000ms_ask_only,fill,classification,naive,4,1284183,428554,2026-08-19T08:43:23.700Z,1000,214277,22433,0.1046915908,0.5,0.3556428533,0.09633868558,0.8953084092,ask,,,,,,,,
fill_1000ms_ask_only,fill,classification,linear,4,1284183,428554,2026-08-19T08:43:23.700Z,1000,214277,22433,0.1046915908,0.8651247489,0.245334422,0.07137259459,0.9085249467,ask,,,,,,,,
fill_1000ms_ask_only,fill,classification,lightgbm,4,1284183,428554,2026-08-19T08:43:23.700Z,1000,214277,22433,0.1046915908,0.8796869955,0.2287141521,0.06802937058,0.9097943316,ask,,,,,,,,
fill_1000ms_ask_only,fill,classification,naive,5,1498459,428554,2026-08-19T14:40:31.383Z,1000,214277,59189,0.2762265665,0.5,0.8183403682,0.2462723458,0.7237734335,ask,,,,,,,,
fill_1000ms_ask_only,fill,classification,linear,5,1498459,428554,2026-08-19T14:40:31.383Z,1000,214277,59189,0.2762265665,0.8096047188,0.4704946264,0.1475342615,0.7980137859,ask,,,,,,,,
fill_1000ms_ask_only,fill,classification,lightgbm,5,1498459,428554,2026-08-19T14:40:31.383Z,1000,214277,59189,0.2762265665,0.8113767955,0.479620784,0.1509005399,0.7949289938,ask,,,,,,,,
fill_1000ms_ask_only,fill,classification,naive,6,1712736,428458,2026-08-19T20:37:39.066Z,1000,214209,54620,0.2549846178,0.5,0.6885712856,0.2178873649,0.7450153822,ask,,,,,,,,
fill_1000ms_ask_only,fill,classification,linear,6,1712736,428458,2026-08-19T20:37:39.066Z,1000,214209,54620,0.2549846178,0.7830311195,0.4730631285,0.1499748203,0.7910778725,ask,,,,,,,,
fill_1000ms_ask_only,fill,classification,lightgbm,6,1712736,428458,2026-08-19T20:37:39.066Z,1000,214209,54620,0.2549846178,0.7890301124,0.4738327901,0.148907571,0.794896573,ask,,,,,,,,
fill_1000ms_ask_only,fill,classification,naive,7,1926945,428510,2026-08-20T02:34:46.750Z,1000,214245,33660,0.1571098509,0.5,0.4468239865,0.134995727,0.8428901491,ask,,,,,,,,
fill_1000ms_ask_only,fill,classification,linear,7,1926945,428510,2026-08-20T02:34:46.750Z,1000,214245,33660,0.1571098509,0.8208043003,0.3280081697,0.0971127487,0.8731872389,ask,,,,,,,,
fill_1000ms_ask_only,fill,classification,lightgbm,7,1926945,428510,2026-08-20T02:34:46.750Z,1000,214245,33660,0.1571098509,0.8262335287,0.3224063349,0.09484381108,0.8769772924,ask,,,,,,,,
fill_1000ms_ask_only,fill,classification,naive,8,2141190,428504,2026-08-20T08:31:54.433Z,1000,214242,69577,0.3247589175,0.5,0.7924075583,0.2647989535,0.6752410825,ask,,,,,,,,
fill_1000ms_ask_only,fill,classification,linear,8,2141190,428504,2026-08-20T08:31:54.433Z,1000,214242,69577,0.3247589175,0.7670946944,0.5269825048,0.173494965,0.75053911,ask,,,,,,,,
fill_1000ms_ask_only,fill,classification,lightgbm,8,2141190,428504,2026-08-20T08:31:54.433Z,1000,214242,69577,0.3247589175,0.775704172,0.5139709567,0.1687842154,0.7575638764,ask,,,,,,,,
fill_1000ms_ask_only,fill,classification,naive,9,2355432,428552,2026-08-20T14:29:02.116Z,1000,214267,58410,0.2726038074,0.5,0.6564131621,0.2183869524,0.7273961926,ask,,,,,,,,
fill_1000ms_ask_only,fill,classification,linear,9,2355432,428552,2026-08-20T14:29:02.116Z,1000,214267,58410,0.2726038074,0.7804764979,0.4751975036,0.1533116182,0.7842458241,ask,,,,,,,,
fill_1000ms_ask_only,fill,classification,lightgbm,9,2355432,428552,2026-08-20T14:29:02.116Z,1000,214267,58410,0.2726038074,0.7843049691,0.4696730765,0.1514874618,0.7878114689,ask,,,,,,,,
markout_1000ms_ask_only,adverse,regression,naive,0,204103,428554,2026-08-18T08:54:52.966Z,1000,107889,,,,,,,ask,-47.2636506,-36.5,33.51492274,22,57.14983071,,0.9063203848,-0.06157253829
markout_1000ms_ask_only,adverse,regression,linear,0,204103,428554,2026-08-18T08:54:52.966Z,1000,107889,,,,,,,ask,-47.2636506,-36.5,33.15262741,23.30042648,55.16536455,0.2156728955,0.9061906218,0.01087138997
markout_1000ms_ask_only,adverse,regression,lightgbm,0,204103,428554,2026-08-18T08:54:52.966Z,1000,107889,,,,,,,ask,-47.2636506,-36.5,33.26374647,21.42780707,56.27597613,0.2166964578,0.9061813531,-0.02935659706
markout_1000ms_ask_only,adverse,regression,naive,1,312004,428554,2026-08-18T14:52:00.649Z,1000,102748,,,,,,,ask,-43.54625881,-34.5,27.60463464,19,40.76274421,,0.927794215,-0.05180183117
markout_1000ms_ask_only,adverse,regression,linear,1,312004,428554,2026-08-18T14:52:00.649Z,1000,102748,,,,,,,ask,-43.54625881,-34.5,30.39584908,25.96691132,39.78589104,0.179338587,0.9277552848,-0.001994350921
markout_1000ms_ask_only,adverse,regression,lightgbm,1,312004,428554,2026-08-18T14:52:00.649Z,1000,102748,,,,,,,ask,-43.54625881,-34.5,28.42860025,21.40646756,40.09636513,0.1221476592,0.927794215,-0.01769374078
markout_1000ms_ask_only,adverse,regression,naive,2,414625,428554,2026-08-18T20:49:08.333Z,1000,92435,,,,,,,ask,-44.7849029,-33.5,31.3521177,23,46.70557171,,0.8915237735,-0.05096243865
markout_1000ms_ask_only,adverse,regression,linear,2,414625,428554,2026-08-18T20:49:08.333Z,1000,92435,,,,,,,ask,-44.7849029,-33.5,31.48290624,23.92542648,44.41515333,0.2390368875,0.8915021366,0.04958749697
markout_1000ms_ask_only,adverse,regression,lightgbm,2,414625,428554,2026-08-18T20:49:08.333Z,1000,92435,,,,,,,ask,-44.7849029,-33.5,31.01846398,20.5696462,46.55639326,0.1714461167,0.891512955,-0.04425957392
markout_1000ms_ask_only,adverse,regression,naive,3,506874,428500,2026-08-19T02:46:16.016Z,1000,92002,,,,,,,ask,-36.12773635,-25.5,27.41184974,22,36.99368798,,0.8828068955,-0.001939788996
markout_1000ms_ask_only,adverse,regression,linear,3,506874,428500,2026-08-19T02:46:16.016Z,1000,92002,,,,,,,ask,-36.12773635,-25.5,29.70229086,27.20597649,37.04119718,0.1997356468,0.8827742875,-0.004514926899
markout_1000ms_ask_only,adverse,regression,lightgbm,3,506874,428500,2026-08-19T02:46:16.016Z,1000,92002,,,,,,,ask,-36.12773635,-25.5,27.33631957,21.01067634,36.83648395,0.1725475129,0.8825895089,0.006557569017
markout_1000ms_ask_only,adverse,regression,naive,4,598877,428554,2026-08-19T08:43:23.700Z,1000,113797,,,,,,,ask,-52.40849935,-37.5,40.38374913,26,64.8176654,,0.9058674658,-0.0930151143
markout_1000ms_ask_only,adverse,regression,linear,4,598877,428554,2026-08-19T08:43:23.700Z,1000,113797,,,,,,,ask,-52.40849935,-37.5,39.13915384,27.19985199,60.97883189,0.2887251513,0.9057883775,0.03261889631
markout_1000ms_ask_only,adverse,regression,lightgbm,4,598877,428554,2026-08-19T08:43:23.700Z,1000,113797,,,,,,,ask,-52.40849935,-37.5,38.67081278,24.51534437,62.29917631,0.2607994858,0.9058762533,-0.009727089145
markout_1000ms_ask_only,adverse,regression,naive,5,712732,428554,2026-08-19T14:40:31.383Z,1000,178450,,,,,,,ask,-63.0083777,-51.5,71.59841973,34,195.9022126,,0.8503446344,-0.02321555763
markout_1000ms_ask_only,adverse,regression,linear,5,712732,428554,2026-08-19T14:40:31.383Z,1000,178450,,,,,,,ask,-63.0083777,-51.5,68.88685614,37.81976318,194.1701233,0.1478469377,0.8501541048,-0.005201817218
markout_1000ms_ask_only,adverse,regression,lightgbm,5,712732,428554,2026-08-19T14:40:31.383Z,1000,178450,,,,,,,ask,-63.0083777,-51.5,70.03719511,36.41233092,195.1139312,0.1622995835,0.8503446344,-0.01499758985
markout_1000ms_ask_only,adverse,regression,naive,6,891279,428458,2026-08-19T20:37:39.066Z,1000,173617,,,,,,,ask,-68.70971161,-52.5,66.68465358,36,117.9931852,,0.8738257198,-0.08603177651
markout_1000ms_ask_only,adverse,regression,linear,6,891279,428458,2026-08-19T20:37:39.066Z,1000,173617,,,,,,,ask,-68.70971161,-52.5,65.39181887,40.68818283,114.0585325,0.08440464764,0.872259053,-0.01480883915
markout_1000ms_ask_only,adverse,regression,lightgbm,6,891279,428458,2026-08-19T20:37:39.066Z,1000,173617,,,,,,,ask,-68.70971161,-52.5,64.46893649,36.68791623,115.0318903,0.1640465269,0.873733563,-0.03220318764
markout_1000ms_ask_only,adverse,regression,naive,7,1064842,428510,2026-08-20T02:34:46.750Z,1000,153602,,,,,,,ask,-65.96081757,-49.5,57.17849702,36,100.2421807,,0.8789664197,-0.0876787556
markout_1000ms_ask_only,adverse,regression,linear,7,1064842,428510,2026-08-20T02:34:46.750Z,1000,153602,,,,,,,ask,-65.96081757,-49.5,56.45102155,35.33839989,99.03802506,0.08343376976,0.877677374,-0.06170430219
markout_1000ms_ask_only,adverse,regression,lightgbm,7,1064842,428510,2026-08-20T02:34:46.750Z,1000,153602,,,,,,,ask,-65.96081757,-49.5,57.08137917,32.36724012,100.2758314,0.1043446118,0.8788687647,-0.0884091326
markout_1000ms_ask_only,adverse,regression,naive,8,1218410,428504,2026-08-20T08:31:54.433Z,1000,183203,,,,,,,ask,-68.3105626,-53.5,73.70663963,40,112.7930181,,0.8222954864,-0.07509718065
markout_1000ms_ask_only,adverse,regression,linear,8,1218410,428504,2026-08-20T08:31:54.433Z,1000,183203,,,,,,,ask,-68.3105626,-53.5,72.81739902,47.76160049,109.8858849,0.0718350399,0.8209909226,-0.02039214788
markout_1000ms_ask_only,adverse,regression,lightgbm,8,1218410,428504,2026-08-20T08:31:54.433Z,1000,183203,,,,,,,ask,-68.3105626,-53.5,71.62194802,44.63416482,109.6316219,0.1420281182,0.8224701561,-0.01567547673
markout_1000ms_ask_only,adverse,regression,naive,9,1401558,428552,2026-08-20T14:29:02.116Z,1000,180187,,,,,,,ask,-66.90900287,-57.5,62.83689167,40,90.73179282,,0.851015889,-0.100421462
markout_1000ms_ask_only,adverse,regression,linear,9,1401558,428552,2026-08-20T14:29:02.116Z,1000,180187,,,,,,,ask,-66.90900287,-57.5,61.43508097,44.44033051,87.10108982,0.06320514934,0.8501945201,-0.0141150901
markout_1000ms_ask_only,adverse,regression,lightgbm,9,1401558,428552,2026-08-20T14:29:02.116Z,1000,180187,,,,,,,ask,-66.90900287,-57.5,60.99048701,41.63670874,87.89001998,0.09881193219,0.8511546338,-0.03256926414
