grouping,threshold,population,horizon_ms,observations,required_break_even_ticks,required_break_even_usd_per_btc,required_break_even_bps_one_way,required_break_even_bps_round_trip,magnitude_band,decile
threshold,,all,100,4285294,0,0,0,0,<1bp,
threshold,0.3,score_at_or_above,100,433209,7.447181262,0.7447181262,0.1069795205,0.05348976026,<1bp,
threshold,0.5,score_at_or_above,100,205444,16.08404237,1.608404237,0.2309395251,0.1154697626,<1bp,
threshold,0.7,score_at_or_above,100,102708,29.7630613,2.97630613,0.4275948789,0.2137974395,<1bp,
threshold,0.9,score_at_or_above,100,62716,40.75146693,4.075146693,0.5848247035,0.2924123517,<1bp,
decile,,,100,428530,-0.2366718783,-0.02366718783,-0.003661192918,-0.001830596459,<1bp,0
decile,,,100,428529,-0.2766312198,-0.02766312198,-0.004206877472,-0.002103438736,<1bp,1
decile,,,100,428529,-0.4185782493,-0.04185782493,-0.006226203596,-0.003113101798,<1bp,2
decile,,,100,428530,-0.6893010741,-0.06893010741,-0.01009454968,-0.00504727484,<1bp,3
decile,,,100,428529,-1.072424841,-0.1072424841,-0.01542879761,-0.007714398806,<1bp,4
decile,,,100,428529,-1.346618315,-0.1346618315,-0.01916116066,-0.00958058033,<1bp,5
decile,,,100,428530,-1.372647464,-0.1372647464,-0.01943917785,-0.009719588925,<1bp,6
decile,,,100,428529,-1.216506273,-0.1216506273,-0.01719982696,-0.00859991348,<1bp,7
decile,,,100,428529,-0.9012736624,-0.09012736624,-0.01276072832,-0.006380364158,<1bp,8
decile,,,100,428530,7.5306362,0.75306362,0.1081782764,0.05408913822,<1bp,9
threshold,,all,250,4285294,0,0,0,0,<1bp,
threshold,0.3,score_at_or_above,250,433209,12.38078706,1.238078706,0.1776516591,0.08882582956,<1bp,
threshold,0.5,score_at_or_above,250,205444,23.29960963,2.329960963,0.3344545145,0.1672272573,<1bp,
threshold,0.7,score_at_or_above,250,102708,38.93646551,3.893646551,0.5598273379,0.279913669,<1bp,
threshold,0.9,score_at_or_above,250,62716,51.59616366,5.159616366,0.7412543299,0.370627165,<1bp,
decile,,,250,428530,-0.7770611159,-0.07770611159,-0.01201885322,-0.006009426608,<1bp,0
decile,,,250,428529,-0.7131155957,-0.07131155957,-0.0108009515,-0.005400475751,<1bp,1
decile,,,250,428529,-0.9708898156,-0.09708898156,-0.01439350969,-0.007196754846,<1bp,2
decile,,,250,428530,-1.48482126,-0.148482126,-0.02166503007,-0.01083251504,<1bp,3
decile,,,250,428529,-2.226153139,-0.2226153139,-0.03189655093,-0.01594827547,<1bp,4
decile,,,250,428529,-2.581327811,-0.2581327811,-0.036558631,-0.0182793155,<1bp,5
decile,,,250,428530,-2.306315925,-0.2306315925,-0.03236898854,-0.01618449427,<1bp,6
decile,,,250,428529,-1.523197121,-0.1523197121,-0.02120356951,-0.01060178476,<1bp,7
decile,,,250,428529,0.08268245727,0.008268245727,0.001537004194,0.0007685020972,<1bp,8
decile,,,250,428530,12.50007934,1.250007934,0.1793673879,0.08968369397,<1bp,9
threshold,,all,500,4285294,0,0,0,0,<1bp,
threshold,0.3,score_at_or_above,500,433209,16.75627758,1.675627758,0.2402281032,0.1201140516,<1bp,
threshold,0.5,score_at_or_above,500,205444,28.14240864,2.814240864,0.4037782513,0.2018891257,<1bp,
threshold,0.7,score_at_or_above,500,102708,43.68666511,4.368666511,0.628202696,0.314101348,<1bp,
threshold,0.9,score_at_or_above,500,62716,56.40374067,5.640374067,0.8106235321,0.405311766,<1bp,
decile,,,500,428530,-1.653636852,-0.1653636852,-0.02557607182,-0.01278803591,<1bp,0
decile,,,500,428529,-1.384092755,-0.1384092755,-0.02093292715,-0.01046646357,<1bp,1
decile,,,500,428529,-1.712459512,-0.1712459512,-0.0253302081,-0.01266510405,<1bp,2
decile,,,500,428530,-2.501672014,-0.2501672014,-0.03636189029,-0.01818094515,<1bp,3
decile,,,500,428529,-3.673654267,-0.3673654267,-0.05243843029,-0.02621921514,<1bp,4
decile,,,500,428529,-3.934641629,-0.3934641629,-0.05542367205,-0.02771183602,<1bp,5
decile,,,500,428530,-3.091180321,-0.3091180321,-0.04297841646,-0.02148920823,<1bp,6
decile,,,500,428529,-1.1885599,-0.11885599,-0.01590343338,-0.007951716692,<1bp,7
decile,,,500,428529,2.253791547,0.2253791547,0.03285301868,0.01642650934,<1bp,8
decile,,,500,428530,16.88588287,1.688588287,0.242088915,0.1210444575,<1bp,9
threshold,,all,1000,4285294,0,0,0,0,<1bp,
threshold,0.3,score_at_or_above,1000,433209,21.23104731,2.123104731,0.3043223179,0.1521611589,<1bp,
threshold,0.5,score_at_or_above,1000,205444,32.23126816,3.223126816,0.4624761555,0.2312380778,<1bp,
threshold,0.7,score_at_or_above,1000,102708,47.41257887,4.741257887,0.68195296,0.34097648,<1bp,
threshold,0.9,score_at_or_above,1000,62716,60.47347398,6.047347398,0.8694903756,0.4347451878,<1bp,
decile,,,1000,428530,-3.205723053,-0.3205723053,-0.04958947502,-0.02479473751,<1bp,0
decile,,,1000,428529,-2.485700918,-0.2485700918,-0.03757643202,-0.01878821601,<1bp,1
decile,,,1000,428529,-2.898017833,-0.2898017833,-0.0428159702,-0.0214079851,<1bp,2
decile,,,1000,428530,-3.944900017,-0.3944900017,-0.05712954018,-0.02856477009,<1bp,3
decile,,,1000,428529,-5.538625347,-0.5538625347,-0.07872220077,-0.03936110038,<1bp,4
decile,,,1000,428529,-5.537528354,-0.5537528354,-0.07746764788,-0.03873382394,<1bp,5
decile,,,1000,428530,-3.647608735,-0.3647608735,-0.04999990319,-0.02499995159,<1bp,6
decile,,,1000,428529,0.001388522635,0.0001388522635,0.00185564624,0.0009278231202,<1bp,7
decile,,,1000,428529,5.896716327,0.5896716327,0.08527098892,0.04263549446,<1bp,8
decile,,,1000,428530,21.35998138,2.135998138,0.3061744816,0.1530872408,<1bp,9
