problem,model,bucket,observations,predicted,realised
next_move_matches_sweep_direction__obi,linear,0,34465,0.1783807576,0.1543014653
next_move_matches_sweep_direction__obi,linear,1,34465,0.2209296077,0.2598868417
next_move_matches_sweep_direction__obi,linear,2,34465,0.2859653234,0.341796025
next_move_matches_sweep_direction__obi,linear,3,34464,0.3682800829,0.4117920149
next_move_matches_sweep_direction__obi,linear,4,34465,0.4567271173,0.479007689
next_move_matches_sweep_direction__obi,linear,5,34465,0.5432729125,0.520992311
next_move_matches_sweep_direction__obi,linear,6,34464,0.6317198873,0.5882079851
next_move_matches_sweep_direction__obi,linear,7,34465,0.7140346766,0.658203975
next_move_matches_sweep_direction__obi,linear,8,34465,0.779070437,0.7401131583
next_move_matches_sweep_direction__obi,linear,9,34465,0.8216192722,0.8456985347
next_move_matches_sweep_direction__obi,lightgbm,0,34465,0.1262352723,0.1628028435
next_move_matches_sweep_direction__obi,lightgbm,1,34465,0.2237119553,0.2590163934
next_move_matches_sweep_direction__obi,lightgbm,2,34465,0.3125999719,0.3500942986
next_move_matches_sweep_direction__obi,lightgbm,3,34464,0.3900563092,0.411908078
next_move_matches_sweep_direction__obi,lightgbm,4,34468,0.4628383934,0.4712777069
next_move_matches_sweep_direction__obi,lightgbm,5,34462,0.5373875725,0.5291335384
next_move_matches_sweep_direction__obi,lightgbm,6,34478,0.6096211821,0.5876500957
next_move_matches_sweep_direction__obi,lightgbm,7,34460,0.6878594606,0.6515670342
next_move_matches_sweep_direction__obi,lightgbm,8,34458,0.7761084238,0.7406407801
next_move_matches_sweep_direction__obi,lightgbm,9,34463,0.8733845492,0.8359690102
next_move_matches_sweep_direction__sweep_only,linear,0,34465,0.4327935576,0.2695778326
next_move_matches_sweep_direction__sweep_only,linear,1,34465,0.4418938756,0.396460177
next_move_matches_sweep_direction__sweep_only,linear,2,34465,0.452286154,0.3839837516
next_move_matches_sweep_direction__sweep_only,linear,3,34464,0.4640387893,0.4178272981
next_move_matches_sweep_direction__sweep_only,linear,4,34465,0.4802902937,0.4590454084
next_move_matches_sweep_direction__sweep_only,linear,5,34465,0.5049418211,0.5051211374
next_move_matches_sweep_direction__sweep_only,linear,6,34464,0.5431935787,0.5613103528
next_move_matches_sweep_direction__sweep_only,linear,7,34465,0.6046625376,0.6139852024
next_move_matches_sweep_direction__sweep_only,linear,8,34465,0.7138735056,0.6533294647
next_move_matches_sweep_direction__sweep_only,linear,9,34465,0.9083837271,0.7393587698
next_move_matches_sweep_direction__sweep_only,lightgbm,0,34662,0.2993685632,0.2605735387
next_move_matches_sweep_direction__sweep_only,lightgbm,1,34396,0.4442168341,0.3711187347
next_move_matches_sweep_direction__sweep_only,lightgbm,2,34843,0.5070884708,0.3826593577
next_move_matches_sweep_direction__sweep_only,lightgbm,3,34305,0.5467390971,0.4350386241
next_move_matches_sweep_direction__sweep_only,lightgbm,4,34188,0.5834660482,0.4687317187
next_move_matches_sweep_direction__sweep_only,lightgbm,5,34806,0.6177387072,0.5218065851
next_move_matches_sweep_direction__sweep_only,lightgbm,6,34265,0.6491035842,0.57460966
next_move_matches_sweep_direction__sweep_only,lightgbm,7,34583,0.6770232487,0.6210855044
next_move_matches_sweep_direction__sweep_only,lightgbm,8,34627,0.7267385041,0.6396453634
next_move_matches_sweep_direction__sweep_only,lightgbm,9,33973,0.8315516513,0.7289906691
next_move_matches_sweep_direction__book_flow,linear,0,34465,0.1282983422,0.1517771652
next_move_matches_sweep_direction__book_flow,linear,1,34465,0.2293114513,0.2546061222
next_move_matches_sweep_direction__book_flow,linear,2,34465,0.3144591749,0.3415058755
next_move_matches_sweep_direction__book_flow,linear,3,34464,0.3938950002,0.410834494
next_move_matches_sweep_direction__book_flow,linear,4,34465,0.4659594595,0.4725083418
next_move_matches_sweep_direction__book_flow,linear,5,34465,0.5340613127,0.5274626433
next_move_matches_sweep_direction__book_flow,linear,6,34464,0.6061296463,0.5890784587
next_move_matches_sweep_direction__book_flow,linear,7,34465,0.6855665445,0.658726244
next_move_matches_sweep_direction__book_flow,linear,8,34465,0.7707138062,0.745306833
next_move_matches_sweep_direction__book_flow,linear,9,34465,0.8717235923,0.8481938198
next_move_matches_sweep_direction__book_flow,lightgbm,0,34465,0.1189082367,0.1559843319
next_move_matches_sweep_direction__book_flow,lightgbm,1,34465,0.227902807,0.262266067
next_move_matches_sweep_direction__book_flow,lightgbm,2,34465,0.3107734905,0.342260264
next_move_matches_sweep_direction__book_flow,lightgbm,3,34464,0.3894352475,0.41568013
next_move_matches_sweep_direction__book_flow,lightgbm,4,34465,0.4642089287,0.4730306108
next_move_matches_sweep_direction__book_flow,lightgbm,5,34465,0.5350682906,0.5275496881
next_move_matches_sweep_direction__book_flow,lightgbm,6,34464,0.6097006989,0.5849582173
next_move_matches_sweep_direction__book_flow,lightgbm,7,34465,0.6881397658,0.6575656463
next_move_matches_sweep_direction__book_flow,lightgbm,8,34465,0.7713084383,0.7377919629
next_move_matches_sweep_direction__book_flow,lightgbm,9,34465,0.8808494159,0.8429131002
next_move_matches_sweep_direction__book_flow_plus_sweep,linear,0,34465,0.1271272153,0.151370956
next_move_matches_sweep_direction__book_flow_plus_sweep,linear,1,34465,0.2266306579,0.2535325693
next_move_matches_sweep_direction__book_flow_plus_sweep,linear,2,34465,0.3101648092,0.3398810387
next_move_matches_sweep_direction__book_flow_plus_sweep,linear,3,34464,0.389867425,0.4112116992
next_move_matches_sweep_direction__book_flow_plus_sweep,linear,4,34465,0.4629038274,0.4695778326
next_move_matches_sweep_direction__book_flow_plus_sweep,linear,5,34465,0.5327888131,0.5282460467
next_move_matches_sweep_direction__book_flow_plus_sweep,linear,6,34464,0.6075512171,0.5872214485
next_move_matches_sweep_direction__book_flow_plus_sweep,linear,7,34465,0.691688776,0.6611054693
next_move_matches_sweep_direction__book_flow_plus_sweep,linear,8,34465,0.7797412872,0.7455099376
next_move_matches_sweep_direction__book_flow_plus_sweep,linear,9,34465,0.8841447234,0.8523429566
next_move_matches_sweep_direction__book_flow_plus_sweep,lightgbm,0,34465,0.1179331029,0.1549688089
next_move_matches_sweep_direction__book_flow_plus_sweep,lightgbm,1,34465,0.2297037907,0.2622370521
next_move_matches_sweep_direction__book_flow_plus_sweep,lightgbm,2,34465,0.3134499103,0.3415639054
next_move_matches_sweep_direction__book_flow_plus_sweep,lightgbm,3,34464,0.3920036933,0.4144324513
next_move_matches_sweep_direction__book_flow_plus_sweep,lightgbm,4,34465,0.4654124174,0.4735238648
next_move_matches_sweep_direction__book_flow_plus_sweep,lightgbm,5,34465,0.5353070682,0.5264181053
next_move_matches_sweep_direction__book_flow_plus_sweep,lightgbm,6,34464,0.6102173325,0.5826079387
next_move_matches_sweep_direction__book_flow_plus_sweep,lightgbm,7,34465,0.6897389794,0.6589293486
next_move_matches_sweep_direction__book_flow_plus_sweep,lightgbm,8,34465,0.7726438182,0.7379080226
next_move_matches_sweep_direction__book_flow_plus_sweep,lightgbm,9,34465,0.8889870491,0.8474104164
directional_sign_250ms__obi,linear,0,4826,0.02880322561,0.04351429755
directional_sign_250ms__obi,linear,1,4826,0.05773608387,0.06775797762
directional_sign_250ms__obi,linear,2,4825,0.08218615502,0.1170984456
directional_sign_250ms__obi,linear,3,4826,0.155815497,0.2297969333
directional_sign_250ms__obi,linear,4,4825,0.355617106,0.412642487
directional_sign_250ms__obi,linear,5,4826,0.6444092989,0.587443017
directional_sign_250ms__obi,linear,6,4825,0.8441995382,0.7701554404
directional_sign_250ms__obi,linear,7,4826,0.9178170562,0.8829258185
directional_sign_250ms__obi,linear,8,4825,0.942265749,0.9322279793
directional_sign_250ms__obi,linear,9,4826,0.9711967707,0.9564857024
directional_sign_250ms__obi,lightgbm,0,4826,0.01557371644,0.04848736013
directional_sign_250ms__obi,lightgbm,1,4826,0.04232452932,0.06382096975
directional_sign_250ms__obi,lightgbm,2,4825,0.08532598158,0.1208290155
directional_sign_250ms__obi,lightgbm,3,4827,0.197806702,0.2320281748
directional_sign_250ms__obi,lightgbm,4,4825,0.3865089257,0.4095336788
directional_sign_250ms__obi,lightgbm,5,4825,0.6128380527,0.5929533679
directional_sign_250ms__obi,lightgbm,6,4825,0.8015671013,0.7649740933
directional_sign_250ms__obi,lightgbm,7,4849,0.9152611276,0.8803877088
directional_sign_250ms__obi,lightgbm,8,4802,0.9577899531,0.9356518117
directional_sign_250ms__obi,lightgbm,9,4826,0.9841980546,0.9517198508
directional_sign_250ms__sweep_only,linear,0,4826,0.2605648935,0.06920845421
directional_sign_250ms__sweep_only,linear,1,4826,0.2813215852,0.1162453378
directional_sign_250ms__sweep_only,linear,2,4825,0.308778286,0.2221761658
directional_sign_250ms__sweep_only,linear,3,4826,0.3588037491,0.3711147949
directional_sign_250ms__sweep_only,linear,4,4825,0.4385057986,0.5255958549
directional_sign_250ms__sweep_only,linear,5,4826,0.5536537766,0.6081641111
directional_sign_250ms__sweep_only,linear,6,4825,0.6937607527,0.6795854922
directional_sign_250ms__sweep_only,linear,7,4826,0.8358014226,0.716742644
directional_sign_250ms__sweep_only,linear,8,4825,0.9313620329,0.8816580311
directional_sign_250ms__sweep_only,linear,9,4826,0.9932057261,0.8095731455
directional_sign_250ms__sweep_only,lightgbm,0,4854,0.1229232447,0.06324680676
directional_sign_250ms__sweep_only,lightgbm,1,4807,0.2550783001,0.123985854
directional_sign_250ms__sweep_only,lightgbm,2,4863,0.4040229784,0.2342175612
directional_sign_250ms__sweep_only,lightgbm,3,4827,0.5267116245,0.3863683447
directional_sign_250ms__sweep_only,lightgbm,4,4831,0.6159560266,0.5731732561
directional_sign_250ms__sweep_only,lightgbm,5,4820,0.6592949026,0.6085062241
directional_sign_250ms__sweep_only,lightgbm,6,4836,0.7113525608,0.6627377998
directional_sign_250ms__sweep_only,lightgbm,7,4768,0.8034063222,0.6696728188
directional_sign_250ms__sweep_only,lightgbm,8,5033,0.905285711,0.7846214981
directional_sign_250ms__sweep_only,lightgbm,9,4617,0.970593662,0.9036170674
directional_sign_250ms__book_flow,linear,0,4826,0.01328254305,0.03771239121
directional_sign_250ms__book_flow,linear,1,4826,0.04226297885,0.0615416494
directional_sign_250ms__book_flow,linear,2,4825,0.08176258206,0.118134715
directional_sign_250ms__book_flow,linear,3,4826,0.1647398323,0.2125984252
directional_sign_250ms__book_flow,linear,4,4825,0.3598484695,0.3888082902
directional_sign_250ms__book_flow,linear,5,4826,0.6402540207,0.6110650642
directional_sign_250ms__book_flow,linear,6,4825,0.8353162408,0.7875647668
directional_sign_250ms__book_flow,linear,7,4826,0.9182572961,0.8820969747
directional_sign_250ms__book_flow,linear,8,4825,0.9577490687,0.938238342
directional_sign_250ms__book_flow,linear,9,4826,0.9867232442,0.9622876088
directional_sign_250ms__book_flow,lightgbm,0,4826,0.01028647452,0.0167840862
directional_sign_250ms__book_flow,lightgbm,1,4826,0.03382888092,0.04620803978
directional_sign_250ms__book_flow,lightgbm,2,4825,0.08018355147,0.1023834197
directional_sign_250ms__book_flow,lightgbm,3,4826,0.1815828849,0.2206796519
directional_sign_250ms__book_flow,lightgbm,4,4825,0.3743410544,0.4008290155
directional_sign_250ms__book_flow,lightgbm,5,4826,0.6240200205,0.5911728139
directional_sign_250ms__book_flow,lightgbm,6,4825,0.8165509167,0.7861139896
directional_sign_250ms__book_flow,lightgbm,7,4826,0.9205919867,0.8970161625
directional_sign_250ms__book_flow,lightgbm,8,4825,0.9671678309,0.9568911917
directional_sign_250ms__book_flow,lightgbm,9,4826,0.9900477359,0.9819726482
directional_sign_250ms__book_flow_plus_sweep,linear,0,4826,0.01296719816,0.04102776627
directional_sign_250ms__book_flow_plus_sweep,linear,1,4826,0.03990718722,0.05200994613
directional_sign_250ms__book_flow_plus_sweep,linear,2,4825,0.07706856728,0.1131606218
directional_sign_250ms__book_flow_plus_sweep,linear,3,4826,0.1578494161,0.2051388313
directional_sign_250ms__book_flow_plus_sweep,linear,4,4825,0.3534334898,0.3842487047
directional_sign_250ms__book_flow_plus_sweep,linear,5,4826,0.6395100355,0.6077496892
directional_sign_250ms__book_flow_plus_sweep,linear,6,4825,0.8413787484,0.7869430052
directional_sign_250ms__book_flow_plus_sweep,linear,7,4826,0.9277228117,0.8912142561
directional_sign_250ms__book_flow_plus_sweep,linear,8,4825,0.9684399366,0.9517098446
directional_sign_250ms__book_flow_plus_sweep,linear,9,4826,0.9918856621,0.9668462495
directional_sign_250ms__book_flow_plus_sweep,lightgbm,0,4826,0.009802243431,0.01657687526
directional_sign_250ms__book_flow_plus_sweep,lightgbm,1,4826,0.03260941277,0.03999171156
directional_sign_250ms__book_flow_plus_sweep,lightgbm,2,4825,0.08215873168,0.1021761658
directional_sign_250ms__book_flow_plus_sweep,lightgbm,3,4826,0.1927958634,0.2157065893
directional_sign_250ms__book_flow_plus_sweep,lightgbm,4,4825,0.3902678063,0.3989637306
directional_sign_250ms__book_flow_plus_sweep,lightgbm,5,4826,0.6367553697,0.5955242437
directional_sign_250ms__book_flow_plus_sweep,lightgbm,6,4825,0.8281897505,0.7900518135
directional_sign_250ms__book_flow_plus_sweep,lightgbm,7,4826,0.9294723801,0.8974305843
directional_sign_250ms__book_flow_plus_sweep,lightgbm,8,4825,0.9711813878,0.9591709845
directional_sign_250ms__book_flow_plus_sweep,lightgbm,9,4826,0.9911387641,0.9844591794
directional_sign_500ms__obi,linear,0,7635,0.0438028127,0.07203667322
directional_sign_500ms__obi,linear,1,7635,0.08364510536,0.110805501
directional_sign_500ms__obi,linear,2,7635,0.1200637892,0.1799607073
directional_sign_500ms__obi,linear,3,7634,0.2090604752,0.2859575583
directional_sign_500ms__obi,linear,4,7635,0.387688756,0.4315651604
directional_sign_500ms__obi,linear,5,7635,0.6123113036,0.5684348396
directional_sign_500ms__obi,linear,6,7634,0.7909395099,0.7140424417
directional_sign_500ms__obi,linear,7,7635,0.8799362183,0.8200392927
directional_sign_500ms__obi,linear,8,7635,0.9163548946,0.889194499
directional_sign_500ms__obi,linear,9,7635,0.9561972022,0.9279633268
directional_sign_500ms__obi,lightgbm,0,7636,0.02837428433,0.07687270822
directional_sign_500ms__obi,lightgbm,1,7634,0.06711465874,0.1070212209
directional_sign_500ms__obi,lightgbm,2,7641,0.1308324671,0.1834838372
directional_sign_500ms__obi,lightgbm,3,7630,0.2539360469,0.2851900393
directional_sign_500ms__obi,lightgbm,4,7634,0.4091749286,0.4269059471
directional_sign_500ms__obi,lightgbm,5,7634,0.5922445593,0.5758449044
directional_sign_500ms__obi,lightgbm,6,7634,0.7480124852,0.7114225832
directional_sign_500ms__obi,lightgbm,7,7635,0.8681381094,0.818205632
directional_sign_500ms__obi,lightgbm,8,7635,0.9329098069,0.8903732809
directional_sign_500ms__obi,lightgbm,9,7635,0.9715661233,0.9248199083
directional_sign_500ms__sweep_only,linear,0,7635,0.3125047386,0.1147347741
directional_sign_500ms__sweep_only,linear,1,7635,0.3400662541,0.159659463
directional_sign_500ms__sweep_only,linear,2,7635,0.362182945,0.261951539
directional_sign_500ms__sweep_only,linear,3,7634,0.3979549408,0.3948126801
directional_sign_500ms__sweep_only,linear,4,7635,0.4515545964,0.5269155206
directional_sign_500ms__sweep_only,linear,5,7635,0.5272707343,0.6229207597
directional_sign_500ms__sweep_only,linear,6,7634,0.6308227181,0.6599423631
directional_sign_500ms__sweep_only,linear,7,7635,0.7533075809,0.7041257367
directional_sign_500ms__sweep_only,linear,8,7635,0.8913125396,0.7688277669
directional_sign_500ms__sweep_only,linear,9,7635,0.9805132747,0.7861165684
directional_sign_500ms__sweep_only,lightgbm,0,7663,0.1562450738,0.0893905781
directional_sign_500ms__sweep_only,lightgbm,1,7647,0.324151126,0.1739244148
directional_sign_500ms__sweep_only,lightgbm,2,7714,0.4570803724,0.2837697693
directional_sign_500ms__sweep_only,lightgbm,3,7563,0.5642736914,0.4067169113
directional_sign_500ms__sweep_only,lightgbm,4,7663,0.6400710256,0.5603549524
directional_sign_500ms__sweep_only,lightgbm,5,7668,0.6790800784,0.6630151278
directional_sign_500ms__sweep_only,lightgbm,6,7689,0.7050845686,0.6563922487
directional_sign_500ms__sweep_only,lightgbm,7,7581,0.7584258558,0.6520247988
directional_sign_500ms__sweep_only,lightgbm,8,7533,0.8568632259,0.693216514
directional_sign_500ms__sweep_only,lightgbm,9,7627,0.9354793776,0.8265373017
directional_sign_500ms__book_flow,linear,0,7635,0.02859688923,0.06024885396
directional_sign_500ms__book_flow,linear,1,7635,0.07194409519,0.1058284217
directional_sign_500ms__book_flow,linear,2,7635,0.1249159947,0.1759004584
directional_sign_500ms__book_flow,linear,3,7634,0.2219555229,0.2870055017
directional_sign_500ms__book_flow,linear,4,7635,0.3935507238,0.4157170923
directional_sign_500ms__book_flow,linear,5,7635,0.6064223647,0.5841519319
directional_sign_500ms__book_flow,linear,6,7634,0.7780253887,0.7131254912
directional_sign_500ms__book_flow,linear,7,7635,0.8750721216,0.8240995416
directional_sign_500ms__book_flow,linear,8,7635,0.9280465841,0.8941715783
directional_sign_500ms__book_flow,linear,9,7635,0.9713941216,0.939751146
directional_sign_500ms__book_flow,lightgbm,0,7635,0.01965061992,0.03405370007
directional_sign_500ms__book_flow,lightgbm,1,7635,0.06692887779,0.08631303209
directional_sign_500ms__book_flow,lightgbm,2,7635,0.1437119746,0.1819253438
directional_sign_500ms__book_flow,lightgbm,3,7634,0.2622361295,0.2939481268
directional_sign_500ms__book_flow,lightgbm,4,7635,0.4174663081,0.438637852
directional_sign_500ms__book_flow,lightgbm,5,7635,0.5855366773,0.5583497053
directional_sign_500ms__book_flow,lightgbm,6,7634,0.7395141265,0.7102436468
directional_sign_500ms__book_flow,lightgbm,7,7635,0.8572428733,0.8217419777
directional_sign_500ms__book_flow,lightgbm,8,7635,0.9332022601,0.9070072037
directional_sign_500ms__book_flow,lightgbm,9,7635,0.9801437005,0.9677799607
directional_sign_500ms__book_flow_plus_sweep,linear,0,7635,0.02848423645,0.0618205632
directional_sign_500ms__book_flow_plus_sweep,linear,1,7635,0.07005161792,0.1025540275
directional_sign_500ms__book_flow_plus_sweep,linear,2,7635,0.1212718338,0.1736738703
directional_sign_500ms__book_flow_plus_sweep,linear,3,7634,0.2173554152,0.2801938695
directional_sign_500ms__book_flow_plus_sweep,linear,4,7635,0.3897753656,0.4172888016
directional_sign_500ms__book_flow_plus_sweep,linear,5,7635,0.6035450697,0.5816633923
directional_sign_500ms__book_flow_plus_sweep,linear,6,7634,0.779193759,0.7124705266
directional_sign_500ms__book_flow_plus_sweep,linear,7,7635,0.8803771734,0.8315651604
directional_sign_500ms__book_flow_plus_sweep,linear,8,7635,0.9354289174,0.8948264571
directional_sign_500ms__book_flow_plus_sweep,linear,9,7635,0.9767415524,0.9439423707
directional_sign_500ms__book_flow_plus_sweep,lightgbm,0,7635,0.02038969331,0.03235101506
directional_sign_500ms__book_flow_plus_sweep,lightgbm,1,7635,0.0686667871,0.08893254748
directional_sign_500ms__book_flow_plus_sweep,lightgbm,2,7635,0.1491013923,0.177865095
directional_sign_500ms__book_flow_plus_sweep,lightgbm,3,7634,0.2724958694,0.2909352895
directional_sign_500ms__book_flow_plus_sweep,lightgbm,4,7635,0.4236640856,0.440340537
directional_sign_500ms__book_flow_plus_sweep,lightgbm,5,7635,0.5880247015,0.5570399476
directional_sign_500ms__book_flow_plus_sweep,lightgbm,6,7634,0.7439612478,0.7082787529
directional_sign_500ms__book_flow_plus_sweep,lightgbm,7,7635,0.8641171201,0.8243614931
directional_sign_500ms__book_flow_plus_sweep,lightgbm,8,7635,0.9380212747,0.9105435494
directional_sign_500ms__book_flow_plus_sweep,lightgbm,9,7635,0.9812690696,0.9693516699
directional_sign_1000ms__obi,linear,0,11456,0.06547109783,0.1013442737
directional_sign_1000ms__obi,linear,1,11455,0.1166068837,0.1745089481
directional_sign_1000ms__obi,linear,2,11455,0.1649523228,0.2417285028
directional_sign_1000ms__obi,linear,3,11456,0.2610179484,0.3397346369
directional_sign_1000ms__obi,linear,4,11455,0.413238287,0.4526407682
directional_sign_1000ms__obi,linear,5,11455,0.586761713,0.5473592318
directional_sign_1000ms__obi,linear,6,11456,0.7389820218,0.6602653631
directional_sign_1000ms__obi,linear,7,11455,0.8350476623,0.7582714972
directional_sign_1000ms__obi,linear,8,11455,0.8833931684,0.8254910519
directional_sign_1000ms__obi,linear,9,11456,0.9345288873,0.8986557263
directional_sign_1000ms__obi,lightgbm,0,11456,0.04632507405,0.1047486034
directional_sign_1000ms__obi,lightgbm,1,11456,0.105579915,0.1707402235
directional_sign_1000ms__obi,lightgbm,2,11458,0.1850914289,0.2475999302
directional_sign_1000ms__obi,lightgbm,3,11473,0.2921397941,0.3429791685
directional_sign_1000ms__obi,lightgbm,4,11434,0.42909723,0.4476998426
directional_sign_1000ms__obi,lightgbm,5,11461,0.5711693508,0.5516098072
directional_sign_1000ms__obi,lightgbm,6,11450,0.7083787387,0.65930131
directional_sign_1000ms__obi,lightgbm,7,11455,0.8148216698,0.7498908773
directional_sign_1000ms__obi,lightgbm,8,11464,0.8944605691,0.8309490579
directional_sign_1000ms__obi,lightgbm,9,11447,0.9534771635,0.8948196034
directional_sign_1000ms__sweep_only,linear,0,11456,0.3532604873,0.1625349162
directional_sign_1000ms__sweep_only,linear,1,11455,0.3837434053,0.2116979485
directional_sign_1000ms__sweep_only,linear,2,11455,0.4010532498,0.3085988651
directional_sign_1000ms__sweep_only,linear,3,11456,0.4261901379,0.4189071229
directional_sign_1000ms__sweep_only,linear,4,11455,0.4627957344,0.5239633348
directional_sign_1000ms__sweep_only,linear,5,11455,0.514003396,0.6009602794
directional_sign_1000ms__sweep_only,linear,6,11456,0.5859687328,0.6469099162
directional_sign_1000ms__sweep_only,linear,7,11455,0.6873364449,0.674465299
directional_sign_1000ms__sweep_only,linear,8,11455,0.8242231607,0.6946311654
directional_sign_1000ms__sweep_only,linear,9,11456,0.9615145326,0.7573324022
directional_sign_1000ms__sweep_only,lightgbm,0,11463,0.1890586092,0.118991538
directional_sign_1000ms__sweep_only,lightgbm,1,11503,0.3846232748,0.2300269495
directional_sign_1000ms__sweep_only,lightgbm,2,11463,0.4985183631,0.3342057053
directional_sign_1000ms__sweep_only,lightgbm,3,11430,0.5772380002,0.4430446194
directional_sign_1000ms__sweep_only,lightgbm,4,11475,0.6367067358,0.5483224401
directional_sign_1000ms__sweep_only,lightgbm,5,11449,0.670702323,0.6407546511
directional_sign_1000ms__sweep_only,lightgbm,6,11696,0.6938712725,0.6446648427
directional_sign_1000ms__sweep_only,lightgbm,7,11424,0.7303873856,0.6089810924
directional_sign_1000ms__sweep_only,lightgbm,8,11564,0.8199498406,0.6675890695
directional_sign_1000ms__sweep_only,lightgbm,9,11087,0.8957315553,0.7690989447
directional_sign_1000ms__book_flow,linear,0,11456,0.04914458469,0.09226606145
directional_sign_1000ms__book_flow,linear,1,11455,0.1086575165,0.1664775207
directional_sign_1000ms__book_flow,linear,2,11455,0.1749410629,0.2444347447
directional_sign_1000ms__book_flow,linear,3,11456,0.2771609426,0.3413058659
directional_sign_1000ms__book_flow,linear,4,11455,0.4197116792,0.4446093409
directional_sign_1000ms__book_flow,linear,5,11455,0.5802508593,0.5553906591
directional_sign_1000ms__book_flow,linear,6,11456,0.722812593,0.6586068436
directional_sign_1000ms__book_flow,linear,7,11455,0.8250453472,0.7555652553
directional_sign_1000ms__book_flow,linear,8,11455,0.8913350701,0.8336097774
directional_sign_1000ms__book_flow,linear,9,11456,0.9508506656,0.9077339385
directional_sign_1000ms__book_flow,lightgbm,0,11456,0.03731989645,0.06415851955
directional_sign_1000ms__book_flow,lightgbm,1,11455,0.122630029,0.1568747272
directional_sign_1000ms__book_flow,lightgbm,2,11455,0.216023363,0.2530772588
directional_sign_1000ms__book_flow,lightgbm,3,11456,0.3216713974,0.3480272346
directional_sign_1000ms__book_flow,lightgbm,4,11455,0.4380672701,0.4515931907
directional_sign_1000ms__book_flow,lightgbm,5,11455,0.5597473587,0.5452640768
directional_sign_1000ms__book_flow,lightgbm,6,11456,0.677628005,0.6554643855
directional_sign_1000ms__book_flow,lightgbm,7,11455,0.7830067194,0.749628983
directional_sign_1000ms__book_flow,lightgbm,8,11455,0.8772135573,0.839720646
directional_sign_1000ms__book_flow,lightgbm,9,11456,0.9622288829,0.9361906425
directional_sign_1000ms__book_flow_plus_sweep,linear,0,11456,0.04932147264,0.09217877095
directional_sign_1000ms__book_flow_plus_sweep,linear,1,11455,0.1079951003,0.1646442601
directional_sign_1000ms__book_flow_plus_sweep,linear,2,11455,0.1734369099,0.2436490615
directional_sign_1000ms__book_flow_plus_sweep,linear,3,11456,0.2753584981,0.3413058659
directional_sign_1000ms__book_flow_plus_sweep,linear,4,11455,0.4181396365,0.4438236578
directional_sign_1000ms__book_flow_plus_sweep,linear,5,11455,0.5791649222,0.5569620253
directional_sign_1000ms__book_flow_plus_sweep,linear,6,11456,0.7229963541,0.6565118715
directional_sign_1000ms__book_flow_plus_sweep,linear,7,11455,0.8273202181,0.7555652553
directional_sign_1000ms__book_flow_plus_sweep,linear,8,11455,0.8946461678,0.8362287211
directional_sign_1000ms__book_flow_plus_sweep,linear,9,11456,0.9533007145,0.9091305866
directional_sign_1000ms__book_flow_plus_sweep,lightgbm,0,11456,0.03896126072,0.06503142458
directional_sign_1000ms__book_flow_plus_sweep,lightgbm,1,11455,0.1268400663,0.1537319948
directional_sign_1000ms__book_flow_plus_sweep,lightgbm,2,11455,0.2242627103,0.2490615452
directional_sign_1000ms__book_flow_plus_sweep,lightgbm,3,11456,0.3307421793,0.3521298883
directional_sign_1000ms__book_flow_plus_sweep,lightgbm,4,11455,0.4436143097,0.4512439983
directional_sign_1000ms__book_flow_plus_sweep,lightgbm,5,11455,0.5607605609,0.5431689219
directional_sign_1000ms__book_flow_plus_sweep,lightgbm,6,11456,0.6792030057,0.6517108939
directional_sign_1000ms__book_flow_plus_sweep,lightgbm,7,11455,0.788070047,0.7535573985
directional_sign_1000ms__book_flow_plus_sweep,lightgbm,8,11455,0.8815948876,0.8432125709
directional_sign_1000ms__book_flow_plus_sweep,lightgbm,9,11456,0.9633648028,0.937150838
