grouping,threshold,population,horizon_ms,observations,gross_directional_bps,gross_directional_ticks,one_way_hurdle_bps,net_of_one_way_hurdle_bps,net_of_round_trip_hurdle_bps,clears_one_way,clears_round_trip,decile
threshold,,all,100,4285294,0,0,1,-1,-2,False,False,
threshold,,all,100,4285294,0,0,2,-2,-4,False,False,
threshold,,all,100,4285294,0,0,3,-3,-6,False,False,
threshold,,all,100,4285294,0,0,5,-5,-10,False,False,
threshold,,all,100,4285294,0,0,7.5,-7.5,-15,False,False,
threshold,,all,100,4285294,0,0,10,-10,-20,False,False,
threshold,0.3,score_at_or_above,100,433209,0.1069795205,7.447181262,1,-0.8930204795,-1.893020479,False,False,
threshold,0.3,score_at_or_above,100,433209,0.1069795205,7.447181262,2,-1.893020479,-3.893020479,False,False,
threshold,0.3,score_at_or_above,100,433209,0.1069795205,7.447181262,3,-2.893020479,-5.893020479,False,False,
threshold,0.3,score_at_or_above,100,433209,0.1069795205,7.447181262,5,-4.893020479,-9.893020479,False,False,
threshold,0.3,score_at_or_above,100,433209,0.1069795205,7.447181262,7.5,-7.393020479,-14.89302048,False,False,
threshold,0.3,score_at_or_above,100,433209,0.1069795205,7.447181262,10,-9.893020479,-19.89302048,False,False,
threshold,0.5,score_at_or_above,100,205444,0.2309395251,16.08404237,1,-0.7690604749,-1.769060475,False,False,
threshold,0.5,score_at_or_above,100,205444,0.2309395251,16.08404237,2,-1.769060475,-3.769060475,False,False,
threshold,0.5,score_at_or_above,100,205444,0.2309395251,16.08404237,3,-2.769060475,-5.769060475,False,False,
threshold,0.5,score_at_or_above,100,205444,0.2309395251,16.08404237,5,-4.769060475,-9.769060475,False,False,
threshold,0.5,score_at_or_above,100,205444,0.2309395251,16.08404237,7.5,-7.269060475,-14.76906047,False,False,
threshold,0.5,score_at_or_above,100,205444,0.2309395251,16.08404237,10,-9.769060475,-19.76906047,False,False,
threshold,0.7,score_at_or_above,100,102708,0.4275948789,29.7630613,1,-0.5724051211,-1.572405121,False,False,
threshold,0.7,score_at_or_above,100,102708,0.4275948789,29.7630613,2,-1.572405121,-3.572405121,False,False,
threshold,0.7,score_at_or_above,100,102708,0.4275948789,29.7630613,3,-2.572405121,-5.572405121,False,False,
threshold,0.7,score_at_or_above,100,102708,0.4275948789,29.7630613,5,-4.572405121,-9.572405121,False,False,
threshold,0.7,score_at_or_above,100,102708,0.4275948789,29.7630613,7.5,-7.072405121,-14.57240512,False,False,
threshold,0.7,score_at_or_above,100,102708,0.4275948789,29.7630613,10,-9.572405121,-19.57240512,False,False,
threshold,0.9,score_at_or_above,100,62716,0.5848247035,40.75146693,1,-0.4151752965,-1.415175297,False,False,
threshold,0.9,score_at_or_above,100,62716,0.5848247035,40.75146693,2,-1.415175297,-3.415175297,False,False,
threshold,0.9,score_at_or_above,100,62716,0.5848247035,40.75146693,3,-2.415175297,-5.415175297,False,False,
threshold,0.9,score_at_or_above,100,62716,0.5848247035,40.75146693,5,-4.415175297,-9.415175297,False,False,
threshold,0.9,score_at_or_above,100,62716,0.5848247035,40.75146693,7.5,-6.915175297,-14.4151753,False,False,
threshold,0.9,score_at_or_above,100,62716,0.5848247035,40.75146693,10,-9.415175297,-19.4151753,False,False,
decile,,,100,428530,-0.003661192918,-0.2366718783,1,-1.003661193,-2.003661193,False,False,0
decile,,,100,428530,-0.003661192918,-0.2366718783,2,-2.003661193,-4.003661193,False,False,0
decile,,,100,428530,-0.003661192918,-0.2366718783,3,-3.003661193,-6.003661193,False,False,0
decile,,,100,428530,-0.003661192918,-0.2366718783,5,-5.003661193,-10.00366119,False,False,0
decile,,,100,428530,-0.003661192918,-0.2366718783,7.5,-7.503661193,-15.00366119,False,False,0
decile,,,100,428530,-0.003661192918,-0.2366718783,10,-10.00366119,-20.00366119,False,False,0
decile,,,100,428529,-0.004206877472,-0.2766312198,1,-1.004206877,-2.004206877,False,False,1
decile,,,100,428529,-0.004206877472,-0.2766312198,2,-2.004206877,-4.004206877,False,False,1
decile,,,100,428529,-0.004206877472,-0.2766312198,3,-3.004206877,-6.004206877,False,False,1
decile,,,100,428529,-0.004206877472,-0.2766312198,5,-5.004206877,-10.00420688,False,False,1
decile,,,100,428529,-0.004206877472,-0.2766312198,7.5,-7.504206877,-15.00420688,False,False,1
decile,,,100,428529,-0.004206877472,-0.2766312198,10,-10.00420688,-20.00420688,False,False,1
decile,,,100,428529,-0.006226203596,-0.4185782493,1,-1.006226204,-2.006226204,False,False,2
decile,,,100,428529,-0.006226203596,-0.4185782493,2,-2.006226204,-4.006226204,False,False,2
decile,,,100,428529,-0.006226203596,-0.4185782493,3,-3.006226204,-6.006226204,False,False,2
decile,,,100,428529,-0.006226203596,-0.4185782493,5,-5.006226204,-10.0062262,False,False,2
decile,,,100,428529,-0.006226203596,-0.4185782493,7.5,-7.506226204,-15.0062262,False,False,2
decile,,,100,428529,-0.006226203596,-0.4185782493,10,-10.0062262,-20.0062262,False,False,2
decile,,,100,428530,-0.01009454968,-0.6893010741,1,-1.01009455,-2.01009455,False,False,3
decile,,,100,428530,-0.01009454968,-0.6893010741,2,-2.01009455,-4.01009455,False,False,3
decile,,,100,428530,-0.01009454968,-0.6893010741,3,-3.01009455,-6.01009455,False,False,3
decile,,,100,428530,-0.01009454968,-0.6893010741,5,-5.01009455,-10.01009455,False,False,3
decile,,,100,428530,-0.01009454968,-0.6893010741,7.5,-7.51009455,-15.01009455,False,False,3
decile,,,100,428530,-0.01009454968,-0.6893010741,10,-10.01009455,-20.01009455,False,False,3
decile,,,100,428529,-0.01542879761,-1.072424841,1,-1.015428798,-2.015428798,False,False,4
decile,,,100,428529,-0.01542879761,-1.072424841,2,-2.015428798,-4.015428798,False,False,4
decile,,,100,428529,-0.01542879761,-1.072424841,3,-3.015428798,-6.015428798,False,False,4
decile,,,100,428529,-0.01542879761,-1.072424841,5,-5.015428798,-10.0154288,False,False,4
decile,,,100,428529,-0.01542879761,-1.072424841,7.5,-7.515428798,-15.0154288,False,False,4
decile,,,100,428529,-0.01542879761,-1.072424841,10,-10.0154288,-20.0154288,False,False,4
decile,,,100,428529,-0.01916116066,-1.346618315,1,-1.019161161,-2.019161161,False,False,5
decile,,,100,428529,-0.01916116066,-1.346618315,2,-2.019161161,-4.019161161,False,False,5
decile,,,100,428529,-0.01916116066,-1.346618315,3,-3.019161161,-6.019161161,False,False,5
decile,,,100,428529,-0.01916116066,-1.346618315,5,-5.019161161,-10.01916116,False,False,5
decile,,,100,428529,-0.01916116066,-1.346618315,7.5,-7.519161161,-15.01916116,False,False,5
decile,,,100,428529,-0.01916116066,-1.346618315,10,-10.01916116,-20.01916116,False,False,5
decile,,,100,428530,-0.01943917785,-1.372647464,1,-1.019439178,-2.019439178,False,False,6
decile,,,100,428530,-0.01943917785,-1.372647464,2,-2.019439178,-4.019439178,False,False,6
decile,,,100,428530,-0.01943917785,-1.372647464,3,-3.019439178,-6.019439178,False,False,6
decile,,,100,428530,-0.01943917785,-1.372647464,5,-5.019439178,-10.01943918,False,False,6
decile,,,100,428530,-0.01943917785,-1.372647464,7.5,-7.519439178,-15.01943918,False,False,6
decile,,,100,428530,-0.01943917785,-1.372647464,10,-10.01943918,-20.01943918,False,False,6
decile,,,100,428529,-0.01719982696,-1.216506273,1,-1.017199827,-2.017199827,False,False,7
decile,,,100,428529,-0.01719982696,-1.216506273,2,-2.017199827,-4.017199827,False,False,7
decile,,,100,428529,-0.01719982696,-1.216506273,3,-3.017199827,-6.017199827,False,False,7
decile,,,100,428529,-0.01719982696,-1.216506273,5,-5.017199827,-10.01719983,False,False,7
decile,,,100,428529,-0.01719982696,-1.216506273,7.5,-7.517199827,-15.01719983,False,False,7
decile,,,100,428529,-0.01719982696,-1.216506273,10,-10.01719983,-20.01719983,False,False,7
decile,,,100,428529,-0.01276072832,-0.9012736624,1,-1.012760728,-2.012760728,False,False,8
decile,,,100,428529,-0.01276072832,-0.9012736624,2,-2.012760728,-4.012760728,False,False,8
decile,,,100,428529,-0.01276072832,-0.9012736624,3,-3.012760728,-6.012760728,False,False,8
decile,,,100,428529,-0.01276072832,-0.9012736624,5,-5.012760728,-10.01276073,False,False,8
decile,,,100,428529,-0.01276072832,-0.9012736624,7.5,-7.512760728,-15.01276073,False,False,8
decile,,,100,428529,-0.01276072832,-0.9012736624,10,-10.01276073,-20.01276073,False,False,8
decile,,,100,428530,0.1081782764,7.5306362,1,-0.8918217236,-1.891821724,False,False,9
decile,,,100,428530,0.1081782764,7.5306362,2,-1.891821724,-3.891821724,False,False,9
decile,,,100,428530,0.1081782764,7.5306362,3,-2.891821724,-5.891821724,False,False,9
decile,,,100,428530,0.1081782764,7.5306362,5,-4.891821724,-9.891821724,False,False,9
decile,,,100,428530,0.1081782764,7.5306362,7.5,-7.391821724,-14.89182172,False,False,9
decile,,,100,428530,0.1081782764,7.5306362,10,-9.891821724,-19.89182172,False,False,9
threshold,,all,250,4285294,0,0,1,-1,-2,False,False,
threshold,,all,250,4285294,0,0,2,-2,-4,False,False,
threshold,,all,250,4285294,0,0,3,-3,-6,False,False,
threshold,,all,250,4285294,0,0,5,-5,-10,False,False,
threshold,,all,250,4285294,0,0,7.5,-7.5,-15,False,False,
threshold,,all,250,4285294,0,0,10,-10,-20,False,False,
threshold,0.3,score_at_or_above,250,433209,0.1776516591,12.38078706,1,-0.8223483409,-1.822348341,False,False,
threshold,0.3,score_at_or_above,250,433209,0.1776516591,12.38078706,2,-1.822348341,-3.822348341,False,False,
threshold,0.3,score_at_or_above,250,433209,0.1776516591,12.38078706,3,-2.822348341,-5.822348341,False,False,
threshold,0.3,score_at_or_above,250,433209,0.1776516591,12.38078706,5,-4.822348341,-9.822348341,False,False,
threshold,0.3,score_at_or_above,250,433209,0.1776516591,12.38078706,7.5,-7.322348341,-14.82234834,False,False,
threshold,0.3,score_at_or_above,250,433209,0.1776516591,12.38078706,10,-9.822348341,-19.82234834,False,False,
threshold,0.5,score_at_or_above,250,205444,0.3344545145,23.29960963,1,-0.6655454855,-1.665545485,False,False,
threshold,0.5,score_at_or_above,250,205444,0.3344545145,23.29960963,2,-1.665545485,-3.665545485,False,False,
threshold,0.5,score_at_or_above,250,205444,0.3344545145,23.29960963,3,-2.665545485,-5.665545485,False,False,
threshold,0.5,score_at_or_above,250,205444,0.3344545145,23.29960963,5,-4.665545485,-9.665545485,False,False,
threshold,0.5,score_at_or_above,250,205444,0.3344545145,23.29960963,7.5,-7.165545485,-14.66554549,False,False,
threshold,0.5,score_at_or_above,250,205444,0.3344545145,23.29960963,10,-9.665545485,-19.66554549,False,False,
threshold,0.7,score_at_or_above,250,102708,0.5598273379,38.93646551,1,-0.4401726621,-1.440172662,False,False,
threshold,0.7,score_at_or_above,250,102708,0.5598273379,38.93646551,2,-1.440172662,-3.440172662,False,False,
threshold,0.7,score_at_or_above,250,102708,0.5598273379,38.93646551,3,-2.440172662,-5.440172662,False,False,
threshold,0.7,score_at_or_above,250,102708,0.5598273379,38.93646551,5,-4.440172662,-9.440172662,False,False,
threshold,0.7,score_at_or_above,250,102708,0.5598273379,38.93646551,7.5,-6.940172662,-14.44017266,False,False,
threshold,0.7,score_at_or_above,250,102708,0.5598273379,38.93646551,10,-9.440172662,-19.44017266,False,False,
threshold,0.9,score_at_or_above,250,62716,0.7412543299,51.59616366,1,-0.2587456701,-1.25874567,False,False,
threshold,0.9,score_at_or_above,250,62716,0.7412543299,51.59616366,2,-1.25874567,-3.25874567,False,False,
threshold,0.9,score_at_or_above,250,62716,0.7412543299,51.59616366,3,-2.25874567,-5.25874567,False,False,
threshold,0.9,score_at_or_above,250,62716,0.7412543299,51.59616366,5,-4.25874567,-9.25874567,False,False,
threshold,0.9,score_at_or_above,250,62716,0.7412543299,51.59616366,7.5,-6.75874567,-14.25874567,False,False,
threshold,0.9,score_at_or_above,250,62716,0.7412543299,51.59616366,10,-9.25874567,-19.25874567,False,False,
decile,,,250,428530,-0.01201885322,-0.7770611159,1,-1.012018853,-2.012018853,False,False,0
decile,,,250,428530,-0.01201885322,-0.7770611159,2,-2.012018853,-4.012018853,False,False,0
decile,,,250,428530,-0.01201885322,-0.7770611159,3,-3.012018853,-6.012018853,False,False,0
decile,,,250,428530,-0.01201885322,-0.7770611159,5,-5.012018853,-10.01201885,False,False,0
decile,,,250,428530,-0.01201885322,-0.7770611159,7.5,-7.512018853,-15.01201885,False,False,0
decile,,,250,428530,-0.01201885322,-0.7770611159,10,-10.01201885,-20.01201885,False,False,0
decile,,,250,428529,-0.0108009515,-0.7131155957,1,-1.010800952,-2.010800952,False,False,1
decile,,,250,428529,-0.0108009515,-0.7131155957,2,-2.010800952,-4.010800952,False,False,1
decile,,,250,428529,-0.0108009515,-0.7131155957,3,-3.010800952,-6.010800952,False,False,1
decile,,,250,428529,-0.0108009515,-0.7131155957,5,-5.010800952,-10.01080095,False,False,1
decile,,,250,428529,-0.0108009515,-0.7131155957,7.5,-7.510800952,-15.01080095,False,False,1
decile,,,250,428529,-0.0108009515,-0.7131155957,10,-10.01080095,-20.01080095,False,False,1
decile,,,250,428529,-0.01439350969,-0.9708898156,1,-1.01439351,-2.01439351,False,False,2
decile,,,250,428529,-0.01439350969,-0.9708898156,2,-2.01439351,-4.01439351,False,False,2
decile,,,250,428529,-0.01439350969,-0.9708898156,3,-3.01439351,-6.01439351,False,False,2
decile,,,250,428529,-0.01439350969,-0.9708898156,5,-5.01439351,-10.01439351,False,False,2
decile,,,250,428529,-0.01439350969,-0.9708898156,7.5,-7.51439351,-15.01439351,False,False,2
decile,,,250,428529,-0.01439350969,-0.9708898156,10,-10.01439351,-20.01439351,False,False,2
decile,,,250,428530,-0.02166503007,-1.48482126,1,-1.02166503,-2.02166503,False,False,3
decile,,,250,428530,-0.02166503007,-1.48482126,2,-2.02166503,-4.02166503,False,False,3
decile,,,250,428530,-0.02166503007,-1.48482126,3,-3.02166503,-6.02166503,False,False,3
decile,,,250,428530,-0.02166503007,-1.48482126,5,-5.02166503,-10.02166503,False,False,3
decile,,,250,428530,-0.02166503007,-1.48482126,7.5,-7.52166503,-15.02166503,False,False,3
decile,,,250,428530,-0.02166503007,-1.48482126,10,-10.02166503,-20.02166503,False,False,3
decile,,,250,428529,-0.03189655093,-2.226153139,1,-1.031896551,-2.031896551,False,False,4
decile,,,250,428529,-0.03189655093,-2.226153139,2,-2.031896551,-4.031896551,False,False,4
decile,,,250,428529,-0.03189655093,-2.226153139,3,-3.031896551,-6.031896551,False,False,4
decile,,,250,428529,-0.03189655093,-2.226153139,5,-5.031896551,-10.03189655,False,False,4
decile,,,250,428529,-0.03189655093,-2.226153139,7.5,-7.531896551,-15.03189655,False,False,4
decile,,,250,428529,-0.03189655093,-2.226153139,10,-10.03189655,-20.03189655,False,False,4
decile,,,250,428529,-0.036558631,-2.581327811,1,-1.036558631,-2.036558631,False,False,5
decile,,,250,428529,-0.036558631,-2.581327811,2,-2.036558631,-4.036558631,False,False,5
decile,,,250,428529,-0.036558631,-2.581327811,3,-3.036558631,-6.036558631,False,False,5
decile,,,250,428529,-0.036558631,-2.581327811,5,-5.036558631,-10.03655863,False,False,5
decile,,,250,428529,-0.036558631,-2.581327811,7.5,-7.536558631,-15.03655863,False,False,5
decile,,,250,428529,-0.036558631,-2.581327811,10,-10.03655863,-20.03655863,False,False,5
decile,,,250,428530,-0.03236898854,-2.306315925,1,-1.032368989,-2.032368989,False,False,6
decile,,,250,428530,-0.03236898854,-2.306315925,2,-2.032368989,-4.032368989,False,False,6
decile,,,250,428530,-0.03236898854,-2.306315925,3,-3.032368989,-6.032368989,False,False,6
decile,,,250,428530,-0.03236898854,-2.306315925,5,-5.032368989,-10.03236899,False,False,6
decile,,,250,428530,-0.03236898854,-2.306315925,7.5,-7.532368989,-15.03236899,False,False,6
decile,,,250,428530,-0.03236898854,-2.306315925,10,-10.03236899,-20.03236899,False,False,6
decile,,,250,428529,-0.02120356951,-1.523197121,1,-1.02120357,-2.02120357,False,False,7
decile,,,250,428529,-0.02120356951,-1.523197121,2,-2.02120357,-4.02120357,False,False,7
decile,,,250,428529,-0.02120356951,-1.523197121,3,-3.02120357,-6.02120357,False,False,7
decile,,,250,428529,-0.02120356951,-1.523197121,5,-5.02120357,-10.02120357,False,False,7
decile,,,250,428529,-0.02120356951,-1.523197121,7.5,-7.52120357,-15.02120357,False,False,7
decile,,,250,428529,-0.02120356951,-1.523197121,10,-10.02120357,-20.02120357,False,False,7
decile,,,250,428529,0.001537004194,0.08268245727,1,-0.9984629958,-1.998462996,False,False,8
decile,,,250,428529,0.001537004194,0.08268245727,2,-1.998462996,-3.998462996,False,False,8
decile,,,250,428529,0.001537004194,0.08268245727,3,-2.998462996,-5.998462996,False,False,8
decile,,,250,428529,0.001537004194,0.08268245727,5,-4.998462996,-9.998462996,False,False,8
decile,,,250,428529,0.001537004194,0.08268245727,7.5,-7.498462996,-14.998463,False,False,8
decile,,,250,428529,0.001537004194,0.08268245727,10,-9.998462996,-19.998463,False,False,8
decile,,,250,428530,0.1793673879,12.50007934,1,-0.8206326121,-1.820632612,False,False,9
decile,,,250,428530,0.1793673879,12.50007934,2,-1.820632612,-3.820632612,False,False,9
decile,,,250,428530,0.1793673879,12.50007934,3,-2.820632612,-5.820632612,False,False,9
decile,,,250,428530,0.1793673879,12.50007934,5,-4.820632612,-9.820632612,False,False,9
decile,,,250,428530,0.1793673879,12.50007934,7.5,-7.320632612,-14.82063261,False,False,9
decile,,,250,428530,0.1793673879,12.50007934,10,-9.820632612,-19.82063261,False,False,9
threshold,,all,500,4285294,0,0,1,-1,-2,False,False,
threshold,,all,500,4285294,0,0,2,-2,-4,False,False,
threshold,,all,500,4285294,0,0,3,-3,-6,False,False,
threshold,,all,500,4285294,0,0,5,-5,-10,False,False,
threshold,,all,500,4285294,0,0,7.5,-7.5,-15,False,False,
threshold,,all,500,4285294,0,0,10,-10,-20,False,False,
threshold,0.3,score_at_or_above,500,433209,0.2402281032,16.75627758,1,-0.7597718968,-1.759771897,False,False,
threshold,0.3,score_at_or_above,500,433209,0.2402281032,16.75627758,2,-1.759771897,-3.759771897,False,False,
threshold,0.3,score_at_or_above,500,433209,0.2402281032,16.75627758,3,-2.759771897,-5.759771897,False,False,
threshold,0.3,score_at_or_above,500,433209,0.2402281032,16.75627758,5,-4.759771897,-9.759771897,False,False,
threshold,0.3,score_at_or_above,500,433209,0.2402281032,16.75627758,7.5,-7.259771897,-14.7597719,False,False,
threshold,0.3,score_at_or_above,500,433209,0.2402281032,16.75627758,10,-9.759771897,-19.7597719,False,False,
threshold,0.5,score_at_or_above,500,205444,0.4037782513,28.14240864,1,-0.5962217487,-1.596221749,False,False,
threshold,0.5,score_at_or_above,500,205444,0.4037782513,28.14240864,2,-1.596221749,-3.596221749,False,False,
threshold,0.5,score_at_or_above,500,205444,0.4037782513,28.14240864,3,-2.596221749,-5.596221749,False,False,
threshold,0.5,score_at_or_above,500,205444,0.4037782513,28.14240864,5,-4.596221749,-9.596221749,False,False,
threshold,0.5,score_at_or_above,500,205444,0.4037782513,28.14240864,7.5,-7.096221749,-14.59622175,False,False,
threshold,0.5,score_at_or_above,500,205444,0.4037782513,28.14240864,10,-9.596221749,-19.59622175,False,False,
threshold,0.7,score_at_or_above,500,102708,0.628202696,43.68666511,1,-0.371797304,-1.371797304,False,False,
threshold,0.7,score_at_or_above,500,102708,0.628202696,43.68666511,2,-1.371797304,-3.371797304,False,False,
threshold,0.7,score_at_or_above,500,102708,0.628202696,43.68666511,3,-2.371797304,-5.371797304,False,False,
threshold,0.7,score_at_or_above,500,102708,0.628202696,43.68666511,5,-4.371797304,-9.371797304,False,False,
threshold,0.7,score_at_or_above,500,102708,0.628202696,43.68666511,7.5,-6.871797304,-14.3717973,False,False,
threshold,0.7,score_at_or_above,500,102708,0.628202696,43.68666511,10,-9.371797304,-19.3717973,False,False,
threshold,0.9,score_at_or_above,500,62716,0.8106235321,56.40374067,1,-0.1893764679,-1.189376468,False,False,
threshold,0.9,score_at_or_above,500,62716,0.8106235321,56.40374067,2,-1.189376468,-3.189376468,False,False,
threshold,0.9,score_at_or_above,500,62716,0.8106235321,56.40374067,3,-2.189376468,-5.189376468,False,False,
threshold,0.9,score_at_or_above,500,62716,0.8106235321,56.40374067,5,-4.189376468,-9.189376468,False,False,
threshold,0.9,score_at_or_above,500,62716,0.8106235321,56.40374067,7.5,-6.689376468,-14.18937647,False,False,
threshold,0.9,score_at_or_above,500,62716,0.8106235321,56.40374067,10,-9.189376468,-19.18937647,False,False,
decile,,,500,428530,-0.02557607182,-1.653636852,1,-1.025576072,-2.025576072,False,False,0
decile,,,500,428530,-0.02557607182,-1.653636852,2,-2.025576072,-4.025576072,False,False,0
decile,,,500,428530,-0.02557607182,-1.653636852,3,-3.025576072,-6.025576072,False,False,0
decile,,,500,428530,-0.02557607182,-1.653636852,5,-5.025576072,-10.02557607,False,False,0
decile,,,500,428530,-0.02557607182,-1.653636852,7.5,-7.525576072,-15.02557607,False,False,0
decile,,,500,428530,-0.02557607182,-1.653636852,10,-10.02557607,-20.02557607,False,False,0
decile,,,500,428529,-0.02093292715,-1.384092755,1,-1.020932927,-2.020932927,False,False,1
decile,,,500,428529,-0.02093292715,-1.384092755,2,-2.020932927,-4.020932927,False,False,1
decile,,,500,428529,-0.02093292715,-1.384092755,3,-3.020932927,-6.020932927,False,False,1
decile,,,500,428529,-0.02093292715,-1.384092755,5,-5.020932927,-10.02093293,False,False,1
decile,,,500,428529,-0.02093292715,-1.384092755,7.5,-7.520932927,-15.02093293,False,False,1
decile,,,500,428529,-0.02093292715,-1.384092755,10,-10.02093293,-20.02093293,False,False,1
decile,,,500,428529,-0.0253302081,-1.712459512,1,-1.025330208,-2.025330208,False,False,2
decile,,,500,428529,-0.0253302081,-1.712459512,2,-2.025330208,-4.025330208,False,False,2
decile,,,500,428529,-0.0253302081,-1.712459512,3,-3.025330208,-6.025330208,False,False,2
decile,,,500,428529,-0.0253302081,-1.712459512,5,-5.025330208,-10.02533021,False,False,2
decile,,,500,428529,-0.0253302081,-1.712459512,7.5,-7.525330208,-15.02533021,False,False,2
decile,,,500,428529,-0.0253302081,-1.712459512,10,-10.02533021,-20.02533021,False,False,2
decile,,,500,428530,-0.03636189029,-2.501672014,1,-1.03636189,-2.03636189,False,False,3
decile,,,500,428530,-0.03636189029,-2.501672014,2,-2.03636189,-4.03636189,False,False,3
decile,,,500,428530,-0.03636189029,-2.501672014,3,-3.03636189,-6.03636189,False,False,3
decile,,,500,428530,-0.03636189029,-2.501672014,5,-5.03636189,-10.03636189,False,False,3
decile,,,500,428530,-0.03636189029,-2.501672014,7.5,-7.53636189,-15.03636189,False,False,3
decile,,,500,428530,-0.03636189029,-2.501672014,10,-10.03636189,-20.03636189,False,False,3
decile,,,500,428529,-0.05243843029,-3.673654267,1,-1.05243843,-2.05243843,False,False,4
decile,,,500,428529,-0.05243843029,-3.673654267,2,-2.05243843,-4.05243843,False,False,4
decile,,,500,428529,-0.05243843029,-3.673654267,3,-3.05243843,-6.05243843,False,False,4
decile,,,500,428529,-0.05243843029,-3.673654267,5,-5.05243843,-10.05243843,False,False,4
decile,,,500,428529,-0.05243843029,-3.673654267,7.5,-7.55243843,-15.05243843,False,False,4
decile,,,500,428529,-0.05243843029,-3.673654267,10,-10.05243843,-20.05243843,False,False,4
decile,,,500,428529,-0.05542367205,-3.934641629,1,-1.055423672,-2.055423672,False,False,5
decile,,,500,428529,-0.05542367205,-3.934641629,2,-2.055423672,-4.055423672,False,False,5
decile,,,500,428529,-0.05542367205,-3.934641629,3,-3.055423672,-6.055423672,False,False,5
decile,,,500,428529,-0.05542367205,-3.934641629,5,-5.055423672,-10.05542367,False,False,5
decile,,,500,428529,-0.05542367205,-3.934641629,7.5,-7.555423672,-15.05542367,False,False,5
decile,,,500,428529,-0.05542367205,-3.934641629,10,-10.05542367,-20.05542367,False,False,5
decile,,,500,428530,-0.04297841646,-3.091180321,1,-1.042978416,-2.042978416,False,False,6
decile,,,500,428530,-0.04297841646,-3.091180321,2,-2.042978416,-4.042978416,False,False,6
decile,,,500,428530,-0.04297841646,-3.091180321,3,-3.042978416,-6.042978416,False,False,6
decile,,,500,428530,-0.04297841646,-3.091180321,5,-5.042978416,-10.04297842,False,False,6
decile,,,500,428530,-0.04297841646,-3.091180321,7.5,-7.542978416,-15.04297842,False,False,6
decile,,,500,428530,-0.04297841646,-3.091180321,10,-10.04297842,-20.04297842,False,False,6
decile,,,500,428529,-0.01590343338,-1.1885599,1,-1.015903433,-2.015903433,False,False,7
decile,,,500,428529,-0.01590343338,-1.1885599,2,-2.015903433,-4.015903433,False,False,7
decile,,,500,428529,-0.01590343338,-1.1885599,3,-3.015903433,-6.015903433,False,False,7
decile,,,500,428529,-0.01590343338,-1.1885599,5,-5.015903433,-10.01590343,False,False,7
decile,,,500,428529,-0.01590343338,-1.1885599,7.5,-7.515903433,-15.01590343,False,False,7
decile,,,500,428529,-0.01590343338,-1.1885599,10,-10.01590343,-20.01590343,False,False,7
decile,,,500,428529,0.03285301868,2.253791547,1,-0.9671469813,-1.967146981,False,False,8
decile,,,500,428529,0.03285301868,2.253791547,2,-1.967146981,-3.967146981,False,False,8
decile,,,500,428529,0.03285301868,2.253791547,3,-2.967146981,-5.967146981,False,False,8
decile,,,500,428529,0.03285301868,2.253791547,5,-4.967146981,-9.967146981,False,False,8
decile,,,500,428529,0.03285301868,2.253791547,7.5,-7.467146981,-14.96714698,False,False,8
decile,,,500,428529,0.03285301868,2.253791547,10,-9.967146981,-19.96714698,False,False,8
decile,,,500,428530,0.242088915,16.88588287,1,-0.757911085,-1.757911085,False,False,9
decile,,,500,428530,0.242088915,16.88588287,2,-1.757911085,-3.757911085,False,False,9
decile,,,500,428530,0.242088915,16.88588287,3,-2.757911085,-5.757911085,False,False,9
decile,,,500,428530,0.242088915,16.88588287,5,-4.757911085,-9.757911085,False,False,9
decile,,,500,428530,0.242088915,16.88588287,7.5,-7.257911085,-14.75791108,False,False,9
decile,,,500,428530,0.242088915,16.88588287,10,-9.757911085,-19.75791108,False,False,9
threshold,,all,1000,4285294,0,0,1,-1,-2,False,False,
threshold,,all,1000,4285294,0,0,2,-2,-4,False,False,
threshold,,all,1000,4285294,0,0,3,-3,-6,False,False,
threshold,,all,1000,4285294,0,0,5,-5,-10,False,False,
threshold,,all,1000,4285294,0,0,7.5,-7.5,-15,False,False,
threshold,,all,1000,4285294,0,0,10,-10,-20,False,False,
threshold,0.3,score_at_or_above,1000,433209,0.3043223179,21.23104731,1,-0.6956776821,-1.695677682,False,False,
threshold,0.3,score_at_or_above,1000,433209,0.3043223179,21.23104731,2,-1.695677682,-3.695677682,False,False,
threshold,0.3,score_at_or_above,1000,433209,0.3043223179,21.23104731,3,-2.695677682,-5.695677682,False,False,
threshold,0.3,score_at_or_above,1000,433209,0.3043223179,21.23104731,5,-4.695677682,-9.695677682,False,False,
threshold,0.3,score_at_or_above,1000,433209,0.3043223179,21.23104731,7.5,-7.195677682,-14.69567768,False,False,
threshold,0.3,score_at_or_above,1000,433209,0.3043223179,21.23104731,10,-9.695677682,-19.69567768,False,False,
threshold,0.5,score_at_or_above,1000,205444,0.4624761555,32.23126816,1,-0.5375238445,-1.537523844,False,False,
threshold,0.5,score_at_or_above,1000,205444,0.4624761555,32.23126816,2,-1.537523844,-3.537523844,False,False,
threshold,0.5,score_at_or_above,1000,205444,0.4624761555,32.23126816,3,-2.537523844,-5.537523844,False,False,
threshold,0.5,score_at_or_above,1000,205444,0.4624761555,32.23126816,5,-4.537523844,-9.537523844,False,False,
threshold,0.5,score_at_or_above,1000,205444,0.4624761555,32.23126816,7.5,-7.037523844,-14.53752384,False,False,
threshold,0.5,score_at_or_above,1000,205444,0.4624761555,32.23126816,10,-9.537523844,-19.53752384,False,False,
threshold,0.7,score_at_or_above,1000,102708,0.68195296,47.41257887,1,-0.31804704,-1.31804704,False,False,
threshold,0.7,score_at_or_above,1000,102708,0.68195296,47.41257887,2,-1.31804704,-3.31804704,False,False,
threshold,0.7,score_at_or_above,1000,102708,0.68195296,47.41257887,3,-2.31804704,-5.31804704,False,False,
threshold,0.7,score_at_or_above,1000,102708,0.68195296,47.41257887,5,-4.31804704,-9.31804704,False,False,
threshold,0.7,score_at_or_above,1000,102708,0.68195296,47.41257887,7.5,-6.81804704,-14.31804704,False,False,
threshold,0.7,score_at_or_above,1000,102708,0.68195296,47.41257887,10,-9.31804704,-19.31804704,False,False,
threshold,0.9,score_at_or_above,1000,62716,0.8694903756,60.47347398,1,-0.1305096244,-1.130509624,False,False,
threshold,0.9,score_at_or_above,1000,62716,0.8694903756,60.47347398,2,-1.130509624,-3.130509624,False,False,
threshold,0.9,score_at_or_above,1000,62716,0.8694903756,60.47347398,3,-2.130509624,-5.130509624,False,False,
threshold,0.9,score_at_or_above,1000,62716,0.8694903756,60.47347398,5,-4.130509624,-9.130509624,False,False,
threshold,0.9,score_at_or_above,1000,62716,0.8694903756,60.47347398,7.5,-6.630509624,-14.13050962,False,False,
threshold,0.9,score_at_or_above,1000,62716,0.8694903756,60.47347398,10,-9.130509624,-19.13050962,False,False,
decile,,,1000,428530,-0.04958947502,-3.205723053,1,-1.049589475,-2.049589475,False,False,0
decile,,,1000,428530,-0.04958947502,-3.205723053,2,-2.049589475,-4.049589475,False,False,0
decile,,,1000,428530,-0.04958947502,-3.205723053,3,-3.049589475,-6.049589475,False,False,0
decile,,,1000,428530,-0.04958947502,-3.205723053,5,-5.049589475,-10.04958948,False,False,0
decile,,,1000,428530,-0.04958947502,-3.205723053,7.5,-7.549589475,-15.04958948,False,False,0
decile,,,1000,428530,-0.04958947502,-3.205723053,10,-10.04958948,-20.04958948,False,False,0
decile,,,1000,428529,-0.03757643202,-2.485700918,1,-1.037576432,-2.037576432,False,False,1
decile,,,1000,428529,-0.03757643202,-2.485700918,2,-2.037576432,-4.037576432,False,False,1
decile,,,1000,428529,-0.03757643202,-2.485700918,3,-3.037576432,-6.037576432,False,False,1
decile,,,1000,428529,-0.03757643202,-2.485700918,5,-5.037576432,-10.03757643,False,False,1
decile,,,1000,428529,-0.03757643202,-2.485700918,7.5,-7.537576432,-15.03757643,False,False,1
decile,,,1000,428529,-0.03757643202,-2.485700918,10,-10.03757643,-20.03757643,False,False,1
decile,,,1000,428529,-0.0428159702,-2.898017833,1,-1.04281597,-2.04281597,False,False,2
decile,,,1000,428529,-0.0428159702,-2.898017833,2,-2.04281597,-4.04281597,False,False,2
decile,,,1000,428529,-0.0428159702,-2.898017833,3,-3.04281597,-6.04281597,False,False,2
decile,,,1000,428529,-0.0428159702,-2.898017833,5,-5.04281597,-10.04281597,False,False,2
decile,,,1000,428529,-0.0428159702,-2.898017833,7.5,-7.54281597,-15.04281597,False,False,2
decile,,,1000,428529,-0.0428159702,-2.898017833,10,-10.04281597,-20.04281597,False,False,2
decile,,,1000,428530,-0.05712954018,-3.944900017,1,-1.05712954,-2.05712954,False,False,3
decile,,,1000,428530,-0.05712954018,-3.944900017,2,-2.05712954,-4.05712954,False,False,3
decile,,,1000,428530,-0.05712954018,-3.944900017,3,-3.05712954,-6.05712954,False,False,3
decile,,,1000,428530,-0.05712954018,-3.944900017,5,-5.05712954,-10.05712954,False,False,3
decile,,,1000,428530,-0.05712954018,-3.944900017,7.5,-7.55712954,-15.05712954,False,False,3
decile,,,1000,428530,-0.05712954018,-3.944900017,10,-10.05712954,-20.05712954,False,False,3
decile,,,1000,428529,-0.07872220077,-5.538625347,1,-1.078722201,-2.078722201,False,False,4
decile,,,1000,428529,-0.07872220077,-5.538625347,2,-2.078722201,-4.078722201,False,False,4
decile,,,1000,428529,-0.07872220077,-5.538625347,3,-3.078722201,-6.078722201,False,False,4
decile,,,1000,428529,-0.07872220077,-5.538625347,5,-5.078722201,-10.0787222,False,False,4
decile,,,1000,428529,-0.07872220077,-5.538625347,7.5,-7.578722201,-15.0787222,False,False,4
decile,,,1000,428529,-0.07872220077,-5.538625347,10,-10.0787222,-20.0787222,False,False,4
decile,,,1000,428529,-0.07746764788,-5.537528354,1,-1.077467648,-2.077467648,False,False,5
decile,,,1000,428529,-0.07746764788,-5.537528354,2,-2.077467648,-4.077467648,False,False,5
decile,,,1000,428529,-0.07746764788,-5.537528354,3,-3.077467648,-6.077467648,False,False,5
decile,,,1000,428529,-0.07746764788,-5.537528354,5,-5.077467648,-10.07746765,False,False,5
decile,,,1000,428529,-0.07746764788,-5.537528354,7.5,-7.577467648,-15.07746765,False,False,5
decile,,,1000,428529,-0.07746764788,-5.537528354,10,-10.07746765,-20.07746765,False,False,5
decile,,,1000,428530,-0.04999990319,-3.647608735,1,-1.049999903,-2.049999903,False,False,6
decile,,,1000,428530,-0.04999990319,-3.647608735,2,-2.049999903,-4.049999903,False,False,6
decile,,,1000,428530,-0.04999990319,-3.647608735,3,-3.049999903,-6.049999903,False,False,6
decile,,,1000,428530,-0.04999990319,-3.647608735,5,-5.049999903,-10.0499999,False,False,6
decile,,,1000,428530,-0.04999990319,-3.647608735,7.5,-7.549999903,-15.0499999,False,False,6
decile,,,1000,428530,-0.04999990319,-3.647608735,10,-10.0499999,-20.0499999,False,False,6
decile,,,1000,428529,0.00185564624,0.001388522635,1,-0.9981443538,-1.998144354,False,False,7
decile,,,1000,428529,0.00185564624,0.001388522635,2,-1.998144354,-3.998144354,False,False,7
decile,,,1000,428529,0.00185564624,0.001388522635,3,-2.998144354,-5.998144354,False,False,7
decile,,,1000,428529,0.00185564624,0.001388522635,5,-4.998144354,-9.998144354,False,False,7
decile,,,1000,428529,0.00185564624,0.001388522635,7.5,-7.498144354,-14.99814435,False,False,7
decile,,,1000,428529,0.00185564624,0.001388522635,10,-9.998144354,-19.99814435,False,False,7
decile,,,1000,428529,0.08527098892,5.896716327,1,-0.9147290111,-1.914729011,False,False,8
decile,,,1000,428529,0.08527098892,5.896716327,2,-1.914729011,-3.914729011,False,False,8
decile,,,1000,428529,0.08527098892,5.896716327,3,-2.914729011,-5.914729011,False,False,8
decile,,,1000,428529,0.08527098892,5.896716327,5,-4.914729011,-9.914729011,False,False,8
decile,,,1000,428529,0.08527098892,5.896716327,7.5,-7.414729011,-14.91472901,False,False,8
decile,,,1000,428529,0.08527098892,5.896716327,10,-9.914729011,-19.91472901,False,False,8
decile,,,1000,428530,0.3061744816,21.35998138,1,-0.6938255184,-1.693825518,False,False,9
decile,,,1000,428530,0.3061744816,21.35998138,2,-1.693825518,-3.693825518,False,False,9
decile,,,1000,428530,0.3061744816,21.35998138,3,-2.693825518,-5.693825518,False,False,9
decile,,,1000,428530,0.3061744816,21.35998138,5,-4.693825518,-9.693825518,False,False,9
decile,,,1000,428530,0.3061744816,21.35998138,7.5,-7.193825518,-14.69382552,False,False,9
decile,,,1000,428530,0.3061744816,21.35998138,10,-9.693825518,-19.69382552,False,False,9
