grouping,group_value,horizon_ms,observations,p_move_in_predicted_direction,p_move_opposite,p_no_move,mean_size_when_right_ticks,mean_size_when_wrong_ticks,contribution_right_ticks,contribution_wrong_ticks,expected_directional_markout_ticks,size_asymmetry_ratio,probability_edge
score_band,<0.30,100,3852076,0.006785951264,0.02893115297,0.9642828958,34.78858072,37.10845709,0.2360736133,1.073590448,-0.8375168351,0.9374838905,-0.0221452017
score_band,0.30-0.50,100,227764,0.07826961241,0.06365360636,0.8580767812,34.3273125,47.60273831,2.686785445,3.030085966,-0.3433005216,0.7211205431,0.01461600604
score_band,0.50-0.70,100,102736,0.1900696932,0.08133468307,0.7285956237,36.22402315,55.03602202,6.885088966,4.476337409,2.408751557,0.6581875255,0.1087350101
score_band,0.70-0.90,100,39992,0.4861222244,0.1053710742,0.4085067013,40.87708966,69.66207879,19.87126175,7.340368074,12.53089368,0.5867911261,0.3807511502
score_band,>=0.90,100,62716,0.9241820269,0.03799668346,0.03782128962,47.04510792,71.76353336,43.47824319,2.726776261,40.75146693,0.6555572965,0.8861853435
side,threatened_ask,100,2142642,0.03247486048,0.0332832083,0.9342419312,41.93955333,39.71040749,1.361981143,1.321689764,0.04029137859,1.056135053,-0.0008083478248
side,threatened_bid,100,2142642,0.0332832083,0.03247486048,0.9342419312,39.71040749,41.93955333,1.321689764,1.361981143,-0.04029137859,0.9468486032,0.0008083478248
score_band_and_side,<0.30 / threatened_ask,100,1930102,0.006816220075,0.02905597735,0.9641278026,35.44595622,36.458765,0.2416074384,1.05934505,-0.8177376118,0.9722204309,-0.02223975728
score_band_and_side,<0.30 / threatened_bid,100,1921974,0.006755554446,0.0288058007,0.9644386449,34.12249692,37.76656311,0.2305163858,1.08789609,-0.8573797044,0.9035107807,-0.02205024626
score_band_and_side,0.30-0.50 / threatened_ask,100,111969,0.07765542248,0.06838499942,0.8539595781,35.25859689,45.90727439,2.738021238,3.139368932,-0.4013476945,0.7680394309,0.009270423064
score_band_and_side,0.30-0.50 / threatened_bid,100,115795,0.07886350879,0.05907854398,0.8620579472,33.44059352,49.50043853,2.637242541,2.924413835,-0.2871712941,0.6755615608,0.01978496481
score_band_and_side,0.50-0.70 / threatened_ask,100,49788,0.1879368523,0.0853619346,0.7267012131,38.31997435,52.18541176,7.201735358,4.454647706,2.747087652,0.7343043401,0.1025749177
score_band_and_side,0.50-0.70 / threatened_bid,100,52948,0.1920752436,0.07754778273,0.7303769736,34.29562439,57.98660497,6.587340409,4.496732643,2.090607766,0.5914404612,0.1145274609
score_band_and_side,0.70-0.90 / threatened_ask,100,19214,0.4853232018,0.1101280316,0.4045487665,42.99597855,66.40122873,20.86694598,7.312636619,13.55430936,0.6475178151,0.3751951702
score_band_and_side,0.70-0.90 / threatened_bid,100,20778,0.4868611031,0.1009721821,0.4121667148,38.92388296,72.95090562,18.95052459,7.366012128,11.58451247,0.5335627108,0.385888921
score_band_and_side,>=0.90 / threatened_ask,100,31569,0.9201748551,0.03832874022,0.0414964047,47.70697786,60.70991736,43.89876144,2.326934651,41.57182679,0.7858185276,0.8818461149
score_band_and_side,>=0.90 / threatened_bid,100,31147,0.9282434905,0.03766012778,0.03409638167,46.38010169,83.16581415,43.05202748,3.132035188,39.91999229,0.55768229,0.8905833628
score_band,<0.30,250,3852052,0.02447293027,0.05425549811,0.9212715716,46.05144212,46.43542429,1.127013732,2.519377075,-1.392363343,0.9917308353,-0.02978256784
score_band,0.30-0.50,250,227764,0.1995047505,0.104516078,0.6959791714,46.49798636,64.53171603,9.276569168,6.744601869,2.531967299,0.7205447061,0.09498867249
score_band,0.50-0.70,250,102736,0.3552406167,0.130090718,0.5146686653,49.30999288,75.71560045,17.51691228,9.849896823,7.667015457,0.6512527482,0.2251498988
score_band,0.70-0.90,250,39992,0.5949689938,0.1601070214,0.2449239848,58.56667647,98.44666563,34.84535657,15.7620024,19.08335417,0.5949076701,0.4348619724
score_band,>=0.90,250,62716,0.9090822119,0.0709069456,0.02001084253,63.67201915,88.66460535,57.88310001,6.286936348,51.59616366,0.718122174,0.8381752663
side,threatened_ask,250,2142630,0.05903399094,0.06091905742,0.8800469516,53.31657549,50.05574709,3.147490234,3.049348931,0.09814130298,1.065143936,-0.001885066484
side,threatened_bid,250,2142630,0.06091905742,0.05903399094,0.8800469516,50.05574709,53.31657549,3.049348931,3.147490234,-0.09814130298,0.9388402505,0.001885066484
score_band_and_side,<0.30 / threatened_ask,250,1930090,0.02454237885,0.05489484946,0.9205627717,47.27089447,45.35593004,1.160140201,2.489806952,-1.329666751,1.042220817,-0.03035247061
score_band_and_side,<0.30 / threatened_bid,250,1921962,0.02440318799,0.05361344293,0.9219833691,44.81984777,47.54539367,1.093747171,2.54907225,-1.455325079,0.9426748694,-0.02921025494
score_band_and_side,0.30-0.50 / threatened_ask,250,111969,0.1956791612,0.1101286963,0.6941921425,48.37350525,62.47725245,9.465686931,6.880538363,2.585148568,0.7742578835,0.08555046486
score_band_and_side,0.30-0.50 / threatened_bid,250,115795,0.203203938,0.09908890712,0.6977071549,44.75159371,66.73962873,9.093700073,6.613156872,2.480543201,0.6705400459,0.1041150309
score_band_and_side,0.50-0.70 / threatened_ask,250,49788,0.3458263035,0.1362577328,0.5179159637,51.99001045,71.79517983,17.97951314,9.782648429,8.196864706,0.7241434672,0.2095685707
score_band_and_side,0.50-0.70 / threatened_bid,250,52948,0.3640930724,0.124291758,0.5116151696,46.91635543,79.75695183,17.08192,9.913131752,7.168788245,0.5882415809,0.2398013145
score_band_and_side,0.70-0.90 / threatened_ask,250,19214,0.5890496513,0.1671177267,0.243832622,60.36552394,91.79554656,35.55829083,15.34066306,20.21762777,0.6576084157,0.4219319246
score_band_and_side,0.70-0.90 / threatened_bid,250,20778,0.600442776,0.1536240254,0.2459331986,56.93479481,105.1373747,34.18608625,16.15162672,18.03445952,0.541527644,0.4468187506
score_band_and_side,>=0.90 / threatened_ask,250,31569,0.9082644366,0.07124077418,0.02049478919,65.09564747,78.19208537,59.12406158,5.570464696,53.55359688,0.8325094179,0.8370236625
score_band_and_side,>=0.90 / threatened_bid,250,31147,0.9099110669,0.07056859409,0.01952033904,62.23171377,99.38011829,56.62532507,7.013115228,49.61220984,0.6261988297,0.8393424728
score_band,<0.30,500,3852028,0.05147729975,0.08604117104,0.8624815292,54.3937476,54.44478522,2.80004325,4.684493077,-1.884449827,0.9990625803,-0.03456387129
score_band,0.30-0.50,500,227764,0.317872886,0.148759242,0.533367872,57.6256768,79.53587451,18.31764019,11.83169641,6.485943784,0.7245243376,0.1691136439
score_band,0.50-0.70,500,102736,0.4697866376,0.1814553808,0.3487579816,63.57664097,95.14773093,29.86745639,17.26506775,12.60238865,0.6681887246,0.2883312568
score_band,0.70-0.90,500,39992,0.6371774355,0.2142178436,0.1486047209,77.71725139,120.3266021,49.51967894,25.77610522,23.74357371,0.6458858644,0.4229595919
score_band,>=0.90,500,62716,0.8751355316,0.1084093373,0.01645513107,77.48260909,105.1942933,67.8077843,11.40404363,56.40374067,0.7365666585,0.7667261943
side,threatened_ask,500,2142618,0.09190252299,0.09446900941,0.8136284676,62.69542994,58.86018299,5.761868191,5.560463181,0.2014050101,1.065158597,-0.00256648642
side,threatened_bid,500,2142618,0.09446900941,0.09190252299,0.8136284676,58.86018299,62.69542994,5.560463181,5.761868191,-0.2014050101,0.9388273284,0.00256648642
score_band_and_side,<0.30 / threatened_ask,500,1930078,0.05160516829,0.08713896537,0.8612558663,56.20851991,53.07653477,2.900650129,4.625034325,-1.724384196,1.059008847,-0.03553379708
score_band_and_side,<0.30 / threatened_bid,500,1921950,0.05134889045,0.0849387341,0.8637123755,52.56220488,55.85441476,2.6990109,4.744203283,-2.045192383,0.9410573025,-0.03358984365
score_band_and_side,0.30-0.50 / threatened_ask,500,111969,0.3107824487,0.1540247747,0.5351927766,59.79028967,77.01235069,18.58177263,11.86180997,6.719962668,0.7763727394,0.156757674
score_band_and_side,0.30-0.50 / threatened_bid,500,115795,0.324729047,0.1436676886,0.5316032644,55.62248019,82.15192955,18.06223498,11.80257783,6.259657153,0.6770684571,0.1810613584
score_band_and_side,0.50-0.70 / threatened_ask,500,49788,0.4568369888,0.1878163413,0.3553466699,66.44741701,90.62389049,30.3556379,17.02064755,13.33499036,0.7332218541,0.2690206475
score_band_and_side,0.50-0.70 / threatened_bid,500,52948,0.4819634358,0.17547405,0.3425625142,61.01792782,99.70078571,29.40841014,17.49490066,11.91350948,0.6120105011,0.3064893858
score_band_and_side,0.70-0.90 / threatened_ask,500,19214,0.628760279,0.2218174248,0.1494222962,79.67357835,115.0160723,50.09558135,25.51256896,24.58301239,0.6927169114,0.4069428542
score_band_and_side,0.70-0.90 / threatened_bid,500,20778,0.6449610165,0.2071902974,0.1478486861,75.95362286,125.5840883,48.98712581,26.0198046,22.96732121,0.6048029166,0.437770719
score_band_and_side,>=0.90 / threatened_ask,500,31569,0.8769995882,0.1066552631,0.01634514872,79.19294951,95.48381348,69.4521841,10.18385125,59.26833286,0.8293861191,0.7703443251
score_band_and_side,>=0.90 / threatened_bid,500,31147,0.8732462195,0.1101871769,0.01656660353,75.74164491,114.7208625,66.14110508,12.64076797,53.50033711,0.6602255534,0.7630590426
score_band,<0.30,1000,3851979,0.09599740809,0.1321053412,0.7718972507,63.2870139,64.06290445,6.0753893,8.463051849,-2.38766255,0.9878886142,-0.03610793309
score_band,0.30-0.50,1000,227758,0.432862951,0.2086468971,0.3584901518,72.83388952,96.90202226,31.52709235,20.21830627,11.30878608,0.7516240406,0.2242160539
score_band,0.50-0.70,1000,102735,0.5460748528,0.246196525,0.2077286222,84.00631896,117.0577037,45.87373826,28.81919988,17.05453838,0.717648786,0.2998783277
score_band,0.70-0.90,1000,39992,0.6441288258,0.2672034407,0.08866773355,105.7295031,154.0841288,68.10342068,41.17180936,26.93161132,0.686180361,0.3769253851
score_band,>=0.90,1000,62712,0.8294425309,0.1575137135,0.01304375558,97.46142533,129.2914558,80.83865129,20.36517732,60.47347398,0.7538118026,0.6719288175
side,threatened_ask,1000,2142588,0.1391546112,0.1419283595,0.7189170293,73.7071333,69.42901866,10.25668747,9.853946722,0.4027407509,1.061618538,-0.002773748383
side,threatened_bid,1000,2142588,0.1419283595,0.1391546112,0.7189170293,69.42901866,73.7071333,9.853946722,10.25668747,-0.4027407509,0.9419579293,0.002773748383
score_band_and_side,<0.30 / threatened_ask,1000,1930053,0.0961388107,0.1335020334,0.7703591559,65.3654724,62.54838046,6.284158777,8.350335975,-2.066177198,1.045038607,-0.03736322267
score_band_and_side,<0.30 / threatened_bid,1000,1921926,0.09585540754,0.130702743,0.7734418495,61.1935954,65.61640678,5.865737026,8.576244351,-2.710507324,0.9325959528,-0.03484733543
score_band_and_side,0.30-0.50 / threatened_ask,1000,111967,0.424723356,0.2119463771,0.363330267,75.35306487,94.35832877,32.0042066,19.99890593,12.00530067,0.7985841404,0.2127769789
score_band_and_side,0.30-0.50 / threatened_bid,1000,115791,0.4407337358,0.2054563826,0.3538098816,70.48640096,99.43940731,31.06573482,20.43046092,10.6352739,0.7088377019,0.2352773532
score_band_and_side,0.50-0.70 / threatened_ask,1000,49787,0.5339144757,0.2514913532,0.2145941712,87.47887668,112.7614008,46.70623858,28.35851728,18.34772129,0.7757874239,0.2824231225
score_band_and_side,0.50-0.70 / threatened_bid,1000,52948,0.5575092544,0.2412177986,0.201272947,80.8792642,121.2695741,45.09093828,29.25237969,15.83855859,0.6669378104,0.3162914558
score_band_and_side,0.70-0.90 / threatened_ask,1000,19214,0.6353700427,0.2745393984,0.09009055897,108.2423411,144.5845498,68.77394088,39.6941553,29.07978557,0.7486438991,0.3608306443
score_band_and_side,0.70-0.90 / threatened_bid,1000,20778,0.6522283184,0.2604196747,0.08735200693,103.4658722,163.3449455,67.48337184,42.53823756,24.94513428,0.6334194908,0.3918086438
score_band_and_side,>=0.90 / threatened_ask,1000,31567,0.8316596446,0.1552570723,0.01308328318,99.67984611,118.8676801,82.89970539,18.45504799,64.4446574,0.8385782078,0.6764025723
score_band_and_side,>=0.90 / threatened_bid,1000,31145,0.8271953765,0.1598009311,0.01300369241,95.20081124,139.5560579,78.74967089,22.30118799,56.4484829,0.6821689628,0.6673944453
