population,decile,observations,mean_sweep_p,min_sweep_p,max_sweep_p,realised_sweep_rate_100ms,realised_sweep_rate_250ms,realised_sweep_rate_500ms,realised_sweep_rate_1000ms,p_next_move_follows_sweep,next_move_observed,time_to_next_mid_move_median_ms,time_to_next_mid_move_p25_ms,time_to_next_mid_move_p75_ms,p_mid_moves_within_100ms,p_mid_moves_within_250ms,p_mid_moves_within_500ms,p_mid_moves_within_1000ms,first_move_observed,first_move_mean_ticks,first_move_median_ticks,first_move_std_ticks,first_move_p5_ticks,first_move_p10_ticks,first_move_p25_ticks,first_move_p50_ticks,first_move_p75_ticks,first_move_p90_ticks,first_move_p95_ticks,first_move_frac_favourable,first_move_frac_ge_1t,first_move_frac_ge_5t,first_move_frac_ge_10t,first_move_frac_ge_25t,first_move_frac_ge_50t,first_move_mean_bps,first_move_median_bps,first_move_mean_usd_per_btc,markout_100ms_observed,markout_100ms_mean_ticks,markout_100ms_median_ticks,markout_100ms_std_ticks,markout_100ms_p5_ticks,markout_100ms_p10_ticks,markout_100ms_p25_ticks,markout_100ms_p50_ticks,markout_100ms_p75_ticks,markout_100ms_p90_ticks,markout_100ms_p95_ticks,markout_100ms_frac_favourable,markout_100ms_frac_ge_1t,markout_100ms_frac_ge_5t,markout_100ms_frac_ge_10t,markout_100ms_frac_ge_25t,markout_100ms_frac_ge_50t,markout_100ms_mean_bps,markout_100ms_median_bps,markout_100ms_mean_usd_per_btc,markout_250ms_observed,markout_250ms_mean_ticks,markout_250ms_median_ticks,markout_250ms_std_ticks,markout_250ms_p5_ticks,markout_250ms_p10_ticks,markout_250ms_p25_ticks,markout_250ms_p50_ticks,markout_250ms_p75_ticks,markout_250ms_p90_ticks,markout_250ms_p95_ticks,markout_250ms_frac_favourable,markout_250ms_frac_ge_1t,markout_250ms_frac_ge_5t,markout_250ms_frac_ge_10t,markout_250ms_frac_ge_25t,markout_250ms_frac_ge_50t,markout_250ms_mean_bps,markout_250ms_median_bps,markout_250ms_mean_usd_per_btc,markout_500ms_observed,markout_500ms_mean_ticks,markout_500ms_median_ticks,markout_500ms_std_ticks,markout_500ms_p5_ticks,markout_500ms_p10_ticks,markout_500ms_p25_ticks,markout_500ms_p50_ticks,markout_500ms_p75_ticks,markout_500ms_p90_ticks,markout_500ms_p95_ticks,markout_500ms_frac_favourable,markout_500ms_frac_ge_1t,markout_500ms_frac_ge_5t,markout_500ms_frac_ge_10t,markout_500ms_frac_ge_25t,markout_500ms_frac_ge_50t,markout_500ms_mean_bps,markout_500ms_median_bps,markout_500ms_mean_usd_per_btc,markout_1000ms_observed,markout_1000ms_mean_ticks,markout_1000ms_median_ticks,markout_1000ms_std_ticks,markout_1000ms_p5_ticks,markout_1000ms_p10_ticks,markout_1000ms_p25_ticks,markout_1000ms_p50_ticks,markout_1000ms_p75_ticks,markout_1000ms_p90_ticks,markout_1000ms_p95_ticks,markout_1000ms_frac_favourable,markout_1000ms_frac_ge_1t,markout_1000ms_frac_ge_5t,markout_1000ms_frac_ge_10t,markout_1000ms_frac_ge_25t,markout_1000ms_frac_ge_50t,markout_1000ms_mean_bps,markout_1000ms_median_bps,markout_1000ms_mean_usd_per_btc,markout_2000ms_observed,markout_2000ms_mean_ticks,markout_2000ms_median_ticks,markout_2000ms_std_ticks,markout_2000ms_p5_ticks,markout_2000ms_p10_ticks,markout_2000ms_p25_ticks,markout_2000ms_p50_ticks,markout_2000ms_p75_ticks,markout_2000ms_p90_ticks,markout_2000ms_p95_ticks,markout_2000ms_frac_favourable,markout_2000ms_frac_ge_1t,markout_2000ms_frac_ge_5t,markout_2000ms_frac_ge_10t,markout_2000ms_frac_ge_25t,markout_2000ms_frac_ge_50t,markout_2000ms_mean_bps,markout_2000ms_median_bps,markout_2000ms_mean_usd_per_btc,markout_5000ms_observed,markout_5000ms_mean_ticks,markout_5000ms_median_ticks,markout_5000ms_std_ticks,markout_5000ms_p5_ticks,markout_5000ms_p10_ticks,markout_5000ms_p25_ticks,markout_5000ms_p50_ticks,markout_5000ms_p75_ticks,markout_5000ms_p90_ticks,markout_5000ms_p95_ticks,markout_5000ms_frac_favourable,markout_5000ms_frac_ge_1t,markout_5000ms_frac_ge_5t,markout_5000ms_frac_ge_10t,markout_5000ms_frac_ge_25t,markout_5000ms_frac_ge_50t,markout_5000ms_mean_bps,markout_5000ms_median_bps,markout_5000ms_mean_usd_per_btc,side_name
all,0,428530,0.000880708822,3.767711324e-05,0.00158629135,0.0002800270693,0.0008540825613,0.00212120505,0.00524817399,0.2349977886,318803,6390.446289,2227.55603,14143.12402,0.01102139874,0.02909247894,0.05528201059,0.09949361772,428520,-10.40557034,-13,36.01669105,-59,-45,-30,-13,6,35,46,0.290324839,0.290324839,0.2562820872,0.2343717913,0.1554256511,0.04197237002,-0.1612145604,-0.2020247542,-1.040557034,428530,-0.2366718783,0,3.021793341,0,0,0,0,-0,0,-0,0.0001423470936,0.0001423470936,0.0001260121812,0.0001190115044,8.63416797e-05,3.500338366e-05,-0.003661192918,0,-0.02366718783,428530,-0.7770611159,0,6.407331847,0,-0,0,-0,-0,0,0,0.0007164025856,0.0007164025856,0.0006510629361,0.0006253937881,0.0005063822836,0.0002216880965,-0.01201885322,0,-0.07770611159,428530,-1.653636852,0,10.55656758,-2,0,0,-0,-0,0,0,0.001936853896,0.001936853896,0.00177817189,0.001708165123,0.001416470259,0.0007187361445,-0.02557607182,0,-0.1653636852,428530,-3.205723053,0,16.22113438,-27,0,0,-0,-0,0,0,0.005014818099,0.005014818099,0.00469045341,0.00452010361,0.003831703731,0.002090868784,-0.04958947502,0,-0.3205723053,428530,-5.809061209,0,23.74736188,-45,-24,0,0,-0,0,0,0.01293491704,0.01293491704,0.01209250228,0.01167946235,0.009803280984,0.005523533942,-0.08988024554,0,-0.5809061209,428520,-11.38724097,0,38.67933623,-81,-50,-8,0,0,0,0,0.04072388687,0.04072388687,0.03838093905,0.03696910296,0.03121674601,0.01882525903,-0.1762480063,0,-1.138724097,
all,1,428529,0.002535498034,0.001586298862,0.003656750547,0.0006043931683,0.001908860098,0.004818821641,0.01172163053,0.3666361046,303208,7385.432861,2667.708069,15454.3186,0.01112176772,0.02492952619,0.04556761752,0.08133733467,428506,-4.989903292,-6.5,39.18722395,-60,-45,-28.5,-6.5,20,40,54.5,0.4031332117,0.403130878,0.3545224571,0.3229663062,0.2138569822,0.06213448586,-0.07601373614,-0.100959974,-0.4989903292,428529,-0.2766312198,0,3.708179682,0,-0,0,0,0,0,-0,0.0003126976237,0.0003126976237,0.0002543585148,0.0002286893069,0.0001516816832,4.900485148e-05,-0.004206877472,0,-0.02766312198,428528,-0.7131155957,0,7.199777387,0,0,0,0,0,0,0,0.001575159616,0.001575159616,0.00140947616,0.001334801927,0.001017436434,0.0004643803905,-0.0108009515,0,-0.07131155957,428528,-1.384092755,0,11.54331673,0,0,0,0,0,0,-0,0.00446878617,0.00446878617,0.004079080013,0.003904062278,0.003096647127,0.001570492477,-0.02093292715,0,-0.1384092755,428524,-2.485700918,0,17.64401796,-20,0,0,-0,0,-0,0,0.01119890601,0.01119890601,0.01035647945,0.009980771205,0.008230577517,0.004431490418,-0.03757643202,0,-0.2485700918,428516,-4.100413987,0,26.58926078,-41,-9,-0,-0,0,0,0,0.02679013152,0.02678779789,0.02512391603,0.02407144657,0.02029795854,0.01156316217,-0.06204433446,0,-0.4100413987,428503,-6.949524274,0,44.909648,-81,-42,-0,0,0,-0,35,0.07509632371,0.07509632371,0.07118269884,0.06843359323,0.05848733848,0.03741630747,-0.105491836,0,-0.6949524274,
all,2,428529,0.005334026558,0.003656761378,0.007425960334,0.001232124855,0.003981079372,0.009353035069,0.02111915169,0.4289931891,321103,6532.842285,2287.645264,14266.06836,0.01478083112,0.03207032462,0.05688362845,0.09936035807,428511,-3.012961161,-3,40.99370476,-62,-47,-28.5,-3,24,41,58,0.4502171473,0.4501938107,0.4000270705,0.3646557498,0.2441314225,0.06995619716,-0.04407125479,-0.04661450504,-0.3012961161,428528,-0.4185782493,0,4.942405813,0,0,-0,0,0,0,0,0.0006930702311,0.0006930702311,0.0005810588806,0.0005273867752,0.0003126983534,0.0001096777807,-0.006226203596,0,-0.04185782493,428527,-0.9708898156,0,9.186522003,0,0,0,0,0,0,0,0.003234335293,0.003234335293,0.002914635484,0.002695279411,0.002013875438,0.0009030936207,-0.01439350969,0,-0.09708898156,428524,-1.712459512,0,14.3943049,0,0,0,0,0,-0,0,0.008512942099,0.008512942099,0.007864203639,0.007369482223,0.005931989807,0.003087341666,-0.0253302081,0,-0.1712459512,428521,-2.898017833,0,22.20713291,-29,0,0,0,0,0,0,0.02015770522,0.02015770522,0.01880654624,0.01788010389,0.01466439218,0.00828430812,-0.0428159702,0,-0.2898017833,428510,-4.429758932,0,33.28662119,-53,-17,0,0,0,0,-0,0.04612027724,0.04612027724,0.0432288628,0.0411332291,0.03452894915,0.02053627687,-0.06536497752,0,-0.4429758932,428503,-6.359067498,0,56.60914662,-97,-53,0,0,0,16,60,0.1160341935,0.1160341935,0.1106106608,0.1060482657,0.09024207532,0.05828897347,-0.09377189269,0,-0.6359067498,
all,3,428530,0.01074401852,0.007425973144,0.01489153125,0.002482912475,0.007635458209,0.01736654804,0.03951965015,0.4590845851,354353,4734.712402,1599.82019,11271.22363,0.02355733218,0.04886506568,0.08525523598,0.1467069292,428522,-2.611545032,-2,44.04737284,-67,-50,-30,-2,26,44,61,0.4699992066,0.4699642025,0.4212525845,0.3845846888,0.262086894,0.0799375528,-0.03595151518,-0.02863235413,-0.2611545032,428529,-0.6893010741,0,6.72490025,0,-0,0,0,0,0,0,0.00136046802,0.00136046802,0.001183117129,0.001057104653,0.0007164042574,0.0002730270297,-0.01009454968,0,-0.06893010741,428527,-1.48482126,0,12.05313013,0,-0,0,0,0,0,0,0.006158305078,0.006158305078,0.005642584948,0.005259878607,0.004062754506,0.001848191596,-0.02166503007,0,-0.148482126,428525,-2.501672014,0,18.64896203,-21,0,0,0,0,0,0,0.01584971705,0.01584971705,0.01473893005,0.01389417187,0.01109620209,0.005929642378,-0.03636189029,0,-0.2501672014,428521,-3.944900017,0,28.46797555,-46,-6,0,0,0,0,0,0.03762942773,0.03762942773,0.03544517072,0.03350594253,0.02751323739,0.01587320108,-0.05712954018,0,-0.3944900017,428514,-5.818106293,0,42.82482254,-78,-38,0,0,0,0,34,0.07902892321,0.07902658956,0.07479335564,0.07117387063,0.05952664324,0.03648422222,-0.08402209475,0,-0.5818106293,428510,-7.55039439,0,72.90408171,-130,-78,0,-0,0,45,90,0.1786656087,0.1786656087,0.1700497071,0.1631397167,0.1403794544,0.09373410189,-0.1083079049,0,-0.755039439,
all,4,428529,0.02102529011,0.01489153268,0.02826360203,0.004417457943,0.01287669826,0.02922143839,0.06448759746,0.4658325164,387620,3260.967529,1114.245728,8042.239624,0.03444123707,0.07125355288,0.1233101762,0.2089119979,428471,-3.034206516,-1,48.94828851,-76,-57,-32,-1,27,49,68,0.472697102,0.4726060807,0.4255527212,0.3862478441,0.2719507271,0.09779424979,-0.04005646894,-0.01559324095,-0.3034206516,428527,-1.072424841,0,9.361655334,0,0,-0,0,0,0,0,0.002401248929,0.002396581779,0.002088549846,0.001939201031,0.001334805041,0.0004993851029,-0.01542879761,0,-0.1072424841,428526,-2.226153139,0,16.25977255,-12,-0,0,0,-0,0,-0,0.01057112054,0.01056878696,0.009726364328,0.009110299025,0.006940068981,0.003430363619,-0.03189655093,0,-0.2226153139,428521,-3.673654267,0,25.15210036,-39,0,0,0,0,0,0,0.02674548038,0.02674314678,0.02500460888,0.02355310475,0.01889989055,0.01032154784,-0.05243843029,0,-0.3673654267,428501,-5.538625347,0,37.75916742,-68,-30,0,0,0,0,17,0.06146076672,0.06146076672,0.05800919951,0.05483534461,0.04536278795,0.02657169995,-0.07872220077,0,-0.5538625347,428476,-7.408557305,0,56.7191962,-103,-59,-0,0,0,21,61,0.124492387,0.124492387,0.11818865,0.1125920705,0.09501582352,0.06044912667,-0.104719103,0,-0.7408557305,428441,-8.511041194,0,94.88788401,-168,-107,-24,0,1,76,127,0.2545134569,0.2545134569,0.2434547581,0.2334673852,0.2022262108,0.1433149488,-0.118805219,0,-0.8511041194,
all,5,428529,0.03812706536,0.02826361931,0.049637927,0.007308723564,0.02127530482,0.0470407587,0.09816202896,0.4864044474,406530,2480.869629,870.5093842,6033.743164,0.04327361742,0.08904731346,0.1553899216,0.2625316208,428459,-2.108931076,-1,52.48817085,-80,-60,-33,-1,29,54.5,74,0.4892206722,0.4890829694,0.4396500015,0.4001713116,0.2890148182,0.1177288842,-0.02599739201,-0.01436576237,-0.2108931076,428529,-1.346618315,0,10.8025943,0,0,0,0,0,0,-0,0.004055734851,0.004051067722,0.003516681485,0.003222652376,0.002310228713,0.0008774201979,-0.01916116066,0,-0.1346618315,428525,-2.581327811,0,19.95682537,-22,0,0,0,0,-0,-0,0.01746689225,0.0174575579,0.01609007642,0.01508896797,0.01184294965,0.005955311825,-0.036558631,0,-0.2581327811,428522,-3.934641629,0,30.25983296,-48,-8,0,-0,-0,-0,0,0.04299195841,0.0429872912,0.04005628649,0.03786503377,0.0307358782,0.01732466478,-0.05542367205,0,-0.3934641629,428516,-5.537528354,0,45.52811259,-79,-40,0,0,0,0,40,0.09292535168,0.09292301804,0.08734563003,0.08291405688,0.06877222787,0.04203110269,-0.07746764788,0,-0.5537528354,428494,-6.762602277,0,67.76014179,-119,-72,0,0,-0,43,86,0.1765812357,0.1765789019,0.1672205445,0.159577497,0.135586496,0.08976788473,-0.09370115226,0,-0.6762602277,428415,-6.950789538,0,114.0898817,-196,-129,-38,0,28,103,161,0.3239265665,0.3239242323,0.3099541333,0.297947084,0.2605627721,0.1918700326,-0.09402178104,0,-0.6950789538,
all,6,428530,0.06596689571,0.04963798184,0.08561917354,0.01315203009,0.03585596938,0.0736700123,0.1441689731,0.5196688617,415174,1970.214233,706.3174286,4791.084351,0.04964914696,0.106114067,0.185441019,0.3127313205,428483,0.164670477,1,53.28271402,-81,-60,-32,1,32,58,79,0.520410378,0.5202120037,0.4675471372,0.4270531153,0.3126565115,0.1340146517,0.006472072919,0.01546274985,0.0164670477,428527,-1.372647464,0,11.59645577,0,-0,0,0,-0,0,0,0.00736009633,0.007355429179,0.006517675666,0.005915613252,0.004193434719,0.001864526623,-0.01943917785,0,-0.1372647464,428520,-2.306315925,0,21.32037342,-26,-0,0,0,0,0,0,0.02991692336,0.02991225614,0.0274432932,0.02568374872,0.0200597405,0.01040324839,-0.03236898854,0,-0.2306315925,428519,-3.091180321,0,33.04537813,-52,-13,0,0,0,0,22,0.06730390018,0.06729689932,0.06273467454,0.05922724547,0.04808888287,0.02774439406,-0.04297841646,0,-0.3091180321,428518,-3.647608735,0,50.56198271,-85,-44,0,0,0,25,63,0.1356279083,0.1356209074,0.1274788924,0.1211501034,0.1011579444,0.06325755277,-0.04999990319,0,-0.3647608735,428508,-3.561294072,0,76.12721163,-129,-78,0,0,0,64,108,0.2375964976,0.2375918303,0.2253166802,0.21578827,0.1845333109,0.124259057,-0.04735107799,0,-0.3561294072,428432,-2.431655432,0,128.5693746,-213,-142,-42,-0,44,126,191,0.3857461628,0.3857438287,0.3694471935,0.3563529335,0.3142669082,0.2366863353,-0.02880298289,0,-0.2431655432,
all,7,428529,0.115287243,0.08561922972,0.152258487,0.02382808125,0.06106089988,0.1184988297,0.2138604896,0.5645599567,421004,1533.614258,552.8598938,3708.194946,0.05648172348,0.1281588153,0.2273388111,0.3767703664,428476,3.236376133,5,54.88187569,-81,-60,-30,5,35,63,83,0.563826212,0.5636418376,0.505827631,0.4643340584,0.3425886164,0.1542070034,0.04935259391,0.07724697945,0.3236376133,428528,-1.216506273,0,12.54902218,0,0,-0,-0,0,0,0,0.0137703954,0.01375872755,0.01199221521,0.01092810738,0.007658776089,0.00329266699,-0.01719982696,0,-0.1216506273,428523,-1.523197121,0,24.33223001,-28,0,-0,0,0,-0,1,0.05118745085,0.05117344927,0.04684929397,0.0438389538,0.0341008534,0.01820439043,-0.02120356951,0,-0.1523197121,428519,-1.1885599,0,38.22422977,-55,-14,-0,0,-0,6,45,0.1088749857,0.1088586504,0.1012113815,0.09571104198,0.07753681867,0.0457972692,-0.01590343338,0,-0.11885599,428513,0.001388522635,0,57.9094214,-90,-46,0,0,0,48,86,0.1997325635,0.199716228,0.1881506512,0.1791217536,0.1496290661,0.09680919832,0.00185564624,0,0.0001388522635,428503,2.342285818,0,86.5930609,-138,-83,0,0,24,88,134,0.3163781817,0.3163641795,0.3009337157,0.2884810608,0.2480729423,0.1736393911,0.03635661262,0,0.2342285818,428420,5.192289109,0,144.8645191,-229,-152,-45,0,65,155,224,0.4517459502,0.4517389478,0.4336002054,0.4194738808,0.3738947762,0.2907030484,0.07876654792,0,0.5192289109,
all,8,428529,0.2151014101,0.1522585878,0.3026963746,0.05209694582,0.1181307975,0.2059955335,0.3311023677,0.6180258217,425534,1032.776367,366.4707031,2561.038574,0.07782922003,0.1823044163,0.3126395796,0.4876036722,428505,7.256743795,10,56.83046532,-81,-58,-26,10,39,67,87,0.6174770423,0.6173276858,0.5539235248,0.5087315201,0.3777132122,0.1755078704,0.1052324472,0.1533409864,0.7256743795,428528,-0.9012736624,0,15.77524422,0,0,0,0,0,0,0,0.0314821902,0.03143085166,0.02695039764,0.02452348505,0.01745976926,0.007348411306,-0.01276072832,0,-0.09012736624,428525,0.08268245727,0,30.51963537,-32,0,0,0,0,1,37,0.1007502479,0.1007199113,0.09155825214,0.08560760749,0.0663135173,0.03534449565,0.001537004194,0,0.008268245727,428519,2.253791547,0,47.31214824,-61,-18,-0,0,0,40,71,0.188771093,0.1887454232,0.1750634161,0.1655492522,0.1343557695,0.0803558302,0.03285301868,0,0.2253791547,428514,5.896716327,0,71.07942752,-99,-52,0,0,18,73,113,0.3033389808,0.3033179779,0.2858202999,0.2725325194,0.2292317171,0.1518736844,0.08527098892,0,0.5896716327,428502,10.31086786,0,105.4007041,-153,-92,0,-0,47,115,168,0.4210878829,0.4210785481,0.4009922941,0.3849923688,0.3339937737,0.240927697,0.1487941953,0,1.031086786,428479,15.09984387,5,175.2475037,-260,-170,-51,5,91,195,276,0.5203288843,0.5203218828,0.5021949734,0.4871580638,0.4404813305,0.3547525083,0.2179848194,0.07647815057,1.509984387,
all,9,428530,0.5570963498,0.3026967811,0.995349529,0.2793043178,0.4175656723,0.5242352326,0.6346104481,0.7229737466,427945,259.0404663,72.07681274,913.7349243,0.3354708783,0.4926877761,0.6310611417,0.7654124214,428527,15.504813,19,81.4175798,-78,-52,-6,19,44,73,95,0.7226942526,0.7223488835,0.6503580871,0.5968118695,0.4377763828,0.2100474416,0.2222419705,0.2728424801,1.5504813,428529,7.5306362,0,45.9460955,-20,0,0,0,3,41.5,65,0.2672117873,0.2669224253,0.2427536993,0.2229137351,0.162481419,0.07863878524,0.1081782764,0,0.75306362,428529,12.50007934,0,78.35889606,-58,-10,0,0,26,68,100,0.3781867738,0.377976753,0.3500719905,0.3276137671,0.2578401928,0.1502605425,0.1793673879,0,1.250007934,428529,16.88588287,0,105.4449811,-95,-43,0,0,42,94,138,0.4664001736,0.4662274899,0.4378606815,0.4142776802,0.3400563322,0.2192593733,0.242088915,0,1.688588287,428518,21.35998138,7,144.2391815,-148,-80,0,7,61,130,189,0.5383344457,0.5382037627,0.5114137562,0.4892186559,0.4171096663,0.2944240382,0.3061744816,0.1007116718,2.135998138,428503,25.23680931,19,205.9963666,-219,-131,-21,19,86,180,261,0.5803599975,0.5802736504,0.5578047295,0.5385119824,0.476563758,0.3673416522,0.3619352813,0.2769136372,2.523680931,428473,29.84903483,29,329.5911417,-369,-231,-71,29,136,286,414,0.5843425373,0.5842981938,0.5692097285,0.5551108238,0.5124220196,0.4370730478,0.4287232272,0.4171240548,2.984903483,
by_side,0,214265,0.0008825745059,3.999470155e-05,0.001575576635,0.0002893613049,0.0009287564465,0.002244883672,0.005339182788,0.2258486375,159815,6660.48584,2304.174927,14649.75195,0.01078104217,0.02829206823,0.05387720813,0.09688469885,214255,-10.66798441,-13,34.89662197,-60,-45,-30,-13,5,35,46,0.2821264381,0.2821264381,0.2511866701,0.2343329211,0.1544794754,0.04078784626,-0.1652636111,-0.2023911739,-1.066798441,214265,-0.231372366,0,2.963123249,0,0,0,0,0,0,0,0.0001493477703,0.0001493477703,0.000130679299,0.0001260121812,9.334235643e-05,3.266982475e-05,-0.003581845509,0,-0.0231372366,214265,-0.7564627914,0,6.348070919,0,0,0,0,0,0,0,0.0007560730871,0.0007560730871,0.0006860663197,0.000653396495,0.0005320514316,0.0002380230089,-0.0117042521,0,-0.07564627914,214265,-1.623176907,0,10.42558922,-1,0,0,0,0,0,0,0.002039530488,0.002039530488,0.0018855156,0.001796840361,0.001535481763,0.0007747415584,-0.02511319271,0,-0.1623176907,214265,-3.110830047,0,15.93817896,-27,0,0,0,0,0,0,0.005068489954,0.005068489954,0.004741791707,0.004559774111,0.003925046088,0.002193545376,-0.04814452564,0,-0.3110830047,214265,-5.594506802,0,23.33673874,-44,-23,0,0,0,0,0,0.01303526008,0.01303526008,0.01205983245,0.0116024549,0.009842951485,0.005558537325,-0.08661443778,0,-0.5594506802,214255,-10.8735012,0,37.15552305,-79,-48,-6,0,0,0,0,0.03950432895,0.03950432895,0.03716132646,0.03610184126,0.03035168374,0.01795057292,-0.1683901523,0,-1.08735012,threatened_ask
by_side,1,214265,0.002505293793,0.001575579623,0.003612149691,0.0006113924346,0.001918194377,0.004695142441,0.0114347055,0.3530193317,150530,7453.329834,2683.862488,15582.90894,0.01080437776,0.02480117985,0.04526658701,0.08068234855,214242,-5.028477143,-7,38.06797527,-59,-44,-28.5,-7,19,40,56,0.3959447727,0.3959401051,0.3495579765,0.3179488616,0.2088246002,0.06361964507,-0.07665256066,-0.1080813173,-0.5028477143,214265,-0.2713718993,0,3.535794078,0,0,0,0,0,0,0,0.000312696894,0.000312696894,0.0002706928336,0.0002286887732,0.0001540148881,6.067253168e-05,-0.004126601941,0,-0.02713718993,214264,-0.7096385767,0,6.884202522,0,0,0,0,0,0,0,0.001591494605,0.001591494605,0.001432811858,0.001348803345,0.001036104992,0.0004760482396,-0.01075429754,0,-0.07096385767,214264,-1.357395549,0,11.10329091,0,0,0,0,0,0,0,0.004340439831,0.004340439831,0.004013740059,0.003850390173,0.003019639323,0.001516820371,-0.02055160625,0,-0.1357395549,214260,-2.407215533,0,17.3678389,-19,0,0,0,0,0,0,0.01093064501,0.01093064501,0.01020722487,0.009875851769,0.00811630729,0.004270512461,-0.03645414045,0,-0.2407215533,214252,-3.875373392,0,26.25849612,-40,-8,0,0,0,0,0,0.02644549409,0.02644082669,0.02501260198,0.02406978698,0.02023318335,0.01150047607,-0.05875476262,0,-0.3875373392,214239,-6.670650535,0,44.00042829,-80,-41,0,0,0,0,32,0.07176097723,0.07176097723,0.06840024459,0.06597304879,0.05568080508,0.03579180261,-0.1014908488,0,-0.6670650535,threatened_ask
by_side,2,214264,0.005284499866,0.00361218024,0.007390059933,0.001274135058,0.004102454005,0.009465179992,0.02144163991,0.4102021583,160221,6478.357422,2260.085693,14194.55469,0.01482290456,0.03227823879,0.05732781353,0.1004079232,214246,-3.580218534,-4,41.06497892,-63,-46,-29,-4,23,41,58,0.4373010465,0.4372543711,0.3906910747,0.3559599712,0.2353416166,0.06987294979,-0.05282054689,-0.06220786603,-0.3580218534,214263,-0.4108245474,0,4.900427412,0,0,0,0,0,0,0,0.0007934174356,0.0007934174356,0.0006720712396,0.0006067309802,0.0003780400722,0.0001353476802,-0.006115082051,0,-0.04108245474,214262,-0.9649681231,0,9.118590501,0,0,0,0,0,0,0,0.003323034416,0.003323034416,0.003043003426,0.002832980183,0.002114233975,0.0009801084653,-0.0143157995,0,-0.09649681231,214259,-1.666266061,0,14.60125374,0,0,0,0,0,0,0,0.008639077005,0.008639077005,0.008065005437,0.007663622065,0.006188771534,0.003351084435,-0.02467613075,0,-0.1666266061,214256,-2.782531178,0,22.33002678,-29,0,0,0,0,0,0,0.02044750205,0.02044750205,0.01932267941,0.01852923605,0.01516410276,0.008928571429,-0.0411735588,0,-0.2782531178,214245,-4.208238232,0,33.3741535,-53,-18,0,0,0,0,0,0.04574669187,0.04574669187,0.04352026885,0.04174193097,0.03486662466,0.02157809984,-0.06221459392,0,-0.4208238232,214238,-6.080221529,0,56.87764297,-97,-53,0,0,0,16,61,0.1142467723,0.1142467723,0.1097144297,0.1057142057,0.08874242665,0.05858437812,-0.0897911871,0,-0.6080221529,threatened_ask
by_side,3,214265,0.01074534697,0.007390064235,0.0149389513,0.002496919688,0.00767748048,0.01738067124,0.03941024648,0.4405141969,176975,4578.399902,1544.134888,10978.39648,0.02360172497,0.04926655559,0.08664665991,0.1501827228,214261,-3.204472583,-2,44.21974085,-69,-51,-30,-2,25,44,61,0.4548704617,0.4548097881,0.4094585576,0.3743378403,0.2560988701,0.08114402528,-0.04505012377,-0.03108744666,-0.3204472583,214264,-0.6766699026,0,6.739557152,0,0,0,0,0,0,0,0.001330134787,0.001330134787,0.001194787738,0.001073442109,0.0007047380801,0.0003033640742,-0.009909273064,0,-0.06766699026,214263,-1.453732096,0,12.14091759,0,0,0,0,0,0,0,0.006067309802,0.006067309802,0.005717272698,0.005371902755,0.004102434858,0.001997545073,-0.02120745376,0,-0.1453732096,214261,-2.468431026,0,18.89465964,-21,0,0,0,0,0,0,0.01581249037,0.01581249037,0.01496772628,0.01418363585,0.01126196555,0.006249387429,-0.03585927141,0,-0.2468431026,214259,-3.887967367,0,28.66098549,-46,-8,0,0,0,0,0,0.03761802305,0.03761802305,0.03576045814,0.03406624693,0.02795215137,0.01662473922,-0.05628613059,0,-0.3887967367,214253,-5.67558914,0,42.69554764,-78,-38,0,0,0,0,35,0.07907007136,0.07907007136,0.07528015944,0.07187297261,0.06013918125,0.0380484754,-0.08195331481,0,-0.567558914,214253,-7.320933663,0,73.10854449,-130,-78,0,0,0,47,93,0.1788493043,0.1788493043,0.1710781179,0.1647491517,0.1415009358,0.09612000765,-0.1048273346,0,-0.7320933663,threatened_ask
by_side,4,214265,0.0210560952,0.01493897578,0.02823246485,0.004559774111,0.01326861597,0.02993956082,0.06569588351,0.4530436483,194372,3239.325317,1094.18219,7929.328857,0.03541875715,0.0726996943,0.1260075141,0.2123354803,214264,-3.419636523,-2,48.09865702,-76,-56,-32,-2,26,49,67,0.4604413247,0.4603106448,0.416990255,0.3794897883,0.2701107046,0.09623175148,-0.04605352329,-0.02932953499,-0.3419636523,214265,-1.07941101,0,8.751538506,0,0,0,0,0,0,0,0.002496908034,0.002492240917,0.002235549436,0.002076867431,0.001451473642,0.0005413856673,-0.01550548167,0,-0.107941101,214265,-2.173145404,0,15.80257964,-12,0,0,0,0,0,0,0.01083704758,0.01083238046,0.01008564161,0.009427577999,0.007350710569,0.003635684783,-0.03108992675,0,-0.2173145404,214265,-3.55386554,0,24.82806402,-39,0,0,0,0,0,0,0.02738664738,0.02738198026,0.02589316967,0.02443236179,0.01981191515,0.01100039671,-0.05066148979,0,-0.355386554,214260,-5.264316718,0,37.24581322,-67,-30,0,0,0,0,20,0.06255483991,0.06255483991,0.0595491459,0.05640343508,0.04695696817,0.02800802763,-0.07472605871,0,-0.5264316718,214257,-6.902472265,0,55.52333471,-101,-58,0,0,0,22,64,0.1250507568,0.1250507568,0.1195060138,0.1142599775,0.09690231824,0.06272840561,-0.09738100568,0,-0.6902472265,214255,-7.561965882,0,94.53442721,-166,-105,-24,0,2,79,130,0.2564047513,0.2564047513,0.2466033465,0.2373293505,0.2061935544,0.1475251453,-0.104844733,0,-0.7561965882,threatened_ask
by_side,5,214264,0.03795501828,0.02823259305,0.04930944577,0.007308740619,0.02140826928,0.04727878615,0.09779889478,0.4753946283,203736,2489.074341,860.7154999,6138.352051,0.04360975245,0.0906502756,0.1577608618,0.2648280562,214252,-2.296909714,-1,51.8512174,-80,-59,-33,-1,29,54,74,0.4781939025,0.4781145567,0.433853593,0.3963603607,0.2905270429,0.1167316991,-0.02900587084,-0.01462423396,-0.2296909714,214264,-1.310469794,0,10.51313868,0,0,0,0,0,0,0,0.004158421387,0.004153754247,0.003589030355,0.003271664862,0.002370906919,0.0008820893851,-0.01864361049,0,-0.1310469794,214263,-2.500408377,0,19.09434485,-22,0,0,0,0,0,0,0.0175858641,0.01757652978,0.01628372607,0.0153502938,0.01208328083,0.006272664902,-0.03539097392,0,-0.2500408377,214261,-3.736818646,0,29.43794154,-48,-8,0,0,0,0,0,0.04327432431,0.0432696571,0.04052534059,0.0383690919,0.03140562212,0.01812742403,-0.05255051197,0,-0.3736818646,214256,-5.28490684,0,44.75027143,-79,-40,0,0,0,0,42,0.09263217833,0.09263217833,0.08759614667,0.08335822567,0.06965032485,0.04345269211,-0.0738193141,0,-0.528490684,214250,-6.419514586,0,67.39020235,-119,-72,0,0,0,44,88,0.1751085181,0.1751085181,0.1668051342,0.1597152859,0.1364807468,0.09213068845,-0.08872086645,0,-0.6419514586,214232,-5.634795455,0,113.6419406,-195,-127,-37,0,29,104,166,0.3237331491,0.3237331491,0.3115407596,0.3001092274,0.2636907652,0.19704806,-0.07472939399,0,-0.5634795455,threatened_ask
by_side,6,214265,0.0653726857,0.04930957591,0.08479507129,0.01313799798,0.03632035844,0.0739522076,0.1439659478,0.5133106557,207841,1965.525269,699.6243286,4815.997559,0.04993839376,0.1076122468,0.1883459348,0.3142645116,214235,0.14414078,1,53.64185297,-81,-60,-32,1,32,58,79,0.5137582561,0.5135622097,0.4659696128,0.4259154667,0.3162835204,0.1328541088,0.006154080711,0.0154257071,0.014414078,214264,-1.34138026,0,11.50536833,0,0,0,0,0,0,0,0.007406750551,0.007402083411,0.006543329724,0.00588526304,0.004186424224,0.001946197215,-0.01897708546,0,-0.134138026,214260,-2.253577429,0,21.03564198,-26,0,0,0,0,0,0,0.03014095025,0.03013628302,0.02779800243,0.02591711005,0.02009241109,0.0105619341,-0.03157175386,0,-0.2253577429,214260,-2.899066555,0,32.71709073,-52,-14,0,0,0,0,23,0.06773079436,0.06772612714,0.06350695417,0.05998319798,0.04897321012,0.02882945954,-0.04010343468,0,-0.2899066555,214259,-3.288870012,0,50.09027771,-84,-43,0,0,0,26,64,0.1351448481,0.1351448481,0.1277239229,0.1214464737,0.10216607,0.06489809063,-0.04462897699,0,-0.3288870012,214251,-3.031929839,0,75.44228561,-128,-77,0,0,0,66,110,0.2366850096,0.2366803422,0.2257118987,0.216199691,0.1866455699,0.1273319611,-0.03936982532,0,-0.3031929839,214220,-0.9385188124,0,127.5872358,-215,-140,-41,0,47,129,194,0.3875595183,0.3875548502,0.3728643451,0.359789002,0.3195126505,0.2421389226,-0.006474928144,0,-0.09385188124,threatened_ask
by_side,7,214264,0.1140707613,0.08479507848,0.1504233674,0.02393320359,0.06118734248,0.1190626211,0.2139116554,0.5582091538,210448,1519.24115,546.0846863,3678.038391,0.05626263051,0.1292588444,0.229318062,0.3795297127,214218,3.45784668,5,55.37577355,-81,-60,-30,5,36,63,84.5,0.5573341176,0.5572080778,0.5042666816,0.4638172329,0.3451810772,0.1554771308,0.05247756671,0.07572206148,0.345784668,214263,-1.194471281,0,12.36368529,0,0,0,0,0,0,0,0.01363744557,0.01362344409,0.01194326599,0.01095382777,0.007714817771,0.003332353229,-0.01689108444,0,-0.1194471281,214260,-1.394406329,0,24.4890904,-28,0,0,0,0,0,1,0.05133482685,0.05132082517,0.04734434799,0.04443666573,0.03465882573,0.01876225147,-0.019346958,0,-0.1394406329,214257,-0.8303462664,0,38.46684224,-54,-14,0,0,0,7,47,0.1094666685,0.1094479994,0.1025217379,0.09725236515,0.07905926061,0.04733100902,-0.01073166545,0,-0.08303462664,214252,0.6883739708,0,58.04876769,-88,-45,0,0,0,49,88,0.2001054833,0.2000774789,0.1892257715,0.1806097493,0.1518958983,0.09927095196,0.01186228438,0,0.06883739708,214244,3.438724072,0,86.49769995,-135,-81,0,0,25,90,137,0.3165036127,0.31648961,0.3018941021,0.2896557196,0.2502660518,0.1770644685,0.052510345,0,0.3438724072,214193,7.760066856,0,144.3868628,-228,-147.9,-43,0,69,159,227,0.4547440859,0.4547347486,0.4379508201,0.4238560551,0.3801851601,0.2987445902,0.1164996424,0,0.7760066856,threatened_ask
by_side,8,214265,0.2119287612,0.1504240432,0.2980738557,0.05119361538,0.1159364149,0.20129561,0.3251859872,0.6121838864,212740,1045.28833,370.7863235,2590.61322,0.07698410846,0.1806043012,0.3091822162,0.4836695261,214254,7.66321749,10,57.55831841,-80,-58,-26,10,39,67,88,0.6115265059,0.6113818178,0.5540713359,0.5093160454,0.3791061077,0.1775649463,0.1109625397,0.1533837501,0.766321749,214265,-0.8469325368,0,15.29688659,0,0,0,0,0,0,0,0.03071430238,0.0306676312,0.02663524141,0.02418967167,0.01731967424,0.007336709215,-0.01197745176,0,-0.08469325368,214264,0.2109407087,0,30.44164995,-32,0,0,0,0,0,37,0.09832729717,0.09828996005,0.09030448419,0.08453589964,0.0658766755,0.03558693948,0.003378486767,0,0.02109407087,214262,2.555553481,0,47.50700935,-60,-18,0,0,0,39,72,0.1841250432,0.1840923729,0.1725317602,0.1633840812,0.1328467017,0.08075160318,0.03719191078,0,0.2555553481,214262,6.649074498,0,71.54001712,-96,-50,0,0,17,74,114,0.2984570292,0.2984383605,0.283214009,0.2707106253,0.2282485928,0.1529949314,0.0962092605,0,0.6649074498,214261,12.13821461,0,107.0056216,-149,-88,0,0,48,117,173,0.4195537219,0.4195397202,0.400996915,0.3858518349,0.3355580344,0.2450702648,0.1753949365,0,1.213821461,214243,19.37031315,7,176.5917964,-255,-164,-47,7,94,199,280,0.5254920814,0.5254874138,0.5088100895,0.4936824074,0.4470391098,0.3640072254,0.2803498864,0.1081728448,1.937031315,threatened_ask
by_side,9,214265,0.5527919932,0.2980758724,0.995349529,0.2771907553,0.4110023149,0.5148181682,0.624673876,0.7129216345,213959,264.2273865,72.04055405,952.3653259,0.3354039876,0.4890602248,0.6244352761,0.7580685059,214263,16.27303594,19,81.84185683,-76,-51,-8,19,44,74,97,0.7126242048,0.7122601662,0.6481333688,0.5963138759,0.4378544126,0.2132332694,0.2335506504,0.2730746263,1.627303594,214264,7.765821603,0,46.35107706,-22,0,0,0,2,42,65,0.2637493933,0.2634506963,0.2412164433,0.2219784938,0.16194041,0.07953739312,0.111644409,0,0.7765821603,214264,12.97672497,0,78.68406425,-58,-13,0,0,26,69,102,0.3703748647,0.3701415077,0.3451396408,0.3238948213,0.2549004966,0.150641265,0.1864567186,0,1.297672497,214264,17.59368349,0,105.5691435,-94.5,-44,0,0,42,94,140,0.4562082291,0.4560122092,0.4308703282,0.4083000411,0.335049285,0.2178294067,0.2526652932,0,1.759368349,214259,22.71653233,6,144.2988074,-145,-79,0,6,61,130.5,192,0.5285892308,0.5284492133,0.5046509131,0.4829528748,0.4117306624,0.2920017362,0.3263814857,0.08294470284,2.271653233,214250,28.18575963,19,205.5684301,-215,-128,-19,19,86,180,264.5,0.5767047841,0.5766114352,0.5557292882,0.5368028005,0.4748471412,0.3675659277,0.4055977403,0.2730393083,2.818575963,214220,38.07159229,30,328.9062835,-356,-225,-66,30,139,289,424,0.588927271,0.5888759219,0.5744561666,0.5606852768,0.5173699935,0.4428998226,0.5498529345,0.4422048611,3.807159229,threatened_ask
by_side,0,214265,0.0008789139896,3.767711324e-05,0.001597207684,0.0002706928336,0.000784075794,0.002016194899,0.005171166546,0.2442557474,158985,6137.18457,2153.335693,13631.09863,0.01127575666,0.02991155812,0.05675215271,0.1020838681,214265,-10.12948918,-13,37.18174011,-59,-44,-30,-13,6,35,46,0.2985975311,0.2985975311,0.2614332719,0.2343873241,0.1563531141,0.04318950832,-0.1569563489,-0.2020247542,-1.012948918,214265,-0.2416866964,0,3.073293721,0,0,0,0,0,-0,-0,0.0001353464168,0.0001353464168,0.0001213450634,0.0001120108277,7.934100296e-05,3.733694257e-05,-0.003735963084,0,-0.02416866964,214265,-0.797328075,0,6.466496259,0,0,0,0,0,-0,-0,0.0006720649663,0.0006720649663,0.0006113924346,0.0005927239633,0.0004807131356,0.000210020302,-0.01232624722,0,-0.0797328075,214265,-1.680937157,0,10.7678613,-4,0,0,0,0,-0,-0,0.001852845775,0.001852845775,0.001684829534,0.001633491237,0.001311460108,0.0006767320841,-0.02598888832,0,-0.1680937157,214265,-3.294483467,0,16.52362315,-27,0,0,0,0,-0,-0,0.004975147598,0.004975147598,0.00464844935,0.004485100226,0.003743028493,0.002006860663,-0.05093959479,0,-0.3294483467,214265,-6.014272046,0,24.165743,-46,-25,0,0,0,-0,-0,0.01286257672,0.01286257672,0.01215317481,0.01177047115,0.009786946071,0.005502531911,-0.09300085264,0,-0.6014272046,214265,-11.89593027,0,40.1492834,-83,-51,-10,0,0,-0,-0,0.04194338786,0.04194338786,0.03960516183,0.03783632418,0.03209110214,0.01975590974,-0.1840267121,0,-1.189593027,threatened_bid
by_side,1,214265,0.002566428666,0.001597213146,0.003704393324,0.0005833897277,0.001848178657,0.004872471006,0.01197115721,0.3809333552,152675,7325.793457,2654.259399,15320.12793,0.01138310037,0.02494574476,0.04571441906,0.08191258488,214265,-4.932147108,-6,40.20695693,-61,-47,-29,-6,21,40,53,0.4107250368,0.4107250368,0.3598441183,0.3283690757,0.2194152101,0.06067253168,-0.07508283093,-0.0933722073,-0.4932147108,214265,-0.2831890416,0,3.886875885,0,0,0,0,0,-0,-0,0.0002986955406,0.0002986955406,0.0002286887732,0.0002193545376,0.0001446806525,3.266982475e-05,-0.00430617794,0,-0.02831890416,214265,-0.7220848015,0,7.495167361,0,0,0,0,0,-0,-0,0.00152148041,0.00152148041,0.001358131286,0.001297458754,0.0009707605068,0.0004293748396,-0.01093227764,0,-0.07220848015,214265,-1.423594614,0,11.87836297,0,0,0,0,0,-0,-0,0.004527104287,0.004527104287,0.004083728094,0.003901710499,0.00312696894,0.001577485824,-0.02150938304,0,-0.1423594614,214265,-2.581254521,0,17.88880972,-21,0,0,0,0,-0,-0,0.01140176884,0.01140176884,0.0104496768,0.01003430332,0.008298135486,0.00454110564,-0.03895655625,0,-0.2581254521,214265,-4.330833314,0,26.85261834,-43,-11,0,0,0,-0,-0,0.02718596131,0.02718596131,0.02526310877,0.02412433202,0.02040463912,0.01163979185,-0.06541615088,0,-0.4330833314,214265,-7.229218491,0,45.73456949,-83,-44,0,0,0,-0,38,0.07853359158,0.07853359158,0.07404849135,0.07099152918,0.06146127459,0.03908244464,-0.1095069192,0,-0.7229218491,threatened_bid
by_side,2,214264,0.005383016886,0.003704394105,0.007462174503,0.001208789157,0.003920397267,0.009310943509,0.02084344547,0.4469145934,160854,6597.775146,2314.615234,14364.43213,0.01481816824,0.03202591196,0.05658906769,0.09840663854,214264,-2.462403857,-2,40.94250356,-62,-47,-27,-2,25,42,57,0.4627282231,0.4627282231,0.4090141134,0.373128477,0.2526696039,0.07010043684,-0.03558413794,-0.03108073142,-0.2462403857,214264,-0.4272346264,0,4.988604281,0,0,-0,-0,0,-0,-0,0.0006020610088,0.0006020610088,0.0004993839376,0.0004573796811,0.0002520255386,8.867565247e-05,-0.006350825667,0,-0.04272346264,214264,-0.9730519359,0,9.263126214,0,0,-0,-0,0,-0,-0,0.003201657768,0.003201657768,0.0028282866,0.00259492962,0.001950864354,0.0008447522682,-0.01441317234,0,-0.09730519359,214264,-1.750347702,0,14.19261207,0,0,-0,-0,0,-0,-0,0.008452189822,0.008452189822,0.007719448904,0.007131389314,0.005712578875,0.002842288019,-0.02585755706,0,-0.1750347702,214264,-3.002258896,0,22.06693356,-29,0,-0,-0,0,-0,-0,0.01994735467,0.01994735467,0.01835119292,0.01730108651,0.01422544151,0.007672777508,-0.0442896812,0,-0.3002258896,214264,-4.658008345,0,33.20773226,-53,-17,-0,-0,0,-0,-0,0.04638670052,0.04638670052,0.04284434156,0.04043609752,0.03412612478,0.01945730501,-0.06861748263,0,-0.4658008345,214264,-6.618701695,0,56.39340823,-97,-52,-0,-0,0,16,59,0.1176679237,0.1176679237,0.1113532838,0.1062567674,0.09159728186,0.0578865325,-0.09747709569,0,-0.6618701695,threatened_bid
by_side,3,214265,0.01074266011,0.007462209867,0.01484442531,0.002459571092,0.007598067813,0.01738034677,0.03958686287,0.477395828,177423,4897.022949,1654.374023,11549.56885,0.02347093552,0.04841201316,0.08382143607,0.1432445173,214262,-2.048949417,-1,43.83501331,-66,-50,-30,-1,26,44,61,0.4849109968,0.4849016625,0.432834567,0.3945076588,0.2677049593,0.07859069737,-0.02730509961,-0.01552899924,-0.2048949417,214265,-0.7002846942,0,6.707031683,0,0,0,0,0,-0,-0,0.001395468229,0.001395468229,0.001171446573,0.001040767274,0.0007280703801,0.0002426901267,-0.01025529875,0,-0.07002846942,214265,-1.515833197,0,11.9728807,0,0,0,0,0,-0,-0,0.006249270763,0.006249270763,0.005572538679,0.005138496721,0.004018388444,0.001708165123,-0.02212162013,0,-0.1515833197,214265,-2.530595291,0,18.41102058,-21,0,0,0,0,-0,-0,0.01590553754,0.01590553754,0.01452873778,0.01360931557,0.01095372553,0.005647212564,-0.03680048253,0,-0.2530595291,214263,-3.997316382,0,28.29660267,-46,-4,-0,0,-0,-0,-0,0.03759865212,0.03759865212,0.03512038943,0.03290815493,0.02705086739,0.01513093721,-0.05790793262,0,-0.3997316382,214262,-5.952714434,0,42.97703302,-77,-38,0,-0,-0,-0,34,0.07897807357,0.07897340639,0.07432955914,0.07046513147,0.05888585003,0.03496186911,-0.08597569431,0,-0.5952714434,214258,-7.800912918,0,72.75909445,-130,-78,0,-0,-0,43,87,0.1785790962,0.1785790962,0.1691138721,0.1615808978,0.1392340076,0.09133847978,-0.1120805982,0,-0.7800912918,threatened_bid
by_side,4,214265,0.02099435719,0.01484444426,0.02829418628,0.004270452668,0.01246143722,0.02845661265,0.06329787482,0.4789408045,193241,3284.487549,1136.448975,8160.085938,0.03345887997,0.06972337476,0.1205333806,0.2053715209,214207,-2.619902711,-1,49.75127495,-75,-57,-32,-1,28,49,69,0.4852315751,0.4851802229,0.4343555533,0.3932457856,0.2739686378,0.09942252121,-0.03364111432,-0.01544994488,-0.2619902711,214263,-1.064553843,0,9.927144592,0,0,-0,0,-0,-0,-0,0.002300910563,0.002296243402,0.001936871975,0.001796857134,0.00121346196,0.0004573818158,-0.01533934632,0,-0.1064553843,214261,-2.271281288,0,16.61640615,-11,0,0,0,0,0,0,0.01028185251,0.01028185251,0.009339077107,0.008783679718,0.006520085317,0.003220371416,-0.03259198114,0,-0.2271281288,214256,-3.788253304,0,25.42541294,-39,-0,-0,-0,0,-0,0,0.02607628258,0.02607628258,0.02408800687,0.02265980883,0.01795982376,0.009628668509,-0.05414728377,0,-0.3788253304,214241,-5.806288245,0,38.24049447,-68,-31,0,0,0,0,15,0.06038059942,0.06038059942,0.05645978127,0.05327645035,0.04376846635,0.02514458017,-0.08262578656,0,-0.5806288245,214219,-7.905351533,0,57.87089268,-105,-60,-0,0,-0,19,58,0.1239992718,0.1239992718,0.11692707,0.1109892213,0.09318034348,0.0581647753,-0.1119248258,0,-0.7905351533,214186,-9.440532995,0,95.16390038,-170,-110,-25,-0,1,74,124,0.2526308909,0.2526308909,0.2403191618,0.2296041758,0.198262258,0.139136078,-0.1325017642,0,-0.9440532995,threatened_bid
by_side,5,214264,0.03830338721,0.02829426067,0.04998901881,0.007341410596,0.02112843681,0.04690096145,0.09846960921,0.4969642866,202753,2472.484619,879.6378784,5922.831055,0.04302169286,0.08755209768,0.1532670587,0.260353124,214206,-1.977874102,-1,53.13201811,-80,-60,-33,-1,29,55,75,0.4998272691,0.4996311961,0.4449968722,0.4036628292,0.2871348142,0.1186241282,-0.02379985013,-0.01372952156,-0.1977874102,214264,-1.39052524,0,11.11125059,0,0,-0,-0,0,-0,-0,0.003981070082,0.003976402942,0.003458350446,0.00318298921,0.002263562708,0.0008774222455,-0.01978867574,0,-0.139052524,214261,-2.679276677,0,20.87808286,-22,0,0,0,0,0,0,0.01738533844,0.01737600403,0.0159338377,0.01485104615,0.01161667312,0.005628649171,-0.03796414606,0,-0.2679276677,214260,-4.162671521,0,31.1589388,-48,-8,-0,-0,0,0,0,0.04281713806,0.04281247083,0.03967142724,0.03742649118,0.03012228134,0.01651264818,-0.05872257565,0,-0.4162671521,214259,-5.830847246,0,46.31636117,-79,-40,-0,0,-0,0,40,0.0931582804,0.09315361315,0.08703485034,0.08240493982,0.06782445545,0.04050704988,-0.08169275357,0,-0.5830847246,214243,-7.14958015,0,68.11665653,-120,-73,-0,0,-0,41,84,0.1779521385,0.1779474709,0.167496721,0.1593190909,0.1344874745,0.08714870498,-0.09930470685,0,-0.714958015,214182,-8.374676677,0,114.6445075,-197,-132,-39,-0,27,100,157,0.3237340206,0.3237293517,0.3080090764,0.2954356575,0.257075758,0.186318178,-0.114874529,0,-0.8374676677,threatened_bid
by_side,6,214265,0.06657156456,0.04998915563,0.08644504751,0.01314739362,0.03542425091,0.07329913796,0.1443626639,0.5269020992,207363,1977.533325,714.5877686,4770.278564,0.04915921088,0.1042798469,0.1821533751,0.3107547408,214248,0.2788544117,1,52.94849336,-81,-60,-32,1,32,58,79,0.5278275643,0.5276221948,0.4698947015,0.4288674807,0.3097858556,0.135450506,0.008138303759,0.01553168853,0.02788544117,214263,-1.395107881,0,11.70735004,0,0,-0,0,-0,-0,-0,0.007266770278,0.007262103116,0.006440682712,0.005903959153,0.004181776602,0.001792189972,-0.01977733262,0,-0.1395107881,214260,-2.337113787,0,21.61901021,-26,-0,-0,-0,0,0,0,0.02962288808,0.02961822085,0.02705124615,0.02542705125,0.0200410716,0.0103005694,-0.03285948794,0,-0.2337113787,214259,-3.239023798,0,33.33597852,-53,-11,-0,0,-0,0,21,0.06683966601,0.06683033151,0.06193905507,0.05848995841,0.047213886,0.02678533924,-0.0452180259,0,-0.3239023798,214259,-3.970666343,0,51.06940396,-87,-45,-0,0,-0,25,61,0.136045627,0.1360316253,0.1271451841,0.1207977261,0.1000564737,0.06164035116,-0.05487357181,0,-0.3970666343,214257,-4.083409177,0,76.94248482,-129,-79,0,0,0,63,106,0.2383586067,0.2383539394,0.2247347811,0.2151901688,0.182323098,0.1211955735,-0.05524004518,0,-0.4083409177,214213,-3.921622404,0,129.4036845,-213,-143,-44,0,42,124,189,0.3840663265,0.3840663265,0.3660608833,0.3529384304,0.30895884,0.2312091236,-0.05108143801,0,-0.3921622404,threatened_bid
by_side,7,214264,0.1165269007,0.08644507394,0.154144243,0.0237230706,0.06100941838,0.1180476148,0.21374965,0.5707073825,210565,1546.67981,558.4439087,3744.445312,0.05692976888,0.1275774519,0.225878718,0.3742882479,214257,2.973146735,5,54.34968405,-82,-61,-30,5,35,63,82,0.5701610682,0.5699183691,0.5070779484,0.4645262465,0.3395128281,0.1528444812,0.04562772087,0.07734412645,0.2973146735,214264,-1.245804241,0,12.73785672,0,0,-0,-0,0,-0,-0,0.0138940746,0.01388007318,0.0120552216,0.01091643953,0.007626106112,0.003257663443,-0.01761408887,0,-0.1245804241,214262,-1.665710672,0,24.21220124,-28,0,0,-0,-0,-0,1,0.05119433217,0.05118033062,0.04646647562,0.04336279882,0.03365039064,0.01767462266,-0.02326485318,0,-0.1665710672,214261,-1.576189787,0,37.96224604,-57,-14,0,0,0,4,43,0.1084051694,0.1083911678,0.09995752843,0.09423553517,0.07608477511,0.04419376368,-0.02150392848,0,-0.1576189787,214260,-0.7395850835,0,57.82139539,-92,-47,-0,-0,0,46,83,0.1993279194,0.1993232521,0.1870064408,0.177541305,0.1472276673,0.09421263885,-0.008921012122,0,-0.07395850835,214258,1.191187727,0,86.64220663,-140,-85,0,-0,23,85,131,0.3162355665,0.3162215647,0.2999747967,0.2873451633,0.245899803,0.1702666878,0.01940063616,0,0.1191187727,214225,2.593021356,0,145.44209,-230,-155,-48,0,62,150,220,0.4484070487,0.4484023807,0.4290162213,0.4148908858,0.3676181585,0.28260007,0.04053794641,0,0.2593021356,threatened_bid
by_side,8,214265,0.2183255474,0.1541443096,0.3075078925,0.05307937871,0.1204226601,0.2109419485,0.3374048438,0.6236882546,212789,1017.845459,362.35495,2526.496826,0.07846861815,0.1840223651,0.316072212,0.4918484222,214252,6.795966899,10,56.05022041,-82,-59,-26,10,39,66,86,0.6232100517,0.6230606949,0.5534044023,0.5077058791,0.3760805033,0.1730252226,0.09871457846,0.153011439,0.6795966899,214264,-0.9465892544,0,16.20935799,0,0,-0,-0,0,-0,-0,0.03232460889,0.0322779375,0.02731210096,0.02488052123,0.01759511631,0.007322742038,-0.01341448975,0,-0.09465892544,214262,-0.03988574736,0,30.3400272,-33,0,0,-0,-0,1,36,0.1033174338,0.1032940979,0.09284894195,0.08661825242,0.06669871466,0.0349665363,-0.0002121364692,0,-0.003988574736,214258,1.947224841,0,46.96073614,-63,-18,0,-0,-0,40,71,0.1935890375,0.1935703684,0.1776783131,0.1676670183,0.1358175657,0.07982899122,0.02845514736,0,0.1947224841,214253,5.173806201,0,70.38317223,-102,-54,0,0,18,72,112,0.3085417707,0.3085184338,0.2885793898,0.2744372308,0.2305451966,0.1507423467,0.07476105045,0,0.5173806201,214242,8.517753288,0,103.5837335,-157,-95,0,-0,45,113,164,0.4226482202,0.4226435526,0.4009764659,0.3840003361,0.3324744915,0.2365875972,0.1227067901,0,0.8517753288,214237,10.74419451,3,173.7385775,-264,-175,-56,3,87,191,272,0.5153871647,0.5153778292,0.4956846857,0.4807059472,0.4338186214,0.3453745151,0.1544357441,0.04349575373,1.074419451,threatened_bid
by_side,9,214265,0.5613108324,0.307509711,0.9948274938,0.2813338623,0.4239423144,0.5332835507,0.6442856543,0.7329115048,213989,254.3759155,72.07347107,883.9296875,0.3356404452,0.4960726204,0.6373882809,0.7726023178,214264,14.78133051,19,81.02330758,-79,-52,-4,19,43,72,94,0.7326615764,0.7323348766,0.6528534892,0.5976645633,0.4379690475,0.2071649927,0.2115801041,0.2727431936,1.478133051,214265,7.292021562,0,45.53490624,-18,0,0,0,3,41,64,0.2706321611,0.2703474669,0.2442722797,0.2238489721,0.1630130913,0.07775885002,0.104664796,0,0.7292021562,214265,12.01998693,0,78.10538224,-57,-6,0,0,27,68,99,0.3857419551,0.3855552703,0.3548689707,0.3312813572,0.2607005344,0.1499358271,0.1722285711,0,1.201998693,214265,16.19004737,0,105.3792153,-96,-43,0,0,42,94,136,0.4762233683,0.4760740205,0.4446503162,0.4201479476,0.3449746809,0.2207640072,0.231676499,0,1.619004737,214259,20.02146001,9,144.2306796,-151,-81,-0,9,62,130,187,0.5479163069,0.5477949584,0.5182466081,0.4956197873,0.4224606668,0.2970516991,0.2862246365,0.1243326617,2.002146001,214253,22.33035477,20,206.4217545,-224,-134,-22,20,86,179,258,0.5842298591,0.5841505136,0.5601741866,0.5405898634,0.4784950502,0.3674814355,0.3188824041,0.27985042,2.233035477,214253,21.8268239,27,330.0299118,-383,-237,-76,27,134,283,405,0.5800758916,0.5800385526,0.5643794953,0.5499712956,0.5079742174,0.4318165907,0.3104850432,0.3926917265,2.18268239,threatened_bid
